t,dt_ciclo,F,raw,eta_campione_ms,c,u,u_us_letto,azione,n_scartati
0.0200,20.00,-0.0016,94905,5.0,0.1878,3.755,1472,-0.7100,3
0.0400,20.00,-0.0006,94697,4.5,0.2903,5.805,1385,-0.4942,3
0.0600,20.00,-0.0016,94892,4.1,0.3997,7.995,1337,-0.2637,3
0.0800,20.00,-0.0014,94847,3.6,0.4973,9.946,1287,-0.0583,3
0.1000,20.00,-0.0035,95267,7.1,0.5476,10.952,1241,0.0476,3
0.1200,20.00,-0.0021,95001,6.6,0.5636,11.273,1218,0.0813,3
0.1400,20.00,-0.0018,94928,6.1,0.5720,11.440,1211,0.0989,3
0.1600,20.00,-0.0020,94971,5.6,0.5761,11.521,1207,0.1075,3
0.1800,20.00,-0.0014,94849,5.1,0.5737,11.474,1205,0.1026,3
0.2000,20.00,-0.0014,94853,4.7,0.5706,11.412,1206,0.0960,3
0.2200,20.00,-0.0021,95002,4.3,0.5714,11.429,1207,0.0978,3
0.2400,20.00,-0.0023,95037,3.8,0.5708,11.416,1207,0.0964,3
0.2600,20.00,-0.0019,94952,3.4,0.5626,11.251,1207,0.0791,3
0.2800,20.00,-0.0003,94634,2.9,0.5553,11.106,1211,0.0638,3
0.3000,20.00,1.5726,-219863,2.4,0.2939,5.878,1214,-0.4865,3
0.3200,20.00,1.4052,-186392,2.0,0.4586,9.172,1336,-0.1398,3
0.3400,20.00,0.7063,-46656,5.5,0.6696,13.393,1259,0.3045,3
0.3600,20.00,1.4825,-201843,5.0,0.2338,4.677,1161,-0.6130,3
0.3800,20.00,0.7844,-62265,4.5,0.5254,10.508,1363,0.0009,3
0.4000,20.00,1.5029,-205918,4.0,0.2503,5.007,1228,-0.5782,3
0.4200,20.00,0.9133,-88041,3.6,0.5257,10.513,1356,0.0014,3
0.4400,20.00,1.3269,-170742,3.1,0.4325,8.651,1228,-0.1946,3
0.4600,20.00,0.9531,-95992,2.6,0.5892,11.784,1271,0.1352,3
0.4800,20.00,1.2260,-150556,2.1,0.4829,9.657,1199,-0.0887,3
0.5000,20.00,1.0970,-124765,1.8,0.5349,10.699,1248,0.0209,3
0.5200,20.00,1.2015,-145659,1.3,0.4859,9.719,1224,-0.0822,3
0.5400,20.00,1.2441,-154172,4.7,0.4458,8.915,1246,-0.1668,3
0.5600,20.00,1.2222,-149793,4.3,0.4247,8.494,1265,-0.2111,3
0.5800,20.00,1.2659,-158537,3.8,0.3718,7.436,1275,-0.3226,3
0.6000,19.99,1.1728,-139914,3.3,0.3916,7.832,1299,-0.2809,3
0.6200,20.00,1.2361,-152573,2.8,0.3558,7.115,1290,-0.3563,3
0.6400,20.00,1.1262,-130603,2.4,0.4113,8.225,1307,-0.2394,3
0.6600,20.00,1.1441,-134176,1.9,0.4118,8.236,1281,-0.2383,3
0.6800,20.01,1.0757,-120513,1.5,0.4615,9.229,1281,-0.1338,3
0.7000,20.00,1.1360,-132564,1.0,0.4406,8.813,1258,-0.1776,3
0.7200,20.00,1.0778,-120934,0.6,0.4742,9.485,1268,-0.1069,3
0.7400,20.00,1.1666,-138687,0.1,0.4379,8.758,1252,-0.1834,3
0.7600,20.00,1.1025,-125876,3.6,0.4647,9.293,1269,-0.1270,3
0.7800,20.00,1.1720,-139761,3.1,0.4335,8.670,1256,-0.1926,3
0.8000,20.00,1.1195,-129268,2.6,0.4545,9.090,1271,-0.1485,3
0.8200,20.00,1.1810,-141566,2.1,0.4220,8.439,1261,-0.2169,3
0.8400,20.00,1.1496,-135281,1.7,0.4276,8.553,1276,-0.2050,3
0.8600,20.00,1.1595,-137265,1.2,0.4209,8.419,1274,-0.2191,3
0.8800,20.00,1.1417,-133707,0.7,0.4302,8.603,1277,-0.1996,3
0.9000,20.00,1.1389,-133151,0.3,0.4345,8.690,1272,-0.1905,3
0.9200,20.00,1.1246,-130278,12.0,0.4463,8.927,1270,-0.1656,3
0.9400,20.00,1.1264,-130639,11.6,0.4502,9.004,1265,-0.1575,3
0.9600,20.00,1.1279,-130947,11.1,0.4520,9.039,1263,-0.1537,3
0.9800,20.00,1.1253,-130416,2.4,0.4555,9.110,1262,-0.1463,3
1.0000,20.00,1.1708,-139517,1.9,0.4302,8.605,1261,-0.1995,3
1.0200,20.00,1.1396,-133289,1.4,0.4395,8.789,1272,-0.1801,3
1.0400,20.01,1.1833,-142014,1.0,0.4138,8.275,1268,-0.2342,3
1.0600,20.00,1.1515,-135669,0.5,0.4229,8.458,1280,-0.2150,3
1.0800,20.00,1.1176,-128892,0.1,0.4473,8.945,1276,-0.1637,3
1.1000,20.00,1.1231,-129979,11.8,0.4523,9.045,1264,-0.1531,3
1.1200,20.00,1.1243,-130228,11.3,0.4546,9.093,1262,-0.1481,3
1.1400,20.00,1.1246,-130292,10.9,0.4570,9.140,1261,-0.1431,3
1.1600,20.00,1.1506,-135486,10.4,0.4432,8.864,1260,-0.1722,3
1.1800,20.00,1.1571,-136780,9.9,0.4337,8.675,1266,-0.1921,3
1.2000,20.00,1.1605,-137455,1.2,0.4269,8.539,1271,-0.2064,3
1.2200,20.00,1.1597,-137297,0.8,0.4238,8.476,1274,-0.2131,3
1.2400,20.01,1.1599,-137338,0.3,0.4211,8.422,1275,-0.2187,3
1.2600,19.99,1.1425,-133873,8.1,0.4309,8.619,1277,-0.1980,3
1.2800,20.00,1.1357,-132503,7.6,0.4384,8.767,1272,-0.1824,3
1.3000,20.00,1.1208,-129517,7.1,0.4519,9.038,1269,-0.1539,3
1.3200,20.00,1.1103,-127435,10.7,0.4627,9.255,1262,-0.1311,3
1.3400,20.00,1.1227,-129911,10.1,0.4608,9.216,1257,-0.1351,3
1.3600,20.00,1.1380,-132965,9.7,0.4542,9.085,1258,-0.1490,3
1.3800,20.00,1.1692,-139203,9.2,0.4341,8.683,1261,-0.1913,3
1.4000,20.00,1.1731,-139982,8.7,0.4209,8.418,1271,-0.2192,3
1.4200,20.00,1.2007,-145511,0.1,0.3981,7.963,1277,-0.2671,3
1.4400,20.00,1.1501,-135388,7.8,0.4184,8.368,1287,-0.2245,3
1.4600,20.00,1.1445,-134257,7.4,0.4260,8.521,1278,-0.2083,3
1.4800,20.00,1.1218,-129733,6.9,0.4445,8.889,1274,-0.1695,3
1.5000,20.00,1.1284,-131048,6.5,0.4476,8.953,1266,-0.1629,3
1.5200,20.00,1.1040,-126158,6.1,0.4652,9.304,1264,-0.1259,3
1.5400,20.00,1.1388,-133116,9.5,0.4515,9.029,1256,-0.1548,3
1.5600,20.00,1.1277,-130904,9.0,0.4575,9.150,1263,-0.1421,3
1.5800,20.00,1.1830,-141957,8.6,0.4271,8.542,1260,-0.2061,3
1.6000,19.99,1.1678,-138914,8.1,0.4211,8.423,1274,-0.2187,3
1.6200,20.00,1.1819,-141749,7.6,0.4087,8.173,1277,-0.2449,3
1.6400,20.00,1.1479,-134947,7.1,0.4237,8.474,1282,-0.2132,3
1.6600,20.00,1.1491,-135187,6.7,0.4262,8.524,1275,-0.2080,3
1.6800,20.00,1.1038,-126135,6.2,0.4583,9.167,1274,-0.1403,3
1.7000,20.00,1.1335,-132064,5.8,0.4500,9.000,1259,-0.1579,3
1.7200,20.00,1.1212,-129600,5.3,0.4584,9.167,1263,-0.1403,3
1.7400,20.00,1.1529,-135953,4.9,0.4423,8.847,1259,-0.1740,3
1.7600,20.00,1.1771,-140773,8.3,0.4224,8.449,1267,-0.2159,3
1.7800,20.00,1.1847,-142301,7.9,0.4088,8.176,1276,-0.2446,3
1.8000,20.00,1.1619,-137735,7.4,0.4155,8.311,1282,-0.2304,3
1.8200,20.00,1.1562,-136602,6.9,0.4190,8.381,1279,-0.2231,3
1.8400,20.00,1.1367,-132699,6.4,0.4327,8.654,1278,-0.1943,3
1.8600,20.00,1.1498,-135324,6.0,0.4286,8.572,1271,-0.2030,3
1.8800,20.00,1.1333,-132023,5.5,0.4398,8.795,1273,-0.1795,3
1.9000,20.00,1.1481,-134981,5.1,0.4340,8.679,1268,-0.1917,3
1.9200,20.00,1.1406,-133486,4.6,0.4384,8.768,1271,-0.1823,3
1.9400,20.00,1.1451,-134394,4.1,0.4370,8.741,1269,-0.1852,3
1.9600,20.00,1.1719,-139746,3.7,0.4200,8.400,1269,-0.2210,3
1.9800,20.00,1.1700,-139353,7.1,0.4140,8.280,1277,-0.2337,3
2.0000,20.01,1.1757,-140506,6.7,0.4066,8.133,1280,-0.2492,3
2.0200,19.99,1.1471,-134792,6.2,0.4215,8.430,1283,-0.2179,3
2.0400,20.00,1.1429,-133940,5.7,0.4282,8.564,1276,-0.2038,3
2.0600,20.00,1.1374,-132840,5.3,0.4350,8.700,1273,-0.1894,3
2.0800,20.00,1.1118,-127717,4.8,0.4563,9.126,1270,-0.1447,3
2.1000,20.00,1.1526,-135889,4.3,0.4379,8.758,1260,-0.1834,3
2.1200,20.00,1.1217,-129701,3.9,0.4544,9.088,1269,-0.1487,3
2.1400,20.00,1.1917,-143709,3.4,0.4179,8.359,1261,-0.2254,3
2.1600,20.00,1.1703,-139426,3.0,0.4141,8.282,1278,-0.2335,3
2.1800,20.00,1.2196,-149281,2.6,0.3821,7.641,1280,-0.3009,3
2.2000,20.00,1.1660,-138555,6.0,0.3979,7.958,1295,-0.2676,3
2.2200,20.00,1.1935,-144062,5.5,0.3838,7.676,1287,-0.2973,3
2.2400,20.01,1.1259,-130536,5.1,0.4221,8.442,1294,-0.2167,3
2.2600,19.99,1.1471,-134779,4.6,0.4197,8.393,1276,-0.2218,3
2.2800,20.00,1.0977,-124914,4.1,0.4558,9.116,1277,-0.1456,3
2.3000,20.00,1.1438,-134128,3.6,0.4386,8.771,1260,-0.1820,3
2.3200,20.00,1.1055,-126469,3.1,0.4616,9.233,1269,-0.1334,3
2.3400,20.00,1.1600,-137360,2.7,0.4370,8.739,1258,-0.1853,3
2.3600,20.00,1.1527,-135913,2.3,0.4331,8.662,1269,-0.1935,3
2.3800,20.00,1.1851,-142377,1.9,0.4118,8.236,1271,-0.2384,3
2.4000,20.00,1.1782,-141009,1.4,0.4047,8.093,1281,-0.2533,3
2.4200,19.99,1.1986,-145077,4.8,0.3877,7.754,1284,-0.2890,3
2.4400,20.01,1.1418,-133717,4.4,0.4161,8.323,1292,-0.2292,3
2.4600,20.00,1.1493,-135232,3.9,0.4183,8.365,1279,-0.2247,3
2.4800,19.99,1.0959,-124549,3.4,0.4571,9.143,1278,-0.1429,3
2.5000,20.00,1.1344,-132240,2.9,0.4457,8.914,1260,-0.1669,3
2.5200,20.00,1.1357,-132510,2.4,0.4449,8.899,1265,-0.1686,3
2.5400,20.00,1.1647,-138305,2.0,0.4269,8.539,1266,-0.2065,3
2.5600,20.00,1.1519,-135746,1.6,0.4289,8.578,1274,-0.2023,3
2.5800,20.00,1.1635,-138072,1.1,0.4204,8.408,1273,-0.2202,3
2.6000,20.00,1.1457,-134496,0.6,0.4292,8.584,1277,-0.2017,3
2.6200,20.00,1.1796,-141284,0.1,0.4103,8.206,1273,-0.2414,3
2.6400,20.00,1.1853,-142413,3.7,0.3980,7.959,1282,-0.2674,3
2.6600,20.00,1.1908,-143529,3.2,0.3872,7.744,1287,-0.2901,3
2.6800,20.00,1.1090,-127169,2.7,0.4357,8.714,1292,-0.1880,3
2.7000,20.00,1.1604,-137451,2.2,0.4178,8.355,1270,-0.2258,3
2.7200,20.00,1.1014,-125654,1.7,0.4541,9.082,1278,-0.1493,3
2.7400,20.00,1.1896,-143289,1.3,0.4134,8.268,1261,-0.2349,3
2.7600,20.00,1.0991,-125192,0.8,0.4561,9.122,1280,-0.1450,3
2.7800,20.00,1.2080,-146964,0.4,0.4057,8.114,1260,-0.2511,3
2.8000,20.00,1.1485,-135065,12.1,0.4201,8.402,1284,-0.2208,3
2.8200,20.00,1.1627,-137894,11.6,0.4137,8.275,1277,-0.2342,3
2.8400,20.00,1.1244,-130250,11.1,0.4375,8.750,1280,-0.1842,3
2.8600,20.00,1.1661,-138587,2.5,0.4183,8.366,1269,-0.2247,3
2.8800,20.00,1.1049,-126337,2.0,0.4539,9.077,1278,-0.1497,3
2.9000,20.00,1.1409,-133554,1.6,0.4418,8.837,1261,-0.1751,3
2.9200,20.00,1.1220,-129761,1.1,0.4538,9.076,1267,-0.1499,3
2.9400,20.00,1.1503,-135415,0.6,0.4392,8.783,1261,-0.1807,3
2.9600,20.00,1.1497,-135304,0.1,0.4359,8.717,1268,-0.1877,3
2.9800,20.00,1.1544,-136252,11.9,0.4309,8.619,1270,-0.1981,3
3.0000,20.00,1.2024,-145848,11.4,0.4007,8.013,1272,-0.2618,3
3.0200,20.00,1.1660,-138556,11.0,0.4077,8.154,1286,-0.2469,3
3.0400,20.00,1.1509,-135543,10.5,0.4176,8.352,1283,-0.2261,3
3.0600,20.00,1.1357,-132500,10.0,0.4304,8.609,1278,-0.1991,3
3.0800,20.00,1.1376,-132880,1.3,0.4342,8.684,1272,-0.1911,3
3.1000,20.00,1.1208,-129517,0.9,0.4487,8.973,1271,-0.1607,3
3.1200,20.00,1.1374,-132848,0.4,0.4437,8.874,1264,-0.1711,3
3.1400,20.00,1.1166,-128694,8.1,0.4580,9.160,1266,-0.1410,3
3.1600,20.00,1.1528,-135927,7.8,0.4402,8.804,1259,-0.1785,3
3.1800,20.00,1.1830,-141960,7.3,0.4166,8.333,1268,-0.2281,3
3.2000,20.00,1.1563,-136621,10.7,0.4226,8.453,1279,-0.2155,3
3.2200,20.00,1.1713,-139630,10.3,0.4125,8.250,1276,-0.2368,3
3.2400,20.00,1.1421,-133786,9.8,0.4275,8.550,1281,-0.2053,3
3.2600,20.00,1.1804,-141435,9.3,0.4080,8.160,1274,-0.2463,3
3.2800,20.00,1.1204,-129448,8.9,0.4390,8.781,1283,-0.1810,3
3.3000,20.00,1.1931,-143978,0.1,0.4054,8.108,1268,-0.2518,3
3.3200,20.00,1.1302,-131399,7.9,0.4310,8.619,1284,-0.1980,3
3.3400,20.00,1.1426,-133894,7.5,0.4306,8.613,1272,-0.1986,3
3.3600,20.00,1.1265,-130658,7.0,0.4433,8.866,1272,-0.1720,3
3.3800,20.00,1.1420,-133762,6.6,0.4382,8.763,1266,-0.1828,3
3.4000,20.00,1.1381,-132982,6.1,0.4408,8.817,1269,-0.1772,3
3.4200,20.00,1.1640,-138157,9.6,0.4250,8.500,1267,-0.2105,3
3.4400,20.00,1.1251,-130379,9.1,0.4460,8.921,1275,-0.1663,3
3.4600,20.00,1.1417,-133701,8.7,0.4413,8.825,1265,-0.1763,3
3.4800,20.00,1.1639,-138153,8.1,0.4260,8.520,1267,-0.2084,3
3.5000,20.00,1.1476,-134891,7.7,0.4314,8.629,1274,-0.1970,3
3.5200,20.00,1.1804,-141451,7.1,0.4120,8.239,1272,-0.2380,3
3.5400,20.00,1.1409,-133554,6.7,0.4289,8.578,1281,-0.2023,3
3.5600,20.00,1.1330,-131964,6.3,0.4389,8.779,1273,-0.1812,3
3.5800,20.00,1.1155,-128463,5.8,0.4554,9.108,1268,-0.1465,3
3.6000,20.00,1.1419,-133744,5.4,0.4444,8.889,1261,-0.1696,3
3.6200,20.00,1.1254,-130454,5.0,0.4543,9.087,1266,-0.1487,3
3.6400,20.00,1.1885,-143071,8.4,0.4199,8.397,1261,-0.2213,3
3.6600,20.00,1.1626,-137886,8.0,0.4200,8.401,1277,-0.2210,3
3.6800,20.00,1.1820,-141759,7.5,0.4063,8.125,1277,-0.2500,3
3.7000,20.00,1.1173,-128821,7.0,0.4421,8.842,1283,-0.1745,3
3.7200,19.99,1.1573,-136825,6.5,0.4266,8.532,1267,-0.2072,3
3.7400,20.00,1.1415,-133664,6.0,0.4335,8.670,1274,-0.1926,3
3.7600,20.01,1.1287,-131097,5.6,0.4449,8.897,1271,-0.1687,3
3.7800,19.99,1.1354,-132453,5.1,0.4450,8.901,1266,-0.1683,3
3.8000,20.00,1.1361,-132587,4.7,0.4461,8.923,1266,-0.1660,3
3.8200,20.00,1.1397,-133298,4.2,0.4450,8.900,1265,-0.1684,3
3.8400,20.00,1.1282,-131003,3.8,0.4533,9.066,1266,-0.1509,3
3.8600,20.00,1.1408,-133528,7.3,0.4479,8.959,1262,-0.1623,3
3.8800,20.00,1.1434,-134053,6.8,0.4452,8.903,1264,-0.1681,3
3.9000,20.00,1.1453,-134417,6.3,0.4430,8.861,1266,-0.1726,3
3.9200,20.00,1.1529,-135948,5.8,0.4367,8.734,1266,-0.1859,3
3.9400,20.00,1.1758,-140520,5.3,0.4199,8.398,1269,-0.2212,3
3.9600,20.00,1.1351,-132378,4.9,0.4392,8.783,1277,-0.1807,3
3.9800,20.00,1.1483,-135033,4.4,0.4352,8.704,1268,-0.1891,3
4.0000,20.00,1.1261,-130583,4.0,0.4499,8.998,1270,-0.1581,3
4.0200,20.00,1.1591,-137178,3.5,0.4334,8.668,1263,-0.1928,3
4.0400,20.00,1.1209,-129555,3.1,0.4542,9.083,1271,-0.1491,3
4.0600,20.00,1.1832,-142002,2.6,0.4229,8.457,1261,-0.2150,3
4.0800,20.00,1.1341,-132185,6.1,0.4411,8.821,1276,-0.1767,3
4.1000,20.00,1.1618,-137721,5.6,0.4276,8.552,1267,-0.2050,3
4.1200,20.00,1.1301,-131380,5.1,0.4447,8.894,1274,-0.1690,3
4.1400,20.00,1.1581,-136980,4.7,0.4313,8.626,1266,-0.1972,3
4.1600,20.00,1.1364,-132644,4.1,0.4421,8.842,1272,-0.1746,3
4.1800,20.00,1.1765,-140667,3.7,0.4204,8.409,1267,-0.2201,3
4.2000,20.00,1.1187,-129100,3.3,0.4498,8.996,1277,-0.1583,3
4.2200,20.00,1.1661,-138577,2.8,0.4286,8.572,1263,-0.2030,3
4.2400,20.00,1.1337,-132103,2.4,0.4427,8.854,1273,-0.1732,3
4.2600,20.00,1.1862,-142607,1.9,0.4156,8.311,1267,-0.2304,3
4.2800,20.00,1.1236,-130076,1.5,0.4440,8.880,1279,-0.1706,3
4.3000,20.00,1.1420,-133772,4.9,0.4403,8.806,1266,-0.1783,3
4.3200,20.00,1.1322,-131813,4.4,0.4475,8.950,1268,-0.1631,3
4.3400,20.00,1.1400,-133363,4.0,0.4455,8.911,1264,-0.1673,3
4.3600,20.00,1.1272,-130813,3.5,0.4548,9.096,1265,-0.1477,3
4.3800,20.00,1.1438,-134125,3.0,0.4472,8.945,1261,-0.1637,3
4.4000,20.00,1.1467,-134706,2.5,0.4437,8.874,1265,-0.1712,3
4.4200,20.00,1.1676,-138887,2.1,0.4290,8.580,1266,-0.2021,3
4.4400,20.00,1.1455,-134465,1.7,0.4373,8.746,1273,-0.1846,3
4.4600,19.99,1.1490,-135169,1.2,0.4364,8.728,1269,-0.1865,3
4.4800,20.00,1.1836,-142076,0.8,0.4157,8.313,1269,-0.2302,3
4.5000,20.00,1.1682,-139009,0.3,0.4149,8.298,1279,-0.2318,3
4.5200,20.00,1.1962,-144611,3.8,0.3963,7.927,1279,-0.2709,3
4.5400,20.00,1.1486,-135090,3.3,0.4173,8.346,1288,-0.2267,3
4.5600,20.00,1.1526,-135884,2.8,0.4195,8.390,1278,-0.2221,3
4.5800,20.00,1.1237,-130110,2.3,0.4405,8.810,1277,-0.1779,3
4.6000,20.00,1.1573,-136820,1.8,0.4265,8.530,1268,-0.2074,3
4.6200,20.00,1.1287,-131104,1.4,0.4428,8.855,1274,-0.1731,3
4.6400,20.00,1.1487,-135111,0.9,0.4350,8.700,1266,-0.1894,3
4.6600,20.00,1.1458,-134519,0.5,0.4360,8.719,1270,-0.1875,3
4.6800,20.00,1.1363,-132618,0.0,0.4432,8.863,1270,-0.1723,3
4.7000,20.00,1.1542,-136200,11.7,0.4336,8.671,1266,-0.1925,3
4.7200,20.00,1.0952,-124406,11.3,0.4702,9.404,1271,-0.1154,3
4.7400,20.00,1.1489,-135136,2.6,0.4484,8.969,1254,-0.1612,3
4.7600,20.00,1.1515,-135673,2.1,0.4414,8.829,1264,-0.1759,3
4.7800,20.00,1.1495,-135268,1.7,0.4402,8.804,1267,-0.1786,3
4.8000,20.00,1.1390,-133164,1.1,0.4463,8.927,1268,-0.1656,3
4.8200,20.00,1.1586,-137079,0.7,0.4348,8.696,1265,-0.1899,3
4.8400,20.00,1.1524,-135849,0.2,0.4346,8.693,1270,-0.1902,3
4.8600,20.00,1.1514,-135639,12.0,0.4344,8.689,1270,-0.1907,3
4.8800,20.00,1.1727,-139897,11.5,0.4206,8.412,1270,-0.2198,3
4.9000,20.00,1.1679,-138935,11.0,0.4172,8.343,1277,-0.2270,3
4.9200,20.00,1.1478,-134917,10.6,0.4278,8.556,1279,-0.2047,3
4.9400,20.00,1.1696,-139286,10.1,0.4165,8.331,1273,-0.2283,3
4.9600,20.00,1.1873,-142828,1.4,0.4019,8.038,1279,-0.2591,3
4.9800,20.00,1.2024,-145832,0.9,0.3851,7.702,1285,-0.2945,3
5.0000,20.00,1.1944,-144251,0.5,0.3783,7.567,1293,-0.3087,3
5.0200,20.01,1.1659,-138536,0.0,0.3933,7.866,1296,-0.2773,3
5.0400,20.00,1.1649,-138337,7.8,0.3980,7.960,1289,-0.2674,3
5.0600,20.00,1.1319,-131740,7.4,0.4220,8.440,1287,-0.2168,3
5.0800,20.00,1.1436,-134082,10.8,0.4228,8.455,1276,-0.2152,3
5.1000,20.00,1.1158,-128531,10.4,0.4447,8.894,1276,-0.1691,3
5.1200,20.01,1.1306,-131488,9.9,0.4445,8.889,1266,-0.1695,3
5.1400,20.00,1.1170,-128757,9.4,0.4567,9.134,1266,-0.1438,3
5.1600,20.00,1.1277,-130901,8.9,0.4550,9.101,1260,-0.1473,3
5.1800,20.00,1.1553,-136433,0.3,0.4393,8.786,1261,-0.1804,3
5.2000,20.00,1.1437,-134103,8.0,0.4421,8.841,1268,-0.1746,3
5.2200,20.00,1.2037,-146101,7.6,0.4077,8.153,1267,-0.2470,3
5.2400,19.99,1.1863,-142615,7.1,0.3995,7.990,1283,-0.2643,3
5.2600,20.00,1.1519,-135743,6.7,0.4167,8.334,1287,-0.2280,3
5.2800,20.00,1.1556,-136475,6.1,0.4176,8.352,1279,-0.2261,3
5.3000,20.00,1.1198,-129316,9.7,0.4424,8.848,1278,-0.1739,3
5.3200,20.00,1.1253,-130420,9.1,0.4483,8.966,1267,-0.1615,3
5.3400,20.00,1.1462,-134594,8.7,0.4384,8.768,1264,-0.1823,3
5.3600,20.00,1.1266,-130694,8.2,0.4505,9.010,1269,-0.1568,3
5.3800,20.00,1.1467,-134698,7.8,0.4414,8.827,1263,-0.1761,3
5.4000,20.00,1.1473,-134816,7.3,0.4390,8.780,1267,-0.1810,3
5.4200,20.00,1.1344,-132246,6.8,0.4471,8.942,1268,-0.1640,3
5.4400,20.00,1.1831,-141984,6.4,0.4200,8.400,1265,-0.2210,3
5.4600,20.00,1.1434,-134036,6.0,0.4334,8.668,1277,-0.1929,3
5.4800,20.00,1.1762,-140593,5.5,0.4158,8.317,1271,-0.2298,3
5.5000,20.00,1.0784,-121047,5.1,0.4731,9.462,1279,-0.1093,3
5.5200,20.00,1.1789,-141133,8.5,0.4313,8.625,1253,-0.1973,3
5.5400,20.00,1.0761,-120581,8.0,0.4813,9.626,1272,-0.0920,3
5.5600,20.00,1.1863,-142624,7.6,0.4343,8.686,1249,-0.1909,3
5.5800,20.00,1.0915,-123673,7.1,0.4747,9.494,1270,-0.1059,3
5.6000,20.00,1.2116,-147674,6.6,0.4200,8.399,1252,-0.2211,3
5.6200,20.00,1.1508,-135527,6.1,0.4302,8.605,1277,-0.1995,3
5.6400,20.00,1.1617,-137694,5.7,0.4240,8.481,1272,-0.2125,3
5.6600,20.00,1.1200,-129373,5.2,0.4500,8.999,1275,-0.1580,3
5.6800,20.00,1.1708,-139524,4.8,0.4263,8.526,1263,-0.2078,3
5.7000,20.00,1.1337,-132109,4.3,0.4419,8.838,1274,-0.1750,3
5.7200,20.00,1.2050,-146363,3.9,0.4054,8.107,1267,-0.2519,3
5.7400,20.00,1.1377,-132910,7.3,0.4296,8.593,1284,-0.2008,3
5.7600,20.00,1.1702,-139399,6.9,0.4156,8.311,1273,-0.2304,3
5.7800,20.00,1.1327,-131908,6.4,0.4352,8.704,1279,-0.1891,3
5.8000,20.00,1.1273,-130828,5.9,0.4457,8.914,1270,-0.1669,3
5.8200,20.00,1.1498,-135314,5.4,0.4355,8.709,1265,-0.1885,3
5.8400,20.00,1.0984,-125050,5.0,0.4674,9.349,1270,-0.1212,3
5.8600,20.00,1.1877,-142902,4.5,0.4268,8.536,1255,-0.2068,3
5.8800,20.00,1.1351,-132389,4.1,0.4427,8.854,1274,-0.1732,3
5.9000,20.00,1.2205,-149458,3.6,0.3980,7.960,1267,-0.2673,3
5.9200,19.99,1.1306,-131494,3.1,0.4320,8.641,1287,-0.1957,3
5.9400,20.00,1.1809,-141549,2.7,0.4108,8.216,1272,-0.2404,3
5.9600,20.00,1.1373,-132821,6.1,0.4297,8.594,1281,-0.2007,3
5.9800,19.99,1.1589,-137140,5.7,0.4210,8.421,1273,-0.2189,3
6.0000,20.00,1.1128,-127928,5.2,0.4507,9.014,1277,-0.1565,3
6.0200,20.01,1.1456,-134480,4.8,0.4390,8.781,1263,-0.1810,3
6.0400,19.99,1.1052,-126406,4.3,0.4639,9.278,1268,-0.1286,3
6.0600,20.00,1.1321,-131790,3.8,0.4556,9.113,1257,-0.1460,3
6.0800,20.00,1.1485,-135058,3.4,0.4458,8.915,1261,-0.1668,3
6.1000,20.00,1.1321,-131775,2.9,0.4543,9.085,1265,-0.1489,3
6.1200,20.00,1.2046,-146280,2.5,0.4143,8.287,1261,-0.2330,3
6.1400,20.00,1.1253,-130428,2.0,0.4453,8.907,1280,-0.1677,3
6.1600,20.00,1.1935,-144066,1.5,0.4132,8.265,1265,-0.2353,3
6.1800,20.00,1.1016,-125681,5.0,0.4581,9.161,1280,-0.1409,3
6.2000,20.00,1.1805,-141462,4.5,0.4243,8.487,1259,-0.2119,3
6.2200,20.00,1.0885,-123059,4.1,0.4712,9.423,1275,-0.1133,3
6.2400,20.00,1.1839,-142150,3.6,0.4297,8.594,1253,-0.2006,3
6.2600,20.00,1.1384,-133035,3.1,0.4415,8.830,1273,-0.1758,3
6.2800,20.00,1.1873,-142831,2.6,0.4156,8.312,1267,-0.2303,3
6.3000,20.00,1.1500,-135367,2.1,0.4268,8.536,1279,-0.2068,3
6.3200,20.00,1.1828,-141920,1.7,0.4097,8.194,1274,-0.2427,3
6.3400,20.00,1.1489,-135136,1.3,0.4231,8.461,1282,-0.2146,3
6.3600,20.01,1.1387,-133101,0.9,0.4332,8.663,1276,-0.1933,3
6.3800,19.99,1.1493,-135228,0.4,0.4300,8.600,1271,-0.2000,3
6.4000,20.00,1.1308,-131534,3.8,0.4429,8.858,1272,-0.1729,3
6.4200,20.00,1.1458,-134526,3.3,0.4377,8.754,1266,-0.1838,3
6.4400,20.01,1.1436,-134086,2.9,0.4389,8.778,1269,-0.1812,3
6.4600,19.99,1.1404,-133437,2.4,0.4420,8.841,1268,-0.1746,3
6.4800,20.00,1.1448,-134325,1.9,0.4405,8.809,1267,-0.1780,3
6.5000,20.00,1.1407,-133502,1.5,0.4433,8.867,1268,-0.1719,3
6.5200,20.02,1.1481,-134979,1.0,0.4394,8.788,1266,-0.1802,3
6.5400,19.98,1.1532,-136002,0.6,0.4348,8.696,1268,-0.1899,3
6.5600,20.00,1.1153,-128419,0.1,0.4591,9.181,1270,-0.1388,3
6.5800,20.00,1.1318,-131720,11.8,0.4554,9.108,1259,-0.1465,3
6.6000,20.00,1.1705,-139468,11.3,0.4331,8.663,1261,-0.1934,3
6.6200,20.00,1.2065,-146662,2.7,0.4040,8.081,1271,-0.2546,3
6.6400,20.00,1.1403,-133426,2.2,0.4300,8.599,1285,-0.2001,3
6.6600,20.00,1.1684,-139044,1.7,0.4181,8.362,1272,-0.2250,3
6.6800,20.00,1.1379,-132947,1.3,0.4338,8.676,1278,-0.1920,3
6.7000,20.00,1.1476,-134877,0.8,0.4323,8.646,1271,-0.1952,3
6.7200,20.00,1.1025,-125871,0.3,0.4634,9.267,1271,-0.1298,3
6.7400,20.00,1.1294,-131251,12.1,0.4561,9.122,1257,-0.1450,3
6.7600,20.00,1.1291,-131190,11.6,0.4576,9.153,1260,-0.1418,3
6.7800,20.00,1.1573,-136830,11.1,0.4423,8.847,1260,-0.1740,3
6.8000,20.00,1.1577,-136895,10.7,0.4358,8.716,1267,-0.1877,3
6.8200,20.00,1.1609,-137550,10.1,0.4303,8.606,1270,-0.1994,3
6.8400,20.00,1.1540,-136170,1.5,0.4319,8.639,1272,-0.1959,3
6.8600,20.00,1.1557,-136496,1.1,0.4302,8.604,1272,-0.1996,3
6.8800,20.00,1.1726,-139885,0.6,0.4187,8.374,1272,-0.2238,3
6.9000,20.00,1.1250,-130375,0.1,0.4449,8.898,1278,-0.1687,3
6.9200,20.00,1.1688,-139117,7.9,0.4255,8.510,1266,-0.2095,3
6.9400,20.00,1.1198,-129326,7.5,0.4511,9.022,1275,-0.1556,3
6.9600,20.00,1.1686,-139087,10.9,0.4289,8.578,1263,-0.2023,3
6.9800,20.00,1.1108,-127527,10.4,0.4591,9.182,1273,-0.1387,3
7.0000,20.00,1.1868,-142714,10.0,0.4240,8.480,1259,-0.2126,3
7.0200,20.00,1.1575,-136869,9.5,0.4261,8.523,1275,-0.2081,3
7.0400,20.00,1.1836,-142089,9.0,0.4106,8.213,1274,-0.2408,3
7.0600,20.00,1.1200,-129374,0.4,0.4439,8.878,1282,-0.1707,3
7.0800,20.00,1.1531,-135990,8.1,0.4324,8.648,1266,-0.1949,3
7.1000,20.00,1.1268,-130731,7.7,0.4482,8.965,1271,-0.1616,3
7.1200,20.00,1.1839,-142136,7.1,0.4200,8.399,1264,-0.2211,3
7.1400,20.00,1.1266,-130679,6.8,0.4445,8.890,1277,-0.1695,3
7.1600,20.00,1.1526,-135886,6.3,0.4345,8.690,1266,-0.1906,3
7.1800,20.00,1.1121,-127776,9.8,0.4601,9.202,1270,-0.1366,3
7.2000,20.00,1.1535,-136063,9.3,0.4426,8.853,1259,-0.1734,3
7.2200,20.00,1.1311,-131593,8.8,0.4526,9.052,1267,-0.1525,3
7.2400,20.00,1.1331,-131985,8.3,0.4544,9.088,1262,-0.1486,3
7.2600,20.00,1.1316,-131675,7.9,0.4568,9.135,1261,-0.1437,3
7.2800,20.00,1.1450,-134373,7.4,0.4500,9.000,1260,-0.1579,3
7.3000,20.00,1.1346,-132280,6.9,0.4552,9.105,1263,-0.1469,3
7.3200,20.00,1.1420,-133756,6.5,0.4520,9.040,1261,-0.1537,3
7.3400,20.00,1.1594,-137250,6.0,0.4401,8.801,1262,-0.1788,3
7.3600,20.00,1.1204,-129448,5.6,0.4613,9.226,1268,-0.1341,3
7.3800,20.00,1.1615,-137670,5.1,0.4422,8.844,1258,-0.1744,3
7.4000,20.00,1.1211,-129590,8.6,0.4615,9.230,1267,-0.1337,3
7.4200,20.00,1.1454,-134436,8.1,0.4510,9.020,1258,-0.1558,3
7.4400,20.00,1.1285,-131071,7.6,0.4600,9.201,1263,-0.1367,3
7.4600,20.00,1.1420,-133768,6.8,0.4540,9.079,1259,-0.1496,3
7.4800,20.00,1.1192,-129202,6.7,0.4677,9.354,1261,-0.1207,3
7.5000,20.00,1.1775,-140870,6.2,0.4392,8.783,1255,-0.1807,3
7.5200,20.00,1.1133,-128018,5.8,0.4679,9.358,1268,-0.1202,3
7.5400,20.00,1.1620,-137759,5.3,0.4457,8.914,1255,-0.1670,3
7.5600,20.00,1.1163,-128624,4.9,0.4677,9.354,1265,-0.1207,3
7.5800,20.00,1.1570,-136765,4.4,0.4487,8.974,1255,-0.1607,3
7.6000,20.00,1.1305,-131459,4.0,0.4605,9.210,1264,-0.1358,3
7.6200,20.00,1.1308,-131520,7.4,0.4625,9.250,1258,-0.1316,3
7.6400,20.00,1.1475,-134857,7.0,0.4532,9.063,1257,-0.1512,3
7.6600,20.00,1.1372,-132804,6.5,0.4584,9.168,1262,-0.1403,3
7.6800,20.00,1.1402,-133412,6.0,0.4570,9.141,1259,-0.1431,3
7.7000,20.00,1.1443,-134226,5.5,0.4543,9.086,1260,-0.1489,3
7.7200,20.00,1.1506,-135488,5.0,0.4492,8.983,1261,-0.1596,3
7.7400,20.00,1.1901,-143384,4.6,0.4252,8.504,1264,-0.2101,3
7.7600,20.00,1.1555,-136472,4.1,0.4331,8.663,1275,-0.1934,3
7.7800,20.00,1.1849,-142340,3.7,0.4180,8.360,1271,-0.2253,3
7.8000,20.00,1.1453,-134434,3.3,0.4338,8.676,1278,-0.1920,3
7.8200,20.00,1.1704,-139434,2.8,0.4229,8.457,1271,-0.2150,3
7.8400,20.00,1.1273,-130820,6.3,0.4461,8.921,1276,-0.1662,3
7.8600,20.00,1.1592,-137202,5.8,0.4338,8.677,1265,-0.1919,3
7.8800,20.00,1.1105,-127468,5.3,0.4644,9.289,1271,-0.1275,3
7.9000,20.00,1.1575,-136854,4.8,0.4444,8.889,1256,-0.1696,3
7.9200,20.00,1.1222,-129805,4.4,0.4620,9.239,1266,-0.1327,3
7.9400,20.00,1.1698,-139319,3.8,0.4388,8.777,1258,-0.1814,3
7.9600,20.00,1.1629,-137951,3.4,0.4330,8.660,1268,-0.1937,3
7.9800,20.00,1.1931,-143985,3.0,0.4138,8.277,1271,-0.2340,3
8.0000,20.00,1.1335,-132067,2.5,0.4403,8.805,1280,-0.1784,3
8.0200,20.00,1.1303,-131430,2.1,0.4501,9.003,1268,-0.1576,3
8.0400,20.00,1.1286,-131075,1.6,0.4564,9.129,1263,-0.1443,3
8.0600,20.00,1.1265,-130674,5.1,0.4615,9.229,1260,-0.1338,3
8.0800,20.00,1.1684,-139043,4.6,0.4402,8.803,1258,-0.1786,3
8.1000,20.00,1.1277,-130912,4.1,0.4589,9.178,1268,-0.1391,3
8.1200,20.00,1.2169,-148734,3.7,0.4138,8.277,1259,-0.2340,3
8.1400,20.00,1.1445,-134262,3.1,0.4346,8.692,1280,-0.1903,3
8.1600,20.00,1.1775,-140866,2.7,0.4204,8.408,1270,-0.2202,3
8.1800,20.00,1.1135,-128073,2.3,0.4558,9.116,1277,-0.1457,3
8.2000,20.00,1.1315,-131673,1.9,0.4541,9.082,1260,-0.1493,3
8.2200,19.99,1.1161,-128578,1.4,0.4672,9.344,1261,-0.1217,3
8.2400,20.00,1.1501,-135390,0.9,0.4513,9.026,1255,-0.1552,3
8.2600,20.00,1.1271,-130787,0.5,0.4633,9.266,1263,-0.1299,3
8.2800,20.00,1.2126,-147871,3.9,0.4192,8.384,1257,-0.2228,3
8.3000,20.00,1.1550,-136358,3.5,0.4313,8.626,1278,-0.1973,3
8.3200,20.00,1.1949,-144345,3.0,0.4107,8.213,1272,-0.2407,3
8.3400,20.00,1.1668,-138714,2.5,0.4159,8.318,1282,-0.2297,3
8.3600,20.00,1.1751,-140390,2.0,0.4113,8.226,1279,-0.2394,3
8.3800,20.00,1.0956,-124484,1.5,0.4626,9.253,1281,-0.1313,3
8.4000,20.00,1.1411,-133586,1.1,0.4485,8.969,1257,-0.1611,3
8.4200,20.00,1.1138,-128122,0.7,0.4658,9.317,1264,-0.1246,3
8.4400,20.00,1.1360,-132573,0.1,0.4569,9.139,1256,-0.1433,3
8.4600,20.00,1.1663,-138615,11.9,0.4400,8.800,1260,-0.1789,3
8.4800,20.00,1.1182,-129010,11.4,0.4651,9.301,1268,-0.1262,3
8.5000,20.00,1.1403,-133425,2.8,0.4560,9.120,1256,-0.1452,3
8.5200,20.00,1.1474,-134845,2.3,0.4512,9.023,1260,-0.1554,3
8.5400,20.00,1.1572,-136803,1.8,0.4436,8.871,1263,-0.1715,3
8.5600,20.00,1.1372,-132814,1.3,0.4542,9.084,1266,-0.1490,3
8.5800,20.00,1.1493,-135224,0.8,0.4481,8.962,1261,-0.1618,3
8.6000,20.00,1.1496,-135280,0.4,0.4460,8.920,1264,-0.1663,3
8.6200,20.00,1.1754,-140448,12.1,0.4305,8.609,1265,-0.1990,3
8.6400,20.00,1.1762,-140610,11.7,0.4228,8.457,1272,-0.2151,3
8.6600,20.00,1.1737,-140098,11.2,0.4192,8.383,1276,-0.2228,3
8.6800,20.00,1.1514,-135651,10.7,0.4297,8.594,1278,-0.2007,3
8.7000,20.00,1.1413,-133634,10.2,0.4387,8.774,1273,-0.1817,3
8.7200,20.00,1.0997,-125307,1.6,0.4724,9.447,1269,-0.1108,3
8.7400,20.00,1.1894,-143250,1.1,0.4313,8.626,1253,-0.1972,3
8.7600,20.00,1.1187,-129107,0.6,0.4594,9.189,1272,-0.1380,3
8.7800,20.00,1.1866,-142675,0.1,0.4278,8.556,1259,-0.2047,3
8.8000,20.00,1.2202,-149402,8.0,0.3955,7.910,1273,-0.2726,3
8.8200,20.00,1.1605,-137466,7.6,0.4137,8.274,1288,-0.2343,3
8.8400,20.00,1.1849,-142344,11.0,0.4032,8.064,1280,-0.2564,3
8.8600,20.00,1.1355,-132461,10.6,0.4300,8.601,1285,-0.1999,3
8.8800,20.00,1.1335,-132072,10.1,0.4393,8.785,1272,-0.1805,3
8.9000,20.00,1.1162,-128603,9.6,0.4568,9.137,1268,-0.1435,3
8.9200,20.00,1.1318,-131727,9.1,0.4541,9.081,1260,-0.1493,3
8.9400,20.00,1.1396,-133287,0.4,0.4514,9.028,1261,-0.1549,3
8.9600,20.00,1.1636,-138085,8.1,0.4372,8.743,1263,-0.1849,3
8.9800,20.00,1.1570,-136764,7.8,0.4350,8.700,1269,-0.1895,3
9.0000,20.00,1.2194,-149246,7.3,0.3994,7.989,1270,-0.2643,3
9.0200,20.00,1.1572,-136802,6.8,0.4184,8.368,1287,-0.2245,3
9.0400,20.00,1.1538,-136120,6.4,0.4242,8.483,1278,-0.2123,3
9.0600,20.00,1.1249,-130339,9.9,0.4450,8.900,1275,-0.1684,3
9.0800,20.00,1.1326,-131885,9.4,0.4482,8.965,1266,-0.1616,3
9.1000,20.00,1.1377,-132903,8.9,0.4483,8.966,1264,-0.1615,3
9.1200,20.00,1.1181,-128990,8.4,0.4631,9.261,1264,-0.1304,3
9.1400,20.00,1.1596,-137281,7.9,0.4439,8.879,1257,-0.1706,3
9.1600,20.00,1.1312,-131611,7.5,0.4561,9.122,1266,-0.1451,3
9.1800,20.00,1.1975,-144862,7.0,0.4215,8.430,1260,-0.2179,3
9.2000,20.00,1.1614,-137640,6.6,0.4260,8.520,1276,-0.2084,3
9.2200,20.00,1.1874,-142843,6.1,0.4109,8.219,1274,-0.2401,3
9.2400,20.00,1.1116,-127694,5.7,0.4522,9.043,1281,-0.1534,3
9.2600,20.00,1.1712,-139602,5.2,0.4282,8.564,1262,-0.2038,3
9.2800,20.00,1.1118,-127717,8.7,0.4593,9.186,1273,-0.1383,3
9.3000,20.00,1.1535,-136073,8.2,0.4427,8.854,1259,-0.1733,3
9.3200,20.00,1.1140,-128156,7.7,0.4647,9.295,1267,-0.1269,3
9.3400,20.00,1.1343,-132232,7.3,0.4577,9.153,1256,-0.1418,3
9.3600,20.00,1.1691,-139183,6.8,0.4383,8.766,1260,-0.1825,3
9.3800,20.00,1.1419,-133741,6.3,0.4470,8.941,1269,-0.1641,3
9.4000,20.00,1.2140,-148167,5.8,0.4090,8.180,1265,-0.2443,3
9.4200,20.00,1.1483,-135031,5.4,0.4294,8.588,1282,-0.2013,3
9.4400,20.00,1.1566,-136693,5.0,0.4276,8.552,1273,-0.2051,3
9.4600,20.00,1.1035,-126059,4.5,0.4650,9.300,1274,-0.1263,3
9.4800,20.00,1.1383,-133015,4.1,0.4525,9.051,1256,-0.1526,3
9.5000,20.00,1.1174,-128844,7.5,0.4660,9.320,1262,-0.1242,3
9.5200,20.00,1.1517,-135699,7.1,0.4500,9.001,1256,-0.1578,3
9.5400,20.00,1.1359,-132535,6.6,0.4565,9.130,1263,-0.1443,3
9.5600,20.00,1.1166,-128681,6.1,0.4703,9.407,1260,-0.1151,3
9.5800,20.00,1.1439,-134152,5.6,0.4572,9.143,1254,-0.1428,3
9.6000,20.00,1.1104,-127443,5.1,0.4776,9.552,1260,-0.0998,3
9.6200,20.00,1.1332,-132013,4.7,0.4681,9.362,1250,-0.1198,3
9.6400,20.00,1.1208,-129516,4.3,0.4767,9.533,1255,-0.1018,3
9.6600,20.00,1.1342,-132195,3.8,0.4706,9.411,1251,-0.1146,3
9.6800,20.00,1.1400,-133369,3.4,0.4661,9.322,1254,-0.1240,3
9.7000,20.00,1.1366,-132694,2.9,0.4669,9.338,1256,-0.1223,3
9.7200,20.00,1.1314,-131653,6.3,0.4701,9.402,1255,-0.1155,3
9.7400,20.00,1.1580,-136970,5.9,0.4549,9.099,1254,-0.1475,3
9.7600,20.00,1.1303,-131416,5.4,0.4676,9.352,1261,-0.1208,3
9.7800,20.00,1.1635,-138059,4.9,0.4496,8.993,1255,-0.1586,3
9.8000,20.00,1.1499,-135335,4.4,0.4516,9.032,1263,-0.1546,3
9.8200,20.00,1.1497,-135300,3.9,0.4508,9.016,1263,-0.1563,3
9.8400,20.00,1.1612,-137607,3.5,0.4425,8.850,1263,-0.1737,3
9.8600,20.00,1.1250,-130375,3.1,0.4642,9.284,1267,-0.1280,3
9.8800,20.00,1.1386,-133087,2.6,0.4597,9.194,1257,-0.1375,3
9.9000,20.00,1.1386,-133086,2.1,0.4606,9.211,1259,-0.1356,3
9.9200,20.00,1.1559,-136547,1.7,0.4509,9.018,1258,-0.1560,3
9.9400,20.00,1.1315,-131661,5.2,0.4639,9.278,1263,-0.1287,3
9.9600,20.00,1.1441,-134180,4.7,0.4583,9.166,1257,-0.1404,3
9.9800,20.00,1.1501,-135383,4.2,0.4541,9.082,1259,-0.1492,3
10.0000,20.00,1.1586,-137090,3.7,0.4472,8.943,1261,-0.1639,3
10.0200,20.00,1.1450,-134362,3.3,0.4529,9.058,1265,-0.1518,3
10.0400,19.99,1.1493,-135214,2.8,0.4510,9.021,1262,-0.1557,3
10.0600,20.00,1.1753,-140426,2.4,0.4350,8.700,1263,-0.1895,3
10.0800,20.00,1.1509,-135535,1.9,0.4421,8.841,1270,-0.1746,3
10.1000,20.00,1.1692,-139212,1.5,0.4324,8.648,1267,-0.1950,3
10.1200,20.00,1.1171,-128789,1.0,0.4647,9.295,1271,-0.1269,3
10.1400,20.00,1.1537,-136097,0.6,0.4493,8.986,1256,-0.1593,3
10.1600,20.00,1.1202,-129407,4.0,0.4686,9.373,1263,-0.1187,3
10.1800,20.00,1.1586,-137079,3.5,0.4503,9.007,1255,-0.1572,3
10.2000,20.00,1.1944,-144249,3.1,0.4257,8.513,1263,-0.2091,3
10.2200,20.00,1.1505,-135473,2.6,0.4386,8.772,1275,-0.1819,3
10.2400,20.00,1.1998,-145325,2.1,0.4141,8.282,1269,-0.2334,3
10.2600,20.00,1.1071,-126780,1.6,0.4629,9.258,1280,-0.1307,3
10.2800,20.00,1.1657,-138495,1.1,0.4394,8.788,1257,-0.1802,3
10.3000,20.00,1.1068,-126734,0.8,0.4725,9.449,1268,-0.1106,3
10.3200,20.00,1.1750,-140362,0.3,0.4412,8.823,1253,-0.1765,3
10.3400,20.00,1.1244,-130253,12.0,0.4630,9.261,1267,-0.1304,3
10.3600,20.00,1.1529,-135952,11.5,0.4504,9.009,1257,-0.1570,3
10.3800,20.00,1.1319,-131751,2.9,0.4618,9.236,1263,-0.1330,3
10.4000,20.01,1.1492,-135203,2.4,0.4538,9.076,1258,-0.1499,3
10.4200,20.00,1.1761,-140574,1.9,0.4362,8.724,1261,-0.1869,3
10.4400,20.00,1.1567,-136695,1.4,0.4386,8.771,1270,-0.1820,3
10.4600,20.00,1.1531,-135977,1.0,0.4406,8.812,1269,-0.1776,3
10.4800,20.00,1.1498,-135328,0.5,0.4432,8.864,1268,-0.1722,3
10.5000,20.00,1.1298,-131330,0.0,0.4592,9.183,1266,-0.1386,3
10.5200,20.00,1.1339,-132143,11.8,0.4607,9.213,1259,-0.1355,3
10.5400,20.00,1.1879,-142948,11.3,0.4322,8.643,1258,-0.1955,3
10.5600,20.00,1.1537,-136102,10.8,0.4385,8.770,1272,-0.1821,3
10.5800,20.00,1.2272,-150803,10.4,0.3995,7.990,1269,-0.2642,3
10.6000,20.00,1.1685,-139053,1.7,0.4123,8.246,1287,-0.2372,3
10.6200,20.00,1.1152,-128411,1.2,0.4519,9.038,1281,-0.1538,3
10.6400,20.00,1.1187,-129106,0.7,0.4620,9.240,1262,-0.1326,3
10.6600,20.00,1.1244,-130251,0.3,0.4644,9.288,1258,-0.1276,3
10.6800,20.00,1.1237,-130105,8.1,0.4688,9.377,1256,-0.1183,3
10.7000,20.00,1.1327,-131908,7.6,0.4663,9.326,1254,-0.1236,3
10.7200,20.00,1.1877,-142904,11.1,0.4367,8.734,1256,-0.1859,3
10.7400,20.00,1.1837,-142109,10.6,0.4255,8.509,1269,-0.2096,3
10.7600,20.00,1.1795,-141264,10.1,0.4202,8.404,1275,-0.2207,3
10.7800,20.00,1.1924,-143838,9.7,0.4081,8.162,1277,-0.2461,3
10.8000,20.00,1.1483,-135030,9.1,0.4285,8.570,1283,-0.2032,3
10.8200,20.00,1.1268,-130725,0.5,0.4480,8.960,1273,-0.1621,3
10.8400,20.00,1.1275,-130859,0.0,0.4561,9.121,1264,-0.1451,3
10.8600,20.00,1.1100,-127371,7.8,0.4732,9.464,1260,-0.1091,3
10.8800,20.00,1.1355,-132455,7.4,0.4630,9.259,1253,-0.1306,3
10.9000,20.00,1.1320,-131762,6.9,0.4657,9.314,1257,-0.1248,3
10.9200,20.00,1.1199,-129345,6.5,0.4752,9.504,1256,-0.1048,3
10.9400,20.00,1.1995,-145261,10.0,0.4351,8.703,1252,-0.1892,3
10.9600,20.00,1.1415,-133672,9.5,0.4518,9.036,1270,-0.1541,3
10.9800,20.00,1.2073,-146828,9.0,0.4183,8.366,1262,-0.2246,3
11.0000,20.00,1.1767,-140702,8.5,0.4176,8.352,1278,-0.2261,3
11.0200,20.00,1.1639,-138153,8.0,0.4225,8.450,1278,-0.2158,3
11.0400,20.00,1.1890,-143168,7.6,0.4090,8.180,1276,-0.2443,3
11.0600,20.00,1.0786,-121084,7.1,0.4750,9.501,1282,-0.1052,3
11.0800,20.00,1.1546,-136281,6.7,0.4475,8.951,1252,-0.1631,3
11.1000,20.00,1.0921,-123790,6.1,0.4834,9.669,1264,-0.0875,3
11.1200,20.00,1.1574,-136834,5.7,0.4534,9.068,1248,-0.1508,3
11.1400,20.00,1.1157,-128507,5.3,0.4744,9.488,1262,-0.1066,3
11.1600,20.00,1.1732,-139996,8.8,0.4457,8.913,1252,-0.1670,3
11.1800,20.00,1.1621,-137787,8.3,0.4409,8.818,1265,-0.1771,3
11.2000,20.00,1.2064,-146642,7.8,0.4141,8.282,1267,-0.2334,3
11.2200,20.00,1.1577,-136904,7.3,0.4281,8.562,1280,-0.2040,3
11.2400,20.00,1.1994,-145234,6.9,0.4070,8.140,1273,-0.2485,3
11.2600,20.00,1.1608,-137522,6.4,0.4188,8.376,1283,-0.2236,3
11.2800,20.00,1.1163,-128627,6.0,0.4518,9.037,1278,-0.1540,3
11.3000,20.00,1.1575,-136858,5.5,0.4368,8.735,1262,-0.1858,3
11.3200,20.00,1.0920,-123761,5.0,0.4784,9.567,1269,-0.0982,3
11.3400,20.00,1.1290,-131169,4.6,0.4657,9.314,1250,-0.1248,3
11.3600,20.00,1.0910,-123566,4.1,0.4916,9.833,1256,-0.0702,3
11.3800,20.00,1.1388,-133122,7.6,0.4713,9.425,1244,-0.1131,3
11.4000,20.00,1.1345,-132255,7.1,0.4709,9.417,1253,-0.1140,3
11.4200,20.00,1.1457,-134496,6.6,0.4638,9.276,1253,-0.1288,3
11.4400,20.00,1.1537,-136106,6.1,0.4569,9.138,1257,-0.1434,3
11.4600,20.00,1.1459,-134539,5.7,0.4588,9.176,1260,-0.1394,3
11.4800,20.00,1.1448,-134326,5.2,0.4588,9.175,1259,-0.1394,3
11.5000,20.00,1.1259,-130541,4.8,0.4709,9.418,1259,-0.1138,3
11.5200,20.00,1.1546,-136289,4.3,0.4565,9.130,1253,-0.1442,3
11.5400,20.00,1.1219,-129754,3.9,0.4738,9.475,1260,-0.1079,3
11.5600,20.00,1.1066,-126693,3.5,0.4878,9.757,1252,-0.0782,3
11.5800,20.00,1.1528,-135932,3.0,0.4657,9.313,1246,-0.1249,3
11.6000,20.00,1.1061,-126580,6.4,0.4889,9.778,1256,-0.0760,3
11.6200,20.00,1.1571,-136789,6.0,0.4657,9.314,1245,-0.1249,3
11.6400,20.00,1.1285,-131058,5.5,0.4765,9.531,1256,-0.1020,3
11.6600,20.00,1.1957,-144503,5.0,0.4409,8.818,1251,-0.1771,3
11.6800,20.00,1.1047,-126314,4.5,0.4818,9.635,1267,-0.0910,3
11.7000,20.00,1.1916,-143691,4.0,0.4418,8.836,1248,-0.1751,3
11.7200,20.00,1.0883,-123033,3.6,0.4886,9.771,1267,-0.0767,3
11.7400,20.00,1.1753,-140414,3.1,0.4520,9.041,1245,-0.1536,3
11.7600,20.00,1.0949,-124349,2.7,0.4893,9.787,1262,-0.0751,3
11.7800,20.00,1.1320,-131764,2.3,0.4787,9.575,1245,-0.0974,3
11.8000,20.00,1.1053,-126436,1.8,0.4936,9.872,1250,-0.0661,3
11.8200,20.00,1.1313,-131631,5.3,0.4859,9.719,1243,-0.0823,3
11.8400,20.00,1.1150,-128364,4.8,0.4945,9.891,1246,-0.0641,3
11.8600,20.00,1.1378,-132930,4.3,0.4856,9.712,1243,-0.0829,3
11.8800,20.00,1.1697,-139309,3.8,0.4652,9.304,1247,-0.1259,3
11.9000,20.00,1.1518,-135716,3.4,0.4664,9.329,1256,-0.1233,3
11.9200,20.00,1.2302,-151405,2.9,0.4216,8.432,1256,-0.2177,3
11.9400,20.00,1.1639,-138142,2.4,0.4366,8.732,1276,-0.1861,3
11.9600,20.00,1.1941,-144178,2.0,0.4204,8.408,1269,-0.2202,3
11.9800,20.00,1.1457,-134506,1.6,0.4420,8.840,1277,-0.1748,3
12.0000,20.00,1.1565,-136654,1.1,0.4404,8.807,1267,-0.1782,3
12.0200,20.00,1.1757,-140493,0.6,0.4300,8.601,1268,-0.1999,3
12.0400,20.00,1.1032,-126010,4.1,0.4743,9.486,1272,-0.1067,3
12.0600,20.00,1.1444,-134244,3.6,0.4602,9.205,1252,-0.1363,3
12.0800,20.00,1.1352,-132409,3.1,0.4650,9.300,1259,-0.1263,3
12.1000,20.00,1.1948,-144317,2.7,0.4337,8.674,1256,-0.1922,3
12.1200,20.00,1.1493,-135217,2.2,0.4467,8.935,1271,-0.1647,3
12.1400,20.00,1.1790,-141171,1.7,0.4325,8.650,1265,-0.1948,3
12.1600,20.00,1.1275,-130859,1.3,0.4599,9.197,1271,-0.1371,3
12.1800,20.01,1.1782,-140995,0.9,0.4367,8.735,1259,-0.1858,3
12.2000,20.00,1.1436,-134082,0.4,0.4489,8.977,1269,-0.1603,3
12.2200,20.00,1.1403,-133424,12.1,0.4553,9.105,1264,-0.1468,3
12.2400,20.00,1.1848,-142314,11.6,0.4325,8.650,1261,-0.1947,3
12.2600,20.00,1.1491,-135185,3.0,0.4436,8.871,1271,-0.1714,3
12.2800,20.00,1.1374,-132841,2.5,0.4550,9.100,1266,-0.1474,3
12.3000,20.00,1.1599,-137334,2.0,0.4451,8.903,1261,-0.1681,3
12.3200,20.00,1.1344,-132237,1.5,0.4594,9.189,1266,-0.1380,3
12.3400,20.00,1.1445,-134272,1.0,0.4572,9.144,1259,-0.1427,3
12.3600,20.00,1.0851,-122392,0.6,0.4926,9.851,1260,-0.0683,3
12.3800,20.00,1.1350,-132358,0.1,0.4764,9.529,1243,-0.1022,3
12.4000,20.00,1.1460,-134566,11.9,0.4686,9.373,1251,-0.1186,3
12.4200,20.00,1.1255,-130464,11.4,0.4790,9.579,1255,-0.0969,3
12.4400,20.00,1.1987,-145094,10.9,0.4411,8.822,1250,-0.1766,3
12.4600,20.00,1.1695,-139260,10.4,0.4415,8.830,1267,-0.1758,3
12.4800,20.00,1.1657,-138493,1.8,0.4406,8.811,1267,-0.1778,3
12.5000,20.00,1.1948,-144329,1.3,0.4221,8.443,1268,-0.2165,3
12.5200,20.00,1.1750,-140370,0.8,0.4225,8.450,1276,-0.2157,3
12.5400,20.00,1.1825,-141863,0.4,0.4165,8.331,1276,-0.2284,3
12.5600,20.00,1.1703,-139418,8.1,0.4194,8.388,1279,-0.2223,3
12.5800,20.00,1.1671,-138776,7.7,0.4216,8.432,1277,-0.2176,3
12.6000,20.01,1.1216,-129695,11.2,0.4534,9.068,1276,-0.1508,3
12.6200,20.00,1.1442,-134206,10.7,0.4483,8.966,1262,-0.1615,3
12.6400,20.00,1.1071,-126786,10.2,0.4762,9.524,1264,-0.1027,3
12.6600,20.00,1.1267,-130700,9.8,0.4711,9.421,1251,-0.1136,3
12.6800,20.00,1.1384,-133037,9.3,0.4664,9.328,1253,-0.1233,3
12.7000,20.00,1.1535,-136059,0.6,0.4578,9.157,1256,-0.1414,3
12.7200,20.00,1.1829,-141935,0.1,0.4377,8.753,1259,-0.1839,3
12.7400,20.00,1.1894,-143248,7.9,0.4245,8.491,1269,-0.2115,3
12.7600,20.00,1.1911,-143586,7.5,0.4145,8.291,1275,-0.2325,3
12.7800,20.00,1.1727,-139897,7.0,0.4180,8.361,1280,-0.2252,3
12.8000,20.00,1.1828,-141932,6.5,0.4120,8.240,1278,-0.2378,3
12.8200,20.00,1.1371,-132784,10.0,0.4377,8.754,1281,-0.1838,3
12.8400,20.00,1.1537,-136104,9.6,0.4343,8.685,1269,-0.1910,3
12.8600,20.00,1.1393,-133222,9.1,0.4445,8.890,1270,-0.1695,3
12.8800,20.00,1.1302,-131406,8.6,0.4563,9.126,1266,-0.1446,3
12.9000,20.00,1.1284,-131046,8.1,0.4626,9.252,1260,-0.1313,3
12.9200,20.00,1.1343,-132225,7.6,0.4624,9.248,1257,-0.1318,3
12.9400,19.99,1.1599,-137338,7.1,0.4493,8.986,1257,-0.1594,3
12.9600,20.00,1.1836,-142073,6.8,0.4311,8.621,1263,-0.1978,3
12.9800,20.00,1.1739,-140133,6.3,0.4274,8.548,1272,-0.2055,3
13.0000,20.00,1.1450,-134367,5.9,0.4417,8.834,1274,-0.1754,3
13.0200,20.00,1.1305,-131462,5.4,0.4565,9.130,1267,-0.1442,3
13.0400,20.00,1.1424,-133839,8.8,0.4538,9.076,1260,-0.1499,3
13.0600,20.00,1.1263,-130632,8.4,0.4657,9.315,1261,-0.1247,3
13.0800,20.00,1.1246,-130281,7.9,0.4709,9.417,1256,-0.1140,3
13.1000,20.00,1.1597,-137310,7.4,0.4530,9.060,1253,-0.1516,3
13.1200,20.00,1.1896,-143282,7.0,0.4307,8.615,1262,-0.1985,3
13.1400,20.00,1.1798,-141317,6.5,0.4248,8.497,1272,-0.2109,3
13.1600,20.00,1.2030,-145959,6.0,0.4065,8.130,1275,-0.2494,3
13.1800,20.00,1.1685,-139054,5.6,0.4153,8.307,1283,-0.2309,3
13.2000,20.00,1.1782,-140993,5.1,0.4116,8.232,1279,-0.2388,3
13.2200,20.00,1.1592,-137213,4.7,0.4203,8.407,1281,-0.2203,3
13.2400,20.00,1.1308,-131523,4.2,0.4416,8.831,1277,-0.1757,3
13.2600,20.00,1.1261,-130588,7.7,0.4537,9.073,1267,-0.1502,3
13.2800,20.00,1.1211,-129576,7.2,0.4639,9.277,1262,-0.1287,3
13.3000,20.00,1.1151,-128376,6.7,0.4733,9.467,1257,-0.1088,3
13.3200,20.00,1.1301,-131386,6.3,0.4683,9.366,1252,-0.1193,3
13.3400,20.00,1.1247,-130298,5.8,0.4734,9.468,1255,-0.1086,3
13.3600,20.00,1.1870,-142757,5.3,0.4410,8.820,1252,-0.1769,3
13.3800,20.00,1.1667,-138694,4.8,0.4372,8.744,1267,-0.1849,3
13.4000,20.00,1.2147,-148305,4.4,0.4080,8.160,1269,-0.2463,3
13.4200,20.00,1.1579,-136951,4.0,0.4255,8.509,1283,-0.2096,3
13.4400,20.00,1.1919,-143742,3.5,0.4095,8.189,1275,-0.2432,3
13.4600,20.00,1.1563,-136630,3.1,0.4226,8.452,1282,-0.2156,3
13.4800,20.00,1.1249,-130343,6.5,0.4468,8.936,1276,-0.1646,3
13.5000,20.00,1.1034,-126049,6.0,0.4725,9.449,1265,-0.1106,3
13.5200,20.00,1.1224,-129850,5.6,0.4683,9.365,1253,-0.1195,3
13.5400,20.00,1.1206,-129479,5.1,0.4728,9.456,1255,-0.1099,3
13.5600,20.00,1.1458,-134515,4.6,0.4606,9.211,1253,-0.1357,3
13.5800,20.00,1.0941,-124181,4.1,0.4910,9.820,1258,-0.0716,3
13.6000,20.00,1.1793,-141216,3.7,0.4507,9.015,1244,-0.1564,3
13.6200,20.00,1.1265,-130656,3.2,0.4706,9.411,1263,-0.1146,3
13.6400,20.00,1.1414,-133650,2.8,0.4645,9.290,1254,-0.1273,3
13.6600,20.00,1.1235,-130062,2.3,0.4754,9.507,1256,-0.1045,3
13.6800,20.00,1.1253,-130427,1.9,0.4771,9.542,1251,-0.1009,3
13.7000,20.00,1.1217,-129711,5.3,0.4819,9.637,1251,-0.0908,3
13.7200,20.00,1.1525,-135872,4.9,0.4658,9.316,1248,-0.1246,3
13.7400,20.00,1.1017,-125702,4.4,0.4918,9.836,1256,-0.0699,3
13.7600,20.00,1.1535,-136059,3.9,0.4698,9.395,1244,-0.1163,3
13.7800,20.00,1.0997,-125307,3.4,0.4953,9.905,1254,-0.0626,3
13.8000,20.00,1.1521,-135785,3.0,0.4738,9.476,1242,-0.1078,3
13.8200,20.00,1.1107,-127510,2.6,0.4918,9.836,1252,-0.0699,3
13.8400,20.00,1.1919,-143734,2.1,0.4519,9.037,1244,-0.1540,3
13.8600,20.00,1.1233,-130023,1.6,0.4774,9.548,1262,-0.1002,3
13.8800,20.00,1.2559,-156545,1.1,0.4120,8.240,1250,-0.2379,3
13.9000,20.00,1.1401,-133382,0.7,0.4473,8.946,1281,-0.1636,3
13.9200,20.00,1.1791,-141179,4.2,0.4311,8.622,1264,-0.1977,3
13.9400,20.00,1.1500,-135360,3.7,0.4409,8.819,1272,-0.1770,3
13.9600,20.00,1.1800,-141367,3.2,0.4274,8.548,1267,-0.2055,3
13.9800,20.00,1.1403,-133431,2.7,0.4453,8.906,1274,-0.1678,3
14.0000,20.00,1.1115,-127663,2.3,0.4725,9.451,1265,-0.1105,3
14.0200,20.00,1.1353,-132434,1.8,0.4648,9.295,1253,-0.1268,3
14.0400,20.00,1.1239,-130144,1.3,0.4733,9.467,1256,-0.1088,3
14.0600,20.00,1.1417,-133709,0.9,0.4663,9.327,1252,-0.1235,3
14.0800,20.00,1.0769,-120749,0.5,0.5011,10.023,1256,-0.0502,3
14.1000,20.01,1.1575,-136859,0.0,0.4710,9.420,1240,-0.1137,3
14.1200,19.99,1.1279,-130947,11.7,0.4800,9.599,1253,-0.0948,3
14.1400,20.00,1.1458,-134516,3.0,0.4718,9.436,1249,-0.1120,3
14.1600,20.00,1.1425,-133869,2.6,0.4714,9.427,1253,-0.1129,3
14.1800,20.00,1.1645,-138260,2.0,0.4588,9.175,1253,-0.1395,3
14.2000,20.00,1.1616,-137683,1.6,0.4554,9.108,1259,-0.1465,3
14.2200,20.00,1.1952,-144395,1.1,0.4326,8.652,1261,-0.1946,3
14.2400,20.00,1.1209,-129551,0.6,0.4697,9.393,1271,-0.1165,3
14.2600,20.00,1.1587,-137110,0.1,0.4540,9.079,1254,-0.1496,3
14.2800,20.00,1.1399,-133337,12.0,0.4616,9.233,1261,-0.1334,3
14.3000,20.00,1.1201,-129391,11.5,0.4766,9.533,1258,-0.1018,3
14.3200,20.00,1.1710,-139560,11.0,0.4522,9.044,1251,-0.1533,3
14.3400,20.00,1.0915,-123658,10.5,0.4903,9.807,1262,-0.0730,3
14.3600,19.99,1.1241,-130192,1.9,0.4845,9.690,1244,-0.0852,3
14.3800,20.00,1.1513,-135621,1.4,0.4706,9.412,1247,-0.1146,3
14.4000,20.00,1.0962,-124612,0.9,0.4964,9.927,1254,-0.0603,3
14.4200,20.00,1.1526,-135885,0.4,0.4764,9.527,1242,-0.1024,3
14.4400,20.00,1.1634,-138041,8.3,0.4646,9.293,1251,-0.1271,3
14.4600,20.00,1.1106,-127487,7.8,0.4879,9.757,1256,-0.0782,3
14.4800,20.00,1.2021,-145778,11.3,0.4457,8.915,1246,-0.1669,3
14.5000,20.00,1.1342,-132200,10.8,0.4698,9.396,1265,-0.1163,3
14.5200,20.00,1.1597,-137308,10.3,0.4597,9.193,1254,-0.1375,3
14.5400,20.00,1.1525,-135860,9.8,0.4606,9.213,1259,-0.1355,3
14.5600,20.00,1.1160,-128561,9.3,0.4808,9.616,1258,-0.0930,3
14.5800,20.00,1.1308,-131516,0.7,0.4792,9.585,1249,-0.0964,3
14.6000,20.00,1.1031,-125982,0.2,0.4941,9.881,1250,-0.0651,3
14.6200,20.00,1.1320,-131770,8.0,0.4875,9.749,1243,-0.0790,3
14.6400,20.00,1.0718,-119730,7.5,0.5114,10.228,1246,-0.0286,3
14.6600,20.00,1.1244,-130241,7.1,0.5023,10.047,1235,-0.0477,3
14.6800,20.00,1.1121,-127790,6.6,0.5060,10.121,1239,-0.0399,3
14.7000,20.00,1.1861,-142575,10.1,0.4736,9.473,1237,-0.1081,3
14.7200,20.00,1.1674,-138835,9.6,0.4688,9.375,1252,-0.1184,3
14.7400,20.00,1.2021,-145777,9.1,0.4458,8.916,1254,-0.1667,3
14.7600,20.00,1.2145,-148269,8.7,0.4231,8.463,1265,-0.2145,3
14.7800,20.01,1.1949,-144346,8.1,0.4193,8.386,1276,-0.2226,3
14.8000,19.99,1.1910,-143553,7.7,0.4156,8.312,1277,-0.2303,3
14.8200,20.00,1.1990,-145152,7.3,0.4058,8.116,1279,-0.2509,3
14.8400,20.00,1.1470,-134767,6.8,0.4339,8.678,1284,-0.1918,3
14.8600,20.00,1.1507,-135503,6.4,0.4401,8.803,1271,-0.1787,3
14.8800,20.00,1.1072,-126799,5.9,0.4740,9.479,1268,-0.1075,3
14.9000,20.00,1.1199,-129343,5.5,0.4770,9.539,1252,-0.1011,3
14.9200,20.00,1.0978,-124931,9.0,0.4921,9.842,1251,-0.0693,3
14.9400,20.00,1.1325,-131869,8.5,0.4831,9.662,1244,-0.0883,3
14.9600,20.00,1.1498,-135324,8.0,0.4735,9.471,1248,-0.1083,3
14.9800,20.00,1.1570,-136772,7.5,0.4672,9.343,1252,-0.1218,3
15.0000,20.00,1.1253,-130425,7.0,0.4807,9.614,1255,-0.0933,3
15.0200,20.00,1.1929,-143937,6.6,0.4491,8.982,1249,-0.1598,3
15.0400,20.00,1.1849,-142348,6.1,0.4408,8.817,1264,-0.1772,3
15.0600,20.00,1.1922,-143793,5.7,0.4291,8.582,1267,-0.2019,3
15.0800,20.00,1.1922,-143798,5.2,0.4201,8.402,1273,-0.2209,3
15.1000,20.00,1.1543,-136229,4.8,0.4373,8.747,1277,-0.1846,3
15.1200,20.00,1.1754,-140448,4.3,0.4302,8.605,1269,-0.1995,3
15.1400,20.00,1.1185,-129056,7.8,0.4659,9.317,1272,-0.1245,3
15.1600,20.00,1.1275,-130856,7.3,0.4693,9.385,1256,-0.1174,3
15.1800,20.00,1.0494,-115252,6.8,0.5091,10.182,1254,-0.0334,3
15.2000,20.00,1.1684,-139037,6.3,0.4699,9.399,1236,-0.1159,3
15.2200,20.00,1.1045,-126276,5.9,0.4928,9.855,1254,-0.0679,3
15.2400,20.00,1.1873,-142815,5.4,0.4577,9.153,1243,-0.1417,3
15.2600,20.00,1.0979,-124950,4.9,0.4928,9.856,1260,-0.0678,3
15.2800,20.00,1.1874,-142832,4.5,0.4567,9.135,1243,-0.1437,3
15.3000,20.00,1.1565,-136665,4.1,0.4621,9.242,1260,-0.1324,3
15.3200,20.00,1.1518,-135714,3.6,0.4641,9.283,1258,-0.1282,3
15.3400,20.00,1.1409,-133544,3.1,0.4698,9.397,1257,-0.1161,3
15.3600,20.00,1.1139,-128137,6.6,0.4851,9.703,1254,-0.0839,3
15.3800,20.00,1.1373,-132829,6.1,0.4801,9.601,1247,-0.0946,3
15.4000,20.00,1.1397,-133305,5.6,0.4785,9.569,1249,-0.0980,3
15.4200,20.00,1.1768,-140719,5.1,0.4586,9.173,1250,-0.1397,3
15.4400,19.99,1.1767,-140710,4.7,0.4510,9.021,1259,-0.1557,3
15.4600,20.00,1.1884,-143032,4.2,0.4385,8.770,1263,-0.1821,3
15.4800,20.00,1.1759,-140543,3.7,0.4376,8.752,1269,-0.1840,3
15.5000,20.00,1.1960,-144556,3.3,0.4218,8.436,1269,-0.2172,3
15.5200,20.00,1.1437,-134103,2.9,0.4462,8.925,1276,-0.1658,3
15.5400,20.00,1.2044,-146247,2.4,0.4176,8.352,1265,-0.2261,3
15.5600,20.00,1.0992,-125211,2.0,0.4732,9.464,1278,-0.1091,3
15.5800,20.00,1.1593,-137215,5.4,0.4524,9.049,1253,-0.1527,3
15.6000,20.00,1.0704,-119454,5.0,0.4971,9.941,1262,-0.0588,3
15.6200,20.00,1.1413,-133634,4.5,0.4773,9.546,1241,-0.1004,3
15.6400,20.00,1.0966,-124691,4.0,0.4969,9.939,1250,-0.0591,3
15.6600,20.00,1.1867,-142699,3.5,0.4590,9.179,1241,-0.1390,3
15.6800,20.00,1.1613,-137620,3.0,0.4606,9.213,1259,-0.1355,3
15.7000,20.00,1.2054,-146436,2.6,0.4337,8.673,1258,-0.1923,3
15.7200,20.00,1.1858,-142528,2.1,0.4295,8.589,1271,-0.2011,3
15.7400,20.00,1.2077,-146899,1.7,0.4104,8.207,1273,-0.2414,3
15.7600,20.00,1.1590,-137160,1.2,0.4294,8.588,1282,-0.2012,3
15.7800,20.00,1.2044,-146233,0.8,0.4078,8.155,1273,-0.2468,3
15.8000,20.00,1.1256,-130476,4.3,0.4500,9.001,1283,-0.1578,3
15.8200,20.00,1.1326,-131894,3.8,0.4563,9.127,1263,-0.1446,3
15.8400,20.00,1.0926,-123891,3.3,0.4859,9.718,1260,-0.0824,3
15.8600,20.00,1.0942,-124214,2.8,0.4947,9.893,1246,-0.0639,3
15.8800,20.00,1.1214,-129644,2.3,0.4889,9.779,1243,-0.0759,3
15.9000,20.00,1.0970,-124759,1.9,0.5007,10.013,1245,-0.0512,3
15.9200,20.00,1.1553,-136426,1.4,0.4803,9.606,1240,-0.0941,3
15.9400,20.00,1.0997,-125298,1.0,0.5007,10.015,1249,-0.0511,3
15.9600,19.99,1.1733,-140015,0.5,0.4720,9.441,1240,-0.1115,3
15.9800,20.00,1.1262,-130597,0.1,0.4850,9.700,1253,-0.0843,3
16.0000,20.00,1.1446,-134292,11.8,0.4800,9.600,1247,-0.0947,3
16.0200,20.00,1.1537,-136107,3.1,0.4732,9.464,1249,-0.1090,3
16.0400,20.00,1.1806,-141490,2.6,0.4559,9.118,1253,-0.1455,3
16.0600,20.00,1.1436,-134094,2.1,0.4678,9.355,1260,-0.1205,3
16.0800,20.00,1.1519,-135753,1.7,0.4663,9.325,1255,-0.1237,3
16.1000,20.00,1.1557,-136505,1.2,0.4631,9.262,1256,-0.1303,3
16.1200,20.00,1.1801,-141389,0.7,0.4485,8.969,1257,-0.1611,3
16.1400,20.00,1.1308,-131519,0.3,0.4703,9.406,1264,-0.1152,3
16.1600,20.00,1.1548,-136332,12.0,0.4621,9.242,1254,-0.1324,3
16.1800,20.00,1.1826,-141880,11.6,0.4451,8.903,1258,-0.1681,3
16.2000,20.00,1.1650,-138358,11.1,0.4465,8.930,1266,-0.1653,3
16.2200,20.00,1.1213,-129618,10.6,0.4730,9.459,1265,-0.1095,3
16.2400,20.00,1.1419,-133750,2.0,0.4690,9.380,1253,-0.1179,3
16.2600,20.00,1.1334,-132041,1.5,0.4738,9.476,1254,-0.1078,3
16.2800,20.00,1.0626,-117891,1.0,0.5079,10.158,1252,-0.0360,3
16.3000,20.00,1.0718,-119718,0.5,0.5149,10.298,1236,-0.0213,3
16.3200,20.00,1.1286,-131075,0.0,0.5043,10.086,1233,-0.0436,3
16.3400,20.00,1.1426,-133885,7.9,0.4976,9.952,1238,-0.0576,3
16.3600,20.00,1.1041,-126188,11.4,0.5071,10.142,1241,-0.0377,3
16.3800,20.00,1.1763,-140632,10.9,0.4810,9.619,1237,-0.0927,3
16.4000,20.00,1.2327,-151893,10.4,0.4388,8.776,1249,-0.1815,3
16.4200,20.00,1.2318,-151717,9.9,0.4125,8.251,1268,-0.2368,3
16.4400,20.00,1.1930,-143956,9.4,0.4172,8.344,1281,-0.2269,3
16.4600,20.00,1.1295,-131269,0.8,0.4582,9.163,1279,-0.1407,3
16.4800,20.00,1.1370,-132769,0.3,0.4640,9.280,1259,-0.1284,3
16.5000,20.00,1.1300,-131369,8.1,0.4720,9.440,1257,-0.1116,3
16.5200,20.00,1.1091,-127195,7.6,0.4861,9.722,1253,-0.0818,3
16.5400,20.00,1.0355,-112467,7.1,0.5196,10.392,1246,-0.0114,3
16.5600,20.00,0.9959,-104558,6.7,0.5600,11.199,1231,0.0736,3
16.5800,20.00,1.0544,-116249,10.2,0.5647,11.294,1212,0.0836,3
16.6000,20.00,1.1040,-126166,9.7,0.5532,11.063,1210,0.0593,3
16.6200,20.00,1.0842,-122213,9.3,0.5571,11.142,1215,0.0675,3
16.6400,20.00,1.1290,-131174,8.7,0.5423,10.846,1214,0.0364,3
16.6600,20.00,1.1408,-133532,8.3,0.5277,10.555,1220,0.0058,3
16.6800,20.00,1.1651,-138391,7.8,0.5102,10.204,1227,-0.0312,3
16.7000,20.00,1.2270,-150755,7.4,0.4657,9.314,1235,-0.1249,3
16.7200,20.00,1.2291,-151173,6.9,0.4418,8.837,1256,-0.1751,3
16.7400,20.00,1.2049,-146342,6.5,0.4368,8.736,1267,-0.1857,3
16.7600,20.00,1.1771,-140788,6.0,0.4458,8.915,1269,-0.1668,3
16.7800,20.00,1.1467,-134706,5.6,0.4622,9.243,1265,-0.1323,3
16.8000,20.00,1.1563,-136619,9.0,0.4641,9.282,1258,-0.1282,3
16.8200,20.00,1.1314,-131636,8.6,0.4755,9.510,1257,-0.1042,3
16.8400,20.00,1.0614,-117650,8.1,0.5090,10.180,1251,-0.0337,3
16.8600,20.00,1.0374,-112859,7.6,0.5280,10.560,1236,0.0064,3
16.8800,20.00,1.0450,-114372,7.1,0.5452,10.903,1227,0.0425,3
16.9000,20.00,1.0799,-121356,6.7,0.5485,10.971,1219,0.0495,3
16.9200,20.00,1.1527,-135896,6.1,0.5266,10.533,1217,0.0035,3
16.9400,20.00,1.1399,-133351,5.8,0.5173,10.346,1228,-0.0162,3
16.9600,20.00,1.1388,-133127,5.3,0.5116,10.232,1232,-0.0282,3
16.9800,20.00,1.1250,-130370,4.8,0.5110,10.220,1235,-0.0295,3
17.0000,20.00,1.1158,-128516,4.4,0.5129,10.258,1235,-0.0255,3
17.0200,20.00,1.1871,-142782,7.9,0.4929,9.857,1234,-0.0676,3
17.0400,20.00,1.1983,-145018,7.4,0.4744,9.489,1243,-0.1065,3
17.0600,20.00,1.1579,-136947,6.9,0.4813,9.625,1252,-0.0921,3
17.0800,20.00,1.1116,-127683,6.4,0.4982,9.964,1249,-0.0564,3
17.1000,20.00,1.1126,-127893,6.0,0.5020,10.039,1241,-0.0485,3
17.1200,20.01,1.1457,-134500,5.5,0.4967,9.933,1239,-0.0597,3
17.1400,20.00,1.0994,-125247,5.0,0.5084,10.167,1242,-0.0350,3
17.1600,20.00,1.0985,-125065,4.6,0.5144,10.287,1236,-0.0224,3
17.1800,20.00,1.1054,-126446,4.1,0.5173,10.345,1233,-0.0163,3
17.2000,20.00,1.0789,-121145,3.7,0.5321,10.642,1232,0.0150,3
17.2200,20.00,1.0765,-120671,3.2,0.5446,10.892,1225,0.0412,3
17.2400,20.00,1.1283,-131031,6.7,0.5344,10.688,1219,0.0198,3
17.2600,19.99,1.1344,-132253,6.2,0.5267,10.534,1224,0.0036,3
17.2800,20.00,1.1216,-129676,5.7,0.5250,10.500,1228,-0.0000,3
17.3000,20.00,1.1237,-130111,5.3,0.5233,10.466,1228,-0.0036,3
17.3200,20.00,1.0968,-124732,4.8,0.5316,10.632,1229,0.0138,3
17.3400,20.00,1.1401,-133385,4.3,0.5233,10.467,1225,-0.0035,3
17.3600,20.00,1.1711,-139576,3.9,0.5106,10.211,1229,-0.0304,3
17.3800,20.00,1.1465,-134668,3.4,0.5068,10.135,1235,-0.0384,3
17.4000,20.00,1.1301,-131385,3.0,0.5084,10.168,1237,-0.0349,3
17.4200,20.00,1.1283,-131021,2.5,0.5099,10.198,1236,-0.0318,3
17.4400,20.00,1.1233,-130034,2.1,0.5123,10.246,1235,-0.0267,3
17.4600,20.00,1.1073,-126832,5.5,0.5187,10.373,1234,-0.0133,3
17.4800,20.00,1.0890,-123173,5.0,0.5305,10.609,1231,0.0115,3
17.5000,20.01,1.1060,-126566,4.6,0.5315,10.630,1226,0.0137,3
17.5200,20.00,1.0644,-118254,4.1,0.5527,11.053,1225,0.0582,3
17.5400,20.00,1.0569,-116749,3.6,0.5718,11.437,1216,0.0986,3
17.5600,20.00,1.0687,-119104,3.1,0.5815,11.630,1207,0.1190,3
17.5800,20.00,1.0872,-122801,2.7,0.5827,11.654,1202,0.1215,3
17.6000,20.00,1.0917,-123709,2.2,0.5834,11.668,1202,0.1230,3
17.6200,20.01,1.1010,-125576,1.8,0.5812,11.625,1201,0.1184,3
17.6400,19.99,1.1232,-130005,1.3,0.5726,11.452,1202,0.1002,3
17.6600,20.00,1.1372,-132805,0.9,0.5599,11.197,1206,0.0734,3
17.6800,20.00,1.1443,-134228,4.4,0.5477,10.954,1212,0.0478,3
17.7000,20.00,1.1865,-142667,3.9,0.5305,10.611,1218,0.0116,3
17.7200,20.00,1.1472,-134809,3.4,0.5252,10.504,1226,0.0004,3
17.7400,20.00,1.1093,-127217,2.9,0.5307,10.615,1228,0.0121,3
17.7600,20.00,1.1019,-125756,2.4,0.5370,10.739,1226,0.0252,3
17.7800,20.00,1.0969,-124744,1.9,0.5438,10.877,1223,0.0396,3
17.8000,20.00,1.0639,-118139,1.5,0.5657,11.314,1220,0.0857,3
17.8200,20.00,1.0312,-111602,1.1,0.5941,11.882,1210,0.1455,3
17.8400,20.00,1.0320,-111760,0.6,0.6131,12.262,1196,0.1855,3
17.8600,20.01,1.0609,-117543,0.1,0.6189,12.379,1188,0.1978,3
17.8800,19.99,1.0733,-120024,11.9,0.6230,12.460,1185,0.2063,3
17.9000,20.00,1.0594,-117244,3.1,0.6293,12.585,1183,0.2195,3
17.9200,20.01,1.0967,-124699,2.7,0.6283,12.567,1180,0.2175,3
17.9400,20.00,1.2022,-145805,2.2,0.5901,11.802,1180,0.1370,3
17.9600,20.00,1.1786,-141075,1.7,0.5705,11.411,1198,0.0959,3
17.9800,20.00,1.1885,-143071,1.3,0.5527,11.055,1207,0.0584,3
18.0000,20.00,1.1759,-140540,0.8,0.5435,10.870,1216,0.0390,3
18.0200,20.00,1.1463,-134630,0.4,0.5427,10.853,1220,0.0372,3
18.0400,20.00,1.1092,-127206,12.1,0.5501,11.003,1220,0.0529,3
18.0600,20.00,1.0962,-124613,11.6,0.5602,11.203,1217,0.0740,3
18.0800,20.00,1.0447,-114315,11.1,0.5847,11.693,1212,0.1256,3
18.1000,20.00,1.0454,-114445,10.7,0.6004,12.009,1201,0.1588,3
18.1200,20.00,1.0552,-116399,2.0,0.6141,12.283,1193,0.1876,3
18.1400,20.00,1.0099,-107360,1.6,0.6433,12.865,1187,0.2490,3
18.1600,20.01,0.9720,-99763,1.1,0.6717,13.434,1173,0.3088,3
18.1800,19.99,1.0556,-116487,0.6,0.6752,13.503,1160,0.3161,3
18.2000,20.00,1.0967,-124709,0.1,0.6703,13.405,1159,0.3058,3
18.2200,20.00,1.0973,-124825,8.0,0.6658,13.317,1161,0.2965,3
18.2400,20.00,1.0820,-121769,11.4,0.6649,13.299,1163,0.2946,3
18.2600,20.00,1.1336,-132081,11.0,0.6523,13.046,1163,0.2680,3
18.2800,20.00,1.1474,-134852,10.5,0.6400,12.800,1169,0.2421,3
18.3000,20.00,1.1804,-141449,10.0,0.6179,12.358,1175,0.1956,3
18.3200,20.00,1.1531,-135974,9.5,0.6113,12.226,1185,0.1817,3
18.3400,20.00,1.1522,-135810,0.9,0.6058,12.115,1188,0.1700,3
18.3600,20.00,1.1714,-139638,0.4,0.5978,11.956,1191,0.1532,3
18.3800,20.00,1.1452,-134403,8.1,0.5957,11.915,1195,0.1489,3
18.4000,20.00,1.1068,-126728,7.7,0.5996,11.992,1196,0.1571,3
18.4200,20.00,1.0932,-124010,7.3,0.6074,12.148,1194,0.1735,3
18.4400,20.00,1.1031,-125989,6.8,0.6132,12.264,1190,0.1857,3
18.4600,20.00,1.0888,-123125,10.3,0.6209,12.418,1188,0.2019,3
18.4800,20.00,1.0621,-117790,9.8,0.6325,12.650,1184,0.2263,3
18.5000,20.00,1.0199,-109341,9.3,0.6521,13.043,1179,0.2677,3
18.5200,20.00,1.0541,-116195,8.8,0.6677,13.354,1169,0.3004,3
18.5400,20.00,1.1048,-126330,8.3,0.6691,13.382,1162,0.3034,3
18.5600,20.00,1.1410,-133558,8.0,0.6612,13.225,1162,0.2868,3
18.5800,20.00,1.1007,-125511,7.5,0.6589,13.178,1165,0.2819,3
18.6000,20.00,1.0783,-121022,7.0,0.6632,13.264,1166,0.2909,3
18.6200,20.00,1.0781,-120984,6.5,0.6689,13.377,1164,0.3029,3
18.6400,20.00,1.0868,-122720,6.1,0.6730,13.461,1162,0.3116,3
18.6600,20.00,1.0986,-125085,5.6,0.6745,13.491,1160,0.3148,3
18.6800,20.00,1.1103,-127429,9.1,0.6741,13.483,1159,0.3140,3
18.7000,20.00,1.1137,-128110,8.6,0.6731,13.461,1159,0.3117,3
18.7200,20.00,1.1141,-128180,8.1,0.6722,13.444,1160,0.3099,3
18.7400,20.00,1.1202,-129403,7.7,0.6714,13.428,1160,0.3083,3
18.7600,20.00,1.1071,-126779,7.2,0.6712,13.424,1160,0.3078,3
18.7800,20.00,1.1216,-129689,6.7,0.6717,13.434,1161,0.3089,3
18.8000,20.00,1.1360,-132565,6.2,0.6690,13.380,1160,0.3031,3
18.8200,20.00,1.1209,-129549,5.9,0.6691,13.382,1162,0.3034,3
18.8400,19.99,1.1218,-129719,5.4,0.6695,13.390,1162,0.3042,3
18.8600,20.00,1.1164,-128643,4.9,0.6703,13.406,1161,0.3059,3
18.8800,20.00,1.1322,-131796,4.5,0.6698,13.396,1161,0.3048,3
18.9000,20.00,1.1315,-131657,8.0,0.6691,13.382,1161,0.3034,3
18.9200,20.00,1.1032,-126002,7.5,0.6708,13.416,1162,0.3069,3
18.9400,20.00,1.0673,-118829,7.0,0.6775,13.550,1161,0.3210,3
18.9600,20.00,1.1157,-128497,6.5,0.6823,13.645,1158,0.3311,3
18.9800,20.00,1.1321,-131777,6.0,0.6814,13.628,1155,0.3293,3
19.0000,20.00,1.1277,-130909,5.6,0.6811,13.621,1156,0.3286,3
19.0200,20.00,1.1175,-128868,5.1,0.6823,13.645,1156,0.3311,3
19.0400,20.00,1.1564,-136649,4.7,0.6745,13.490,1155,0.3147,3
19.0600,20.00,1.1756,-140479,4.1,0.6639,13.279,1159,0.2925,3
19.0800,20.00,1.1957,-144511,3.8,0.6503,13.005,1164,0.2637,3
19.1000,20.00,1.1700,-139370,3.3,0.6486,12.972,1170,0.2602,3
19.1200,20.00,1.1605,-137459,6.8,0.6485,12.970,1171,0.2600,3
19.1400,20.00,1.1552,-136400,6.3,0.6490,12.979,1171,0.2610,3
19.1600,20.00,1.1167,-128709,5.8,0.6548,13.097,1171,0.2733,3
19.1800,20.00,1.0996,-125279,5.3,0.6614,13.227,1168,0.2871,3
19.2000,20.00,1.0721,-119789,4.9,0.6699,13.399,1165,0.3051,3
19.2200,20.00,1.0437,-114110,4.4,0.6825,13.649,1161,0.3315,3
19.2400,20.00,1.1014,-125646,3.9,0.6911,13.822,1155,0.3497,3
19.2600,20.00,1.1454,-134454,3.5,0.6889,13.779,1151,0.3451,3
19.2800,20.00,1.1091,-127185,3.1,0.6923,13.847,1152,0.3523,3
19.3000,20.00,1.1248,-130327,2.6,0.6921,13.843,1151,0.3519,3
19.3200,20.00,1.1285,-131056,2.1,0.6915,13.830,1151,0.3506,3
19.3400,20.00,1.1698,-139323,5.6,0.6800,13.599,1151,0.3262,3
19.3600,20.00,1.1899,-143343,5.1,0.6671,13.342,1156,0.2992,3
19.3800,20.00,1.1998,-145323,4.7,0.6560,13.121,1163,0.2759,3
19.4000,20.00,1.1495,-135270,4.1,0.6625,13.250,1168,0.2894,3
19.4200,20.00,1.1099,-127354,3.7,0.6698,13.396,1165,0.3048,3
19.4400,20.00,1.1052,-126400,3.2,0.6767,13.534,1161,0.3194,3
19.4600,20.00,1.1692,-139197,2.8,0.6706,13.413,1158,0.3066,3
19.4800,20.00,1.1510,-135568,2.3,0.6715,13.431,1161,0.3085,3
19.5000,20.00,1.1095,-127260,1.9,0.6778,13.555,1160,0.3216,3
19.5200,20.00,1.1125,-127857,1.5,0.6835,13.671,1157,0.3338,3
19.5400,20.00,1.1248,-130332,1.0,0.6865,13.729,1155,0.3399,3
19.5600,20.00,1.1409,-133549,4.4,0.6855,13.711,1153,0.3380,3
19.5800,20.00,1.1670,-138768,4.0,0.6767,13.534,1154,0.3194,3
19.6000,20.00,1.1592,-137206,3.5,0.6746,13.492,1158,0.3149,3
19.6200,20.00,1.1443,-134218,3.0,0.6766,13.533,1159,0.3192,3
19.6400,20.00,1.1615,-137655,2.5,0.6720,13.440,1158,0.3095,3
19.6600,20.00,1.1657,-138496,2.1,0.6679,13.358,1160,0.3009,3
19.6800,20.00,1.1720,-139758,1.6,0.6630,13.261,1162,0.2906,3
19.7000,20.00,1.1581,-136985,1.1,0.6637,13.275,1164,0.2921,3
19.7200,20.00,1.1501,-135383,0.7,0.6658,13.316,1164,0.2964,3
19.7400,20.00,1.1526,-135892,0.2,0.6659,13.318,1163,0.2966,3
19.7600,20.00,1.1612,-137607,12.0,0.6634,13.268,1163,0.2914,3
19.7800,20.00,1.1631,-137984,3.3,0.6613,13.227,1164,0.2870,3
19.8000,20.00,1.1473,-134816,2.8,0.6647,13.294,1165,0.2941,3
19.8200,20.00,1.1215,-129666,2.3,0.6713,13.425,1164,0.3079,3
19.8400,20.00,1.1381,-132979,1.8,0.6741,13.481,1160,0.3138,3
19.8600,20.00,1.1410,-133567,1.4,0.6751,13.503,1159,0.3161,3
19.8800,20.00,1.1551,-136387,0.9,0.6719,13.438,1159,0.3093,3
19.9000,20.00,1.1754,-140444,0.4,0.6640,13.281,1160,0.2927,3
19.9200,20.00,1.1611,-137576,12.2,0.6636,13.272,1164,0.2918,3
19.9400,20.00,1.1377,-132897,11.7,0.6692,13.384,1164,0.3036,3
19.9600,20.00,1.1492,-135207,11.3,0.6690,13.380,1162,0.3032,3
19.9800,20.00,1.1492,-135196,10.8,0.6692,13.384,1162,0.3035,3
20.0000,20.00,1.1288,-131124,2.1,0.6741,13.482,1162,0.3139,3
20.0200,20.00,1.1232,-129996,1.7,0.6784,13.567,1159,0.3229,3
20.0400,20.00,1.1188,-129124,1.1,0.6825,13.650,1157,0.3316,3
20.0600,20.00,1.1133,-128022,0.7,0.6869,13.738,1155,0.3408,3
20.0800,20.00,1.1234,-130041,0.2,0.6893,13.786,1153,0.3459,3
20.1000,20.00,1.1423,-133817,8.1,0.6879,13.757,1152,0.3429,3
20.1200,20.00,1.1736,-140086,11.5,0.6771,13.542,1153,0.3203,3
20.1400,20.00,1.1627,-137894,11.0,0.6750,13.501,1158,0.3159,3
20.1600,20.00,1.1469,-134736,10.6,0.6772,13.544,1159,0.3204,3
20.1800,20.01,1.1438,-134115,10.1,0.6785,13.569,1158,0.3231,3
20.2000,20.00,1.1391,-133184,9.6,0.6803,13.607,1157,0.3270,3
20.2200,20.00,1.2068,-146729,1.0,0.6620,13.239,1156,0.2884,3
20.2400,20.00,1.1859,-142541,0.5,0.6566,13.132,1165,0.2770,3
20.2600,20.01,1.1683,-139032,0.0,0.6571,13.142,1167,0.2782,3
20.2800,19.98,1.1320,-131767,7.8,0.6662,13.325,1167,0.2974,3
20.3000,20.00,1.1363,-132626,7.3,0.6707,13.414,1163,0.3068,3
20.3200,20.00,1.1545,-136260,6.9,0.6687,13.374,1161,0.3025,3
20.3400,20.00,1.1497,-135305,10.4,0.6695,13.390,1162,0.3042,3
20.3600,20.00,1.1673,-138832,9.9,0.6646,13.292,1161,0.2939,3
20.3800,20.00,1.0833,-122037,9.4,0.6724,13.447,1164,0.3103,3
20.4000,20.00,1.0325,-111867,8.9,0.6859,13.717,1160,0.3387,3
20.4200,20.00,1.0489,-115142,8.4,0.7005,14.010,1154,0.3695,3
20.4400,20.00,1.1050,-126375,8.0,0.7079,14.158,1147,0.3851,3
20.4600,20.00,1.0900,-123367,7.5,0.7124,14.247,1143,0.3945,3
20.4800,20.00,1.0636,-118095,7.1,0.7167,14.334,1141,0.4036,3
20.5000,20.00,1.0863,-122631,6.6,0.7211,14.422,1140,0.4128,3
20.5200,20.00,1.1286,-131088,6.2,0.7194,14.388,1137,0.4092,3
20.5400,20.00,1.1962,-144595,5.7,0.7009,14.018,1138,0.3703,3
20.5600,20.00,1.1554,-136439,9.1,0.7008,14.017,1147,0.3702,3
20.5800,20.00,1.1148,-128320,8.7,0.7063,14.125,1147,0.3816,3
20.6000,20.00,1.0570,-116760,8.3,0.7113,14.225,1144,0.3921,3
20.6200,20.00,1.0630,-117971,7.7,0.7176,14.353,1142,0.4056,3
20.6400,20.00,1.0649,-118340,7.3,0.7237,14.474,1139,0.4183,3
20.6600,20.00,1.0758,-120534,6.8,0.7286,14.571,1136,0.4286,3
20.6800,20.00,1.0392,-113216,6.3,0.7354,14.707,1134,0.4429,3
20.7000,20.00,1.0150,-108369,5.9,0.7448,14.897,1131,0.4628,3
20.7200,20.00,1.0673,-118837,5.5,0.7522,15.044,1126,0.4783,3
20.7400,20.00,1.1414,-133637,5.0,0.7436,14.872,1123,0.4602,3
20.7600,20.00,1.1222,-129813,4.5,0.7398,14.796,1127,0.4522,3
20.7800,20.00,1.1075,-126863,4.1,0.7384,14.768,1129,0.4493,3
20.8000,20.00,1.1448,-134330,7.6,0.7333,14.665,1129,0.4385,3
20.8200,20.00,1.1073,-126816,7.1,0.7348,14.696,1132,0.4417,3
20.8400,20.00,1.0899,-123339,6.6,0.7378,14.755,1131,0.4479,3
20.8600,20.00,1.1309,-131537,6.1,0.7355,14.710,1130,0.4431,3
20.8800,20.00,1.0539,-116146,5.7,0.7435,14.870,1131,0.4600,3
20.9000,20.00,1.0021,-105796,5.1,0.7557,15.115,1127,0.4858,3
20.9200,20.00,1.0589,-117158,4.7,0.7645,15.290,1121,0.5042,3
20.9400,20.00,1.0981,-124990,4.3,0.7647,15.295,1117,0.5047,3
20.9600,20.00,1.1499,-135335,3.9,0.7539,15.077,1117,0.4818,3
20.9800,20.00,1.1374,-132845,3.4,0.7484,14.969,1122,0.4704,3
21.0000,20.00,1.0866,-122697,2.9,0.7525,15.050,1125,0.4789,3
21.0200,19.99,1.1083,-127019,6.4,0.7532,15.064,1123,0.4804,3
21.0400,20.00,1.1349,-132335,5.9,0.7495,14.989,1123,0.4726,3
21.0600,20.00,1.1168,-128723,5.4,0.7509,15.017,1124,0.4755,3
21.0800,20.00,1.0695,-119262,5.0,0.7560,15.119,1124,0.4862,3
21.1000,20.00,1.0891,-123190,4.5,0.7605,15.210,1121,0.4958,3
21.1200,20.00,1.0958,-124531,4.0,0.7635,15.270,1119,0.5022,3
21.1400,20.00,1.0525,-115871,3.6,0.7708,15.417,1118,0.5175,3
21.1600,20.00,1.0940,-124173,3.2,0.7749,15.499,1114,0.5262,3
21.1800,20.00,1.1096,-127287,2.7,0.7748,15.496,1112,0.5259,3
21.2000,20.00,1.0894,-123240,2.2,0.7764,15.528,1112,0.5292,3
21.2200,20.00,1.0152,-108417,1.8,0.7966,15.933,1112,0.5719,3
21.2400,20.00,1.0714,-119651,5.2,0.8031,16.062,1102,0.5855,3
21.2600,20.00,1.1343,-132230,4.7,0.7900,15.800,1099,0.5579,3
21.2800,20.00,1.1722,-139802,4.2,0.7758,15.517,1105,0.5281,3
21.3000,20.00,1.1627,-137913,3.8,0.7669,15.337,1112,0.5092,3
21.3200,20.00,1.1110,-127556,3.3,0.7703,15.406,1116,0.5164,3
21.3400,20.00,1.1025,-125865,2.8,0.7738,15.475,1114,0.5237,3
21.3600,20.00,1.1327,-131896,2.4,0.7713,15.427,1113,0.5186,3
21.3800,20.00,1.1586,-137084,2.0,0.7639,15.278,1114,0.5030,3
21.4000,20.00,1.1241,-130183,1.5,0.7658,15.316,1118,0.5069,3
21.4200,20.00,1.0706,-119479,1.1,0.7729,15.457,1117,0.5218,3
21.4400,20.00,1.0642,-118211,0.6,0.7803,15.605,1113,0.5374,3
21.4600,20.00,1.0693,-119221,4.1,0.7870,15.739,1110,0.5515,3
21.4800,20.00,1.0923,-123828,3.6,0.7894,15.789,1107,0.5567,3
21.5000,20.00,1.1362,-132596,3.1,0.7834,15.667,1106,0.5439,3
21.5200,20.00,1.1033,-126029,2.6,0.7837,15.675,1108,0.5447,3
21.5400,20.00,1.0465,-114679,2.1,0.7911,15.822,1108,0.5603,3
21.5600,20.00,1.1084,-127040,1.7,0.7904,15.808,1105,0.5588,3
21.5800,20.00,1.1715,-139658,1.2,0.7773,15.547,1105,0.5312,3
21.6000,20.00,1.1632,-138000,0.8,0.7691,15.382,1111,0.5139,3
21.6200,20.00,1.1023,-125835,0.3,0.7740,15.479,1115,0.5241,3
21.6400,20.00,1.0790,-121170,12.0,0.7770,15.541,1113,0.5306,3
21.6600,20.00,1.0935,-124074,11.6,0.7806,15.612,1111,0.5381,3
21.6800,20.00,1.1133,-128032,2.9,0.7813,15.625,1110,0.5395,3
21.7000,20.00,1.0802,-121401,2.4,0.7837,15.675,1109,0.5447,3
21.7200,20.00,1.0837,-122117,1.9,0.7870,15.740,1108,0.5516,3
21.7400,20.00,1.0904,-123447,1.5,0.7888,15.777,1107,0.5555,3
21.7600,20.00,1.0852,-122409,1.0,0.7911,15.822,1106,0.5602,3
21.7800,20.00,1.1233,-130028,0.5,0.7867,15.734,1105,0.5510,3
21.8000,20.00,1.1344,-132243,0.0,0.7814,15.628,1107,0.5398,3
21.8200,20.00,1.1321,-131778,11.8,0.7778,15.557,1109,0.5323,3
21.8400,20.00,1.1155,-128472,11.4,0.7778,15.556,1111,0.5322,3
21.8600,19.99,1.0847,-122313,10.9,0.7796,15.591,1111,0.5359,3
21.8800,20.00,1.0924,-123844,10.4,0.7822,15.643,1110,0.5414,3
21.9000,20.00,1.1344,-132244,1.7,0.7789,15.578,1109,0.5345,3
21.9200,20.00,1.1134,-128042,1.2,0.7792,15.585,1111,0.5352,3
21.9400,20.00,1.0900,-123371,0.8,0.7805,15.610,1111,0.5378,3
21.9600,20.00,1.0955,-124464,0.3,0.7824,15.648,1110,0.5419,3
21.9800,20.00,1.1042,-126200,8.1,0.7834,15.669,1109,0.5441,3
22.0000,20.00,1.1041,-126190,7.7,0.7836,15.672,1108,0.5444,3
22.0200,20.00,1.1154,-128455,11.1,0.7824,15.648,1108,0.5419,3
22.0400,20.00,1.1507,-135510,10.7,0.7747,15.494,1109,0.5257,3
22.0600,20.00,1.1649,-138349,10.1,0.7669,15.339,1113,0.5093,3
22.0800,20.00,1.1147,-128314,9.7,0.7699,15.398,1116,0.5156,3
22.1000,20.00,1.1036,-126090,9.2,0.7730,15.461,1115,0.5222,3
22.1200,20.00,1.1167,-128715,0.6,0.7734,15.469,1113,0.5230,3
22.1400,19.99,1.1022,-125809,0.1,0.7757,15.514,1113,0.5278,3
22.1600,20.00,1.0769,-120739,7.9,0.7785,15.570,1112,0.5337,3
22.1800,20.00,1.0790,-121168,7.4,0.7834,15.668,1111,0.5440,3
22.2000,20.00,1.0994,-125254,7.0,0.7848,15.697,1108,0.5470,3
22.2200,20.00,1.1130,-127963,6.5,0.7843,15.687,1108,0.5460,3
22.2400,20.00,1.1302,-131413,10.0,0.7802,15.604,1108,0.5373,3
22.2600,20.00,1.1220,-129774,9.5,0.7785,15.571,1110,0.5337,3
22.2800,20.00,1.1414,-133636,9.0,0.7735,15.471,1111,0.5232,3
22.3000,20.00,1.1369,-132753,8.6,0.7707,15.415,1113,0.5173,3
22.3200,20.00,1.1497,-135301,8.1,0.7660,15.320,1114,0.5074,3
22.3400,20.00,1.1125,-127866,7.6,0.7693,15.385,1117,0.5142,3
22.3600,20.00,1.0730,-119960,7.1,0.7735,15.470,1115,0.5232,3
22.3800,20.00,1.0840,-122168,6.7,0.7785,15.571,1113,0.5337,3
22.4000,20.00,1.0639,-118155,6.2,0.7849,15.697,1111,0.5471,3
22.4200,20.00,1.0849,-122351,5.8,0.7890,15.779,1108,0.5557,3
22.4400,20.00,1.1412,-133613,5.4,0.7822,15.645,1106,0.5415,3
22.4600,20.00,1.1342,-132208,8.8,0.7785,15.569,1109,0.5336,3
22.4800,20.00,1.0786,-121087,8.3,0.7815,15.629,1111,0.5399,3
22.5000,20.00,1.1402,-133408,7.8,0.7776,15.551,1109,0.5317,3
22.5200,20.00,1.1326,-131892,7.4,0.7750,15.500,1111,0.5263,3
22.5400,20.00,1.1416,-133687,6.9,0.7709,15.418,1112,0.5177,3
22.5600,20.00,1.0968,-124717,6.4,0.7745,15.489,1114,0.5252,3
22.5800,20.00,1.0942,-124213,6.0,0.7773,15.546,1113,0.5311,3
22.6000,20.00,1.1217,-129709,5.5,0.7768,15.537,1111,0.5302,3
22.6200,20.00,1.1376,-132884,5.1,0.7730,15.459,1111,0.5220,3
22.6400,20.00,1.0990,-125161,4.6,0.7758,15.517,1113,0.5281,3
22.6600,20.00,1.0745,-120266,4.1,0.7794,15.588,1112,0.5356,3
22.6800,20.00,1.1100,-127375,7.7,0.7816,15.632,1110,0.5402,3
22.7000,20.00,1.1179,-128952,7.1,0.7803,15.606,1109,0.5375,3
22.7200,20.00,1.1482,-134999,6.7,0.7736,15.472,1110,0.5234,3
22.7400,20.00,1.1208,-129516,6.2,0.7738,15.477,1113,0.5239,3
22.7600,20.00,1.1110,-127573,5.7,0.7752,15.505,1113,0.5268,3
22.7800,20.00,1.1187,-129110,5.3,0.7748,15.496,1112,0.5259,3
22.8000,20.00,1.1074,-126842,4.8,0.7763,15.526,1112,0.5291,3
22.8200,20.00,1.1523,-135828,4.4,0.7694,15.389,1112,0.5146,3
22.8400,20.00,1.1550,-136368,3.9,0.7640,15.281,1115,0.5032,3
22.8600,20.01,1.1145,-128275,3.5,0.7677,15.353,1118,0.5109,3
22.8800,20.00,1.0944,-124237,3.0,0.7717,15.434,1116,0.5194,3
22.9000,20.00,1.1744,-140242,6.5,0.7630,15.259,1114,0.5010,3
22.9200,20.00,1.1447,-134304,6.0,0.7606,15.211,1118,0.4959,3
22.9400,20.00,1.1424,-133835,5.5,0.7597,15.195,1119,0.4942,3
22.9600,20.00,1.1726,-139881,5.0,0.7543,15.086,1120,0.4827,3
22.9800,20.00,1.2421,-153784,4.6,0.7417,14.834,1122,0.4562,3
23.0000,20.00,1.1766,-140688,4.1,0.7413,14.826,1128,0.4554,3
23.0200,20.00,1.1455,-134464,3.6,0.7450,14.901,1128,0.4633,3
23.0400,20.00,1.1561,-136585,3.1,0.7447,14.893,1126,0.4624,3
23.0600,20.00,1.1455,-134464,2.8,0.7467,14.935,1127,0.4668,3
23.0800,20.00,1.1608,-137525,2.3,0.7450,14.899,1126,0.4631,3
23.1000,20.00,1.1988,-145117,1.8,0.7398,14.796,1126,0.4522,3
23.1200,20.00,1.1807,-141512,5.3,0.7377,14.754,1129,0.4478,3
23.1400,20.00,1.1529,-135934,4.8,0.7403,14.805,1130,0.4532,3
23.1600,20.00,1.1671,-138782,4.4,0.7388,14.777,1128,0.4502,3
23.1800,20.00,1.1768,-140730,3.9,0.7369,14.739,1129,0.4462,3
23.2000,20.00,1.1614,-137637,3.4,0.7377,14.753,1130,0.4477,3
23.2200,20.00,1.1816,-141688,2.9,0.7351,14.702,1130,0.4423,3
23.2400,20.00,1.1861,-142578,2.5,0.7326,14.652,1131,0.4371,3
23.2600,20.00,1.1638,-138119,2.0,0.7335,14.671,1132,0.4391,3
23.2800,20.00,1.1909,-143539,1.6,0.7303,14.607,1132,0.4323,3
23.3000,20.00,1.2286,-151076,1.1,0.7229,14.458,1133,0.4166,3
23.3200,20.00,1.2281,-150989,0.7,0.7170,14.341,1137,0.4043,3
23.3400,20.00,1.2152,-148408,4.1,0.7137,14.275,1139,0.3973,3
23.3600,20.00,1.2444,-154247,3.7,0.7059,14.117,1141,0.3808,3
23.3800,20.00,1.2273,-150813,3.1,0.7023,14.045,1144,0.3732,3
23.4000,20.00,1.2132,-147993,2.7,0.7007,14.015,1146,0.3700,3
23.4200,20.00,1.2068,-146727,2.2,0.6997,13.994,1147,0.3678,3
23.4400,20.00,1.2002,-145409,1.8,0.6993,13.986,1147,0.3669,3
23.4600,20.00,1.1994,-145247,1.3,0.6986,13.972,1147,0.3655,3
23.4800,20.00,1.2074,-146848,0.9,0.6965,13.929,1148,0.3610,3
23.5000,20.00,1.2335,-152064,0.4,0.6902,13.805,1149,0.3479,3
23.5200,20.00,1.2419,-153732,12.1,0.6807,13.615,1152,0.3279,3
23.5400,20.00,1.2432,-153992,11.7,0.6709,13.418,1156,0.3072,3
23.5600,20.00,1.2156,-148487,3.0,0.6719,13.438,1161,0.3092,3
23.5800,20.00,1.2152,-148397,2.5,0.6708,13.415,1160,0.3069,3
23.6000,20.00,1.2057,-146504,2.0,0.6715,13.430,1161,0.3085,3
23.6200,20.00,1.1940,-144166,1.6,0.6740,13.480,1160,0.3137,3
23.6400,20.00,1.1867,-142708,1.1,0.6763,13.525,1159,0.3185,3
23.6600,20.00,1.2056,-146479,0.6,0.6724,13.447,1158,0.3103,3
23.6800,20.00,1.2458,-154514,0.1,0.6565,13.130,1160,0.2769,3
23.7000,20.00,1.2290,-151151,11.9,0.6506,13.013,1167,0.2645,3
23.7200,20.00,1.2082,-146998,11.4,0.6530,13.060,1170,0.2694,3
23.7400,20.00,1.2323,-151814,11.0,0.6431,12.862,1169,0.2486,3
23.7600,20.00,1.2889,-163134,10.5,0.6101,12.202,1174,0.1792,3
23.7800,20.00,1.2120,-147763,1.8,0.6155,12.310,1189,0.1905,3
23.8000,20.00,1.2182,-148999,1.3,0.6157,12.313,1186,0.1908,3
23.8200,20.00,1.1520,-135761,0.8,0.6364,12.728,1186,0.2346,3
23.8400,20.00,1.0779,-120948,0.4,0.6568,13.137,1177,0.2775,3
23.8600,20.00,1.0882,-123007,8.2,0.6755,13.511,1167,0.3169,3
23.8800,20.00,1.1365,-132659,7.8,0.6884,13.769,1159,0.3441,3
23.9000,20.00,1.1593,-137232,11.2,0.6889,13.779,1153,0.3451,3
23.9200,20.00,1.1712,-139602,10.7,0.6853,13.706,1152,0.3374,3
23.9400,20.00,1.2156,-148489,10.3,0.6717,13.435,1154,0.3089,3
23.9600,20.00,1.2681,-158976,9.8,0.6462,12.923,1160,0.2551,3
23.9800,20.00,1.2939,-164144,9.3,0.6112,12.224,1172,0.1814,3
24.0000,20.00,1.2586,-157078,0.7,0.5981,11.962,1188,0.1539,3
24.0200,20.00,1.2185,-149053,0.1,0.6015,12.030,1195,0.1611,3
24.0400,20.00,1.1901,-143379,7.9,0.6121,12.242,1193,0.1834,3
24.0600,20.00,1.1478,-134931,7.5,0.6292,12.585,1188,0.2195,3
24.0800,20.00,1.1205,-129457,7.0,0.6442,12.883,1180,0.2509,3
24.1000,20.00,1.1057,-126498,6.6,0.6570,13.140,1173,0.2778,3
24.1200,20.00,1.1559,-136535,10.1,0.6638,13.275,1167,0.2921,3
24.1400,20.00,1.1283,-131019,9.6,0.6726,13.453,1164,0.3108,3
24.1600,19.99,1.1543,-136231,9.1,0.6727,13.455,1160,0.3110,3
24.1800,20.00,1.1733,-140030,8.6,0.6675,13.350,1160,0.3000,3
24.2000,20.00,1.2290,-151168,8.1,0.6495,12.991,1162,0.2622,3
24.2200,20.00,1.2164,-148647,7.7,0.6394,12.789,1171,0.2409,3
24.2400,19.99,1.2278,-150929,7.2,0.6273,12.547,1175,0.2154,3
24.2600,20.00,1.2000,-145353,6.8,0.6251,12.503,1181,0.2108,3
24.2800,20.00,1.1727,-139905,6.3,0.6324,12.648,1182,0.2261,3
24.3000,20.00,1.1940,-144163,5.9,0.6274,12.547,1179,0.2155,3
24.3200,20.00,1.1426,-133876,5.4,0.6386,12.771,1181,0.2391,3
24.3400,20.00,1.1637,-138100,8.9,0.6412,12.824,1176,0.2447,3
24.3600,20.00,1.1603,-137416,8.4,0.6438,12.875,1175,0.2501,3
24.3800,20.00,1.1547,-136311,7.9,0.6470,12.941,1173,0.2569,3
24.4000,20.00,1.1224,-129839,7.5,0.6553,13.105,1172,0.2742,3
24.4200,20.00,1.1765,-140664,7.0,0.6494,12.988,1168,0.2619,3
24.4400,20.00,1.2292,-151190,6.5,0.6306,12.613,1171,0.2224,3
24.4600,20.00,1.2375,-152862,6.0,0.6137,12.275,1179,0.1868,3
24.4800,20.00,1.2400,-153350,5.6,0.5948,11.896,1187,0.1470,3
24.5000,20.00,1.2240,-150158,5.1,0.5882,11.763,1196,0.1330,3
24.5200,20.00,1.2162,-148591,4.7,0.5844,11.687,1199,0.1250,3
24.5400,20.00,1.1707,-139495,4.3,0.5956,11.913,1201,0.1487,3
24.5600,20.00,1.1640,-138157,7.7,0.6041,12.081,1196,0.1664,3
24.5800,20.00,1.0791,-121191,7.3,0.6165,12.331,1192,0.1927,3
24.6000,20.00,1.0838,-122132,6.8,0.6319,12.639,1186,0.2252,3
24.6200,20.00,1.1714,-139636,6.3,0.6393,12.786,1179,0.2406,3
24.6400,20.00,1.1703,-139417,5.8,0.6385,12.771,1175,0.2390,3
24.6600,20.00,1.1377,-132905,5.4,0.6446,12.892,1176,0.2518,3
24.6800,20.01,1.1460,-134566,4.9,0.6472,12.944,1173,0.2572,3
24.7000,20.00,1.2193,-149216,4.5,0.6257,12.514,1172,0.2120,3
24.7200,20.00,1.2123,-147825,4.0,0.6133,12.265,1182,0.1858,3
24.7400,20.00,1.1967,-144700,3.5,0.6092,12.184,1187,0.1773,3
24.7600,20.00,1.1908,-143530,3.1,0.6065,12.130,1189,0.1716,3
24.7800,20.00,1.2046,-146287,6.6,0.5979,11.958,1191,0.1535,3
24.8000,20.00,1.1716,-139683,6.1,0.6024,12.048,1195,0.1629,3
24.8200,19.99,1.1666,-138687,5.6,0.6061,12.122,1192,0.1707,3
24.8400,20.00,1.1566,-136692,5.1,0.6111,12.221,1191,0.1812,3
24.8600,20.00,1.1890,-143171,4.6,0.6044,12.088,1188,0.1671,3
24.8800,20.00,1.1796,-141273,4.1,0.6035,12.069,1192,0.1652,3
24.9000,20.00,1.1506,-135474,3.7,0.6096,12.193,1192,0.1782,3
24.9200,20.00,1.1423,-133816,3.3,0.6162,12.324,1189,0.1920,3
24.9400,20.00,1.1667,-138694,2.8,0.6159,12.318,1186,0.1914,3
24.9600,20.00,1.1925,-143854,2.4,0.6056,12.112,1186,0.1696,3
24.9800,20.00,1.2086,-147081,1.9,0.5929,11.859,1191,0.1430,3
25.0000,20.00,1.2263,-150616,5.4,0.5770,11.539,1197,0.1094,3
25.0200,20.00,1.2088,-147121,5.0,0.5730,11.460,1204,0.1011,3
25.0400,20.00,1.1754,-140435,4.4,0.5794,11.588,1206,0.1145,3
25.0600,20.00,1.1519,-135753,4.0,0.5852,11.704,1203,0.1268,3
25.0800,20.00,1.1209,-129554,3.5,0.5973,11.946,1201,0.1522,3
25.1000,20.00,1.1407,-133500,3.0,0.6048,12.096,1195,0.1680,3
25.1200,20.00,1.1657,-138501,2.5,0.6044,12.087,1191,0.1671,3
25.1400,20.01,1.1554,-136442,2.1,0.6061,12.122,1192,0.1707,3
25.1600,19.99,1.1513,-135621,1.7,0.6084,12.168,1191,0.1755,3
25.1800,20.00,1.1382,-133007,1.1,0.6130,12.260,1190,0.1853,3
25.2000,20.00,1.1575,-136863,0.8,0.6128,12.256,1188,0.1849,3
25.2200,20.00,1.1932,-143995,4.2,0.6004,12.008,1188,0.1587,3
25.2400,20.00,1.1362,-132609,3.7,0.6078,12.155,1193,0.1742,3
25.2600,20.00,1.1951,-144385,3.3,0.5966,11.932,1190,0.1507,3
25.2800,20.00,1.2160,-148553,2.8,0.5811,11.622,1195,0.1181,3
25.3000,19.99,1.2060,-146568,2.3,0.5748,11.495,1202,0.1048,3
25.3200,20.00,1.1623,-137814,1.8,0.5791,11.581,1205,0.1138,3
25.3400,20.00,1.1733,-140024,1.4,0.5798,11.596,1203,0.1154,3
25.3600,20.00,1.1640,-138158,0.9,0.5808,11.617,1203,0.1176,3
25.3800,20.00,1.1567,-136705,0.5,0.5838,11.675,1202,0.1237,3
25.4000,20.00,1.1521,-135783,0.0,0.5875,11.751,1201,0.1317,3
25.4200,20.00,1.1664,-138648,11.7,0.5871,11.743,1199,0.1308,3
25.4400,20.00,1.1670,-138765,3.0,0.5863,11.726,1200,0.1291,3
25.4600,20.00,1.1466,-134680,2.6,0.5902,11.804,1200,0.1373,3
25.4800,20.00,1.1757,-140497,2.1,0.5868,11.736,1198,0.1301,3
25.5000,20.00,1.1699,-139349,1.6,0.5848,11.696,1200,0.1259,3
25.5200,20.00,1.1695,-139253,1.1,0.5830,11.659,1201,0.1221,3
25.5400,20.00,1.1944,-144243,0.7,0.5753,11.507,1201,0.1060,3
25.5600,20.00,1.1921,-143782,0.2,0.5709,11.419,1205,0.0967,3
25.5800,20.00,1.1636,-138091,12.0,0.5725,11.450,1207,0.1000,3
25.6000,20.00,1.1569,-136738,11.5,0.5743,11.486,1206,0.1038,3
25.6200,20.00,1.1442,-134200,11.0,0.5788,11.575,1205,0.1132,3
25.6400,20.00,1.1584,-137043,10.6,0.5797,11.594,1203,0.1152,3
25.6600,20.00,1.1760,-140571,1.9,0.5764,11.529,1203,0.1083,3
25.6800,20.00,1.1758,-140529,1.4,0.5737,11.475,1205,0.1026,3
25.7000,20.00,1.1734,-140045,1.0,0.5719,11.438,1206,0.0987,3
25.7200,20.00,1.1910,-143568,0.4,0.5667,11.334,1207,0.0878,3
25.7400,19.99,1.1981,-144985,8.3,0.5596,11.192,1209,0.0729,3
25.7600,20.00,1.1268,-130720,7.9,0.5674,11.349,1212,0.0893,3
25.7800,20.00,1.1448,-134318,11.3,0.5719,11.439,1209,0.0988,3
25.8000,20.00,1.1432,-134009,10.8,0.5765,11.529,1207,0.1083,3
25.8200,20.00,1.1284,-131041,10.3,0.5833,11.666,1205,0.1228,3
25.8400,20.00,1.1376,-132879,9.9,0.5880,11.761,1201,0.1327,3
25.8600,20.00,1.1763,-140613,9.4,0.5824,11.647,1199,0.1208,3
25.8800,20.00,1.1485,-135059,0.7,0.5836,11.672,1202,0.1234,3
25.9000,20.00,1.1789,-141145,0.3,0.5772,11.544,1201,0.1099,3
25.9200,20.00,1.1817,-141700,8.0,0.5714,11.428,1204,0.0977,3
25.9400,20.00,1.1697,-139293,7.6,0.5694,11.388,1207,0.0935,3
25.9600,20.00,1.1662,-138594,7.1,0.5684,11.369,1208,0.0914,3
25.9800,20.00,1.1753,-140432,6.7,0.5657,11.314,1208,0.0857,3
26.0000,20.00,1.1479,-134944,10.1,0.5685,11.370,1210,0.0916,3
26.0200,20.00,1.1529,-135942,9.7,0.5700,11.399,1208,0.0946,3
26.0400,20.00,1.1514,-135653,9.1,0.5713,11.426,1208,0.0975,3
26.0600,20.00,1.1759,-140543,8.7,0.5676,11.352,1207,0.0897,3
26.0800,20.00,1.1545,-136264,8.2,0.5687,11.373,1209,0.0919,3
26.1000,20.00,1.1570,-136756,7.7,0.5689,11.379,1208,0.0925,3
26.1200,20.00,1.1692,-139200,7.3,0.5667,11.334,1208,0.0877,3
26.1400,20.00,1.1551,-136375,6.9,0.5675,11.350,1209,0.0895,3
26.1600,19.99,1.1756,-140490,6.4,0.5640,11.281,1209,0.0822,3
26.1800,20.00,1.1830,-141969,5.9,0.5596,11.191,1210,0.0727,3
26.2000,20.00,1.1336,-132076,5.5,0.5646,11.292,1212,0.0834,3
26.2200,20.00,1.1390,-133166,5.0,0.5685,11.369,1210,0.0915,3
26.2400,20.00,1.1666,-138691,8.5,0.5666,11.331,1208,0.0875,3
26.2600,20.00,1.1250,-130360,8.0,0.5726,11.452,1209,0.1002,3
26.2800,20.00,1.1378,-132922,7.6,0.5766,11.533,1206,0.1087,3
26.3000,20.00,1.1716,-139687,7.1,0.5718,11.436,1205,0.0986,3
26.3200,20.00,1.1641,-138190,6.6,0.5692,11.384,1207,0.0931,3
26.3400,20.00,1.1812,-141597,6.1,0.5637,11.273,1208,0.0814,3
26.3600,19.99,1.1915,-143660,5.7,0.5571,11.141,1211,0.0675,3
26.3800,20.00,1.1883,-143024,5.2,0.5520,11.040,1214,0.0569,3
26.4000,20.00,1.1578,-136919,4.8,0.5540,11.081,1216,0.0611,3
26.4200,20.00,1.1552,-136405,4.3,0.5558,11.117,1215,0.0649,3
26.4400,20.00,1.1575,-136873,3.9,0.5567,11.134,1214,0.0668,3
26.4600,20.00,1.1756,-140489,7.3,0.5537,11.075,1214,0.0605,3
26.4800,20.00,1.1412,-133608,6.9,0.5580,11.160,1215,0.0694,3
26.5000,20.00,1.1586,-137088,6.4,0.5579,11.158,1213,0.0693,3
26.5200,20.00,1.1329,-131949,5.9,0.5619,11.238,1213,0.0777,3
26.5400,20.00,1.1533,-136027,5.4,0.5626,11.252,1211,0.0791,3
26.5600,20.00,1.1431,-133980,5.0,0.5649,11.297,1211,0.0839,3
26.5800,20.00,1.1902,-143393,4.5,0.5572,11.144,1210,0.0678,3
26.6000,20.00,1.1578,-136933,4.1,0.5574,11.148,1214,0.0682,3
26.6200,20.00,1.1730,-139957,3.6,0.5544,11.087,1213,0.0618,3
26.6400,20.00,1.1624,-137849,3.1,0.5539,11.077,1215,0.0608,3
26.6600,20.00,1.1688,-139126,2.7,0.5520,11.041,1215,0.0569,3
26.6800,20.00,1.1780,-140957,6.1,0.5485,10.971,1216,0.0496,3
26.7000,20.00,1.1335,-132065,5.7,0.5539,11.078,1217,0.0608,3
26.7200,20.00,1.1398,-133329,5.2,0.5575,11.150,1215,0.0684,3
26.7400,20.00,1.1361,-132577,4.7,0.5607,11.214,1213,0.0751,3
26.7600,20.00,1.1548,-136316,4.2,0.5603,11.207,1212,0.0744,3
26.7800,20.00,1.1890,-143169,3.8,0.5530,11.059,1212,0.0589,3
26.8000,20.00,1.1755,-140455,3.4,0.5497,10.994,1215,0.0520,3
26.8200,20.00,1.1672,-138805,2.9,0.5484,10.969,1217,0.0493,3
26.8400,20.00,1.1794,-141249,2.5,0.5447,10.894,1217,0.0415,3
26.8600,20.00,1.1642,-138212,2.0,0.5446,10.891,1219,0.0412,3
26.8800,20.00,1.1804,-141439,1.5,0.5406,10.812,1219,0.0329,3
26.9000,20.00,1.1840,-142169,5.0,0.5358,10.716,1221,0.0227,3
26.9200,20.00,1.1636,-138078,4.5,0.5375,10.749,1223,0.0263,3
26.9400,20.00,1.1743,-140218,4.0,0.5354,10.707,1223,0.0218,3
26.9600,20.00,1.1586,-137078,3.6,0.5375,10.750,1224,0.0263,3
26.9800,20.00,1.1530,-135968,3.1,0.5399,10.798,1223,0.0314,3
27.0000,20.00,1.1777,-140894,2.6,0.5363,10.726,1221,0.0238,3
27.0200,20.00,1.1526,-135887,2.1,0.5389,10.778,1223,0.0293,3
27.0400,20.00,1.1827,-141893,1.8,0.5337,10.675,1222,0.0184,3
27.0600,20.00,1.1613,-137629,1.3,0.5350,10.700,1224,0.0211,3
27.0800,20.00,1.1559,-136546,0.9,0.5366,10.733,1224,0.0245,3
27.1000,20.00,1.1793,-141225,0.4,0.5323,10.645,1223,0.0153,3
27.1200,20.00,1.1694,-139235,3.8,0.5313,10.626,1225,0.0132,3
27.1400,20.00,1.1464,-134635,3.3,0.5356,10.711,1225,0.0222,3
27.1600,20.00,1.1790,-141158,2.9,0.5310,10.619,1224,0.0126,3
27.1800,20.00,1.1494,-135252,2.4,0.5344,10.689,1226,0.0199,3
27.2000,20.00,1.1712,-139612,1.9,0.5321,10.643,1224,0.0150,3
27.2200,20.00,1.1606,-137475,1.5,0.5323,10.647,1225,0.0154,3
27.2400,20.00,1.1542,-136208,1.0,0.5337,10.675,1225,0.0184,3
27.2600,20.00,1.1656,-138487,0.6,0.5324,10.647,1224,0.0155,3
27.2800,20.00,1.1572,-136809,0.1,0.5329,10.657,1225,0.0165,3
27.3000,20.00,1.1499,-135341,11.8,0.5348,10.696,1225,0.0206,3
27.3200,20.00,1.1379,-132942,11.4,0.5382,10.763,1224,0.0277,3
27.3400,20.00,1.1855,-142459,2.7,0.5314,10.628,1222,0.0135,3
27.3600,20.00,1.1516,-135683,2.2,0.5334,10.669,1225,0.0178,3
27.3800,20.00,1.1662,-138610,1.7,0.5316,10.632,1224,0.0139,3
27.4000,20.00,1.1672,-138796,1.3,0.5298,10.597,1225,0.0102,3
27.4200,20.00,1.1883,-143015,0.7,0.5220,10.440,1226,-0.0063,3
27.4400,20.00,1.1781,-140988,0.3,0.5184,10.368,1230,-0.0138,3
27.4600,20.00,1.1762,-140600,12.1,0.5159,10.318,1231,-0.0192,3
27.4800,20.00,1.1695,-139265,11.6,0.5161,10.322,1233,-0.0187,3
27.5000,20.00,1.1886,-143075,11.1,0.5110,10.221,1233,-0.0294,3
27.5200,20.00,1.1608,-137517,10.7,0.5151,10.302,1235,-0.0209,3
27.5400,20.00,1.1416,-133685,10.1,0.5203,10.406,1233,-0.0099,3
27.5600,20.00,1.1576,-136892,1.5,0.5212,10.425,1230,-0.0079,3
27.5800,20.00,1.1348,-132318,1.0,0.5261,10.522,1230,0.0023,3
27.6000,20.00,1.1878,-142928,0.6,0.5184,10.369,1228,-0.0138,3
27.6200,20.00,1.1397,-133307,0.1,0.5235,10.470,1231,-0.0032,3
27.6400,20.00,1.1342,-132210,7.9,0.5283,10.566,1229,0.0069,3
27.6600,20.00,1.1530,-135961,7.5,0.5285,10.569,1227,0.0073,3
27.6800,20.00,1.1286,-131078,10.9,0.5333,10.666,1227,0.0175,3
27.7000,20.00,1.2042,-146199,10.4,0.5210,10.419,1224,-0.0085,3
27.7200,20.00,1.2749,-160345,10.0,0.4768,9.537,1230,-0.1014,3
27.7400,20.00,1.3963,-184619,9.5,0.4126,8.252,1251,-0.2367,3
27.7600,20.00,1.4076,-186874,9.0,0.3558,7.115,1281,-0.3563,3
27.7800,20.00,1.1785,-141069,0.3,0.4096,8.192,1307,-0.2430,3
27.8000,20.00,1.2344,-152246,8.1,0.4038,8.076,1282,-0.2551,3
27.8200,20.01,1.2962,-164601,7.6,0.3611,7.221,1285,-0.3452,3
27.8400,20.00,1.1278,-130923,7.1,0.4364,8.728,1304,-0.1865,3
27.8600,20.00,1.1769,-140751,6.8,0.4452,8.904,1269,-0.1680,3
27.8800,20.00,1.1071,-126784,6.3,0.4815,9.630,1266,-0.0916,3
27.9000,20.00,1.1133,-128031,9.7,0.4947,9.894,1249,-0.0638,3
27.9200,20.00,1.1456,-134488,9.3,0.4948,9.897,1243,-0.0635,3
27.9400,20.00,1.1352,-132396,8.8,0.4991,9.983,1242,-0.0544,3
27.9600,20.00,1.1753,-140425,8.3,0.4937,9.874,1240,-0.0659,3
27.9800,20.00,1.1454,-134447,7.8,0.4980,9.959,1243,-0.0569,3
28.0000,20.00,1.2067,-146694,7.4,0.4815,9.629,1241,-0.0916,3
28.0200,20.00,1.1814,-141644,6.9,0.4839,9.678,1249,-0.0865,3
28.0400,20.00,1.2192,-149199,6.5,0.4640,9.279,1247,-0.1285,3
28.0600,20.00,1.1897,-143295,6.0,0.4695,9.390,1257,-0.1169,3
28.0800,20.00,1.2268,-150710,5.6,0.4458,8.915,1254,-0.1668,3
28.1000,20.00,1.2007,-145493,5.1,0.4479,8.958,1265,-0.1624,3
28.1200,20.00,1.1986,-145079,8.6,0.4468,8.937,1264,-0.1645,3
28.1400,20.00,1.2172,-148800,8.1,0.4330,8.661,1265,-0.1936,3
28.1600,20.00,1.1643,-138227,7.6,0.4541,9.081,1271,-0.1493,3
28.1800,20.00,1.1728,-139922,7.1,0.4617,9.234,1261,-0.1332,3
28.2000,20.00,1.1609,-137546,6.7,0.4710,9.420,1258,-0.1137,3
28.2200,20.00,1.1278,-130930,6.2,0.4846,9.692,1253,-0.0851,3
28.2400,20.00,1.1416,-133684,5.7,0.4874,9.747,1247,-0.0792,3
28.2600,20.00,1.1723,-139829,5.3,0.4820,9.639,1246,-0.0906,3
28.2800,20.00,1.1818,-141728,4.8,0.4762,9.525,1248,-0.1026,3
28.3000,20.00,1.1989,-145132,4.4,0.4637,9.274,1251,-0.1290,3
28.3200,20.00,1.2016,-145676,4.0,0.4532,9.064,1257,-0.1511,3
28.3400,20.00,1.2060,-146560,7.4,0.4424,8.847,1262,-0.1740,3
28.3600,20.00,1.2229,-149934,6.9,0.4234,8.469,1267,-0.2138,3
28.3800,20.00,1.1977,-144902,6.5,0.4271,8.541,1275,-0.2062,3
28.4000,20.00,1.2124,-147833,4.6,0.4168,8.336,1274,-0.2277,3
28.4200,20.00,1.1498,-135333,5.5,0.4481,8.961,1279,-0.1620,3
28.4400,20.00,1.1678,-138931,5.0,0.4532,9.064,1264,-0.1512,3
28.4600,20.00,1.1263,-130631,4.6,0.4739,9.478,1262,-0.1076,3
28.4800,20.00,1.1823,-141815,4.1,0.4608,9.215,1252,-0.1352,3
28.5000,20.00,1.1367,-132701,3.7,0.4748,9.497,1258,-0.1056,3
28.5200,20.00,1.2128,-147915,3.2,0.4449,8.898,1252,-0.1686,3
28.5400,20.00,1.1630,-137964,2.8,0.4588,9.175,1266,-0.1395,3
28.5600,20.00,1.1974,-144851,6.3,0.4435,8.871,1259,-0.1715,3
28.5800,20.00,1.2076,-146876,5.8,0.4280,8.560,1266,-0.2043,3
28.6000,20.00,1.1731,-139976,5.3,0.4400,8.800,1273,-0.1789,3
28.6200,20.00,1.2033,-146021,4.8,0.4249,8.499,1268,-0.2107,3
28.6400,20.00,1.1321,-131785,4.3,0.4592,9.185,1275,-0.1385,3
28.6600,20.00,1.1875,-142869,3.9,0.4437,8.874,1259,-0.1712,3
28.6800,20.00,1.1382,-133012,3.4,0.4634,9.268,1266,-0.1297,3
28.7000,20.00,1.1994,-145247,3.0,0.4397,8.794,1257,-0.1796,3
28.7200,20.00,1.1479,-134935,2.6,0.4577,9.153,1268,-0.1417,3
28.7400,20.00,1.1944,-144243,2.1,0.4395,8.790,1260,-0.1800,3
28.7600,19.99,1.0998,-125323,1.6,0.4827,9.654,1268,-0.0890,3
28.7800,20.00,1.1985,-145062,5.1,0.4487,8.974,1248,-0.1606,3
28.8000,20.00,1.1346,-132294,4.6,0.4691,9.383,1264,-0.1176,3
28.8200,20.00,1.2347,-152302,4.1,0.4216,8.433,1254,-0.2176,3
28.8400,20.00,1.1488,-135118,3.7,0.4502,9.005,1276,-0.1574,3
28.8600,20.00,1.2062,-146595,3.1,0.4260,8.521,1263,-0.2084,3
28.8800,20.00,1.1196,-129291,2.7,0.4678,9.355,1274,-0.1205,3
28.9000,20.00,1.1973,-144831,2.3,0.4386,8.771,1255,-0.1820,3
28.9200,20.00,1.1058,-126536,1.8,0.4785,9.570,1269,-0.0979,3
28.9400,20.00,1.1803,-141432,1.4,0.4535,9.071,1250,-0.1504,3
28.9600,20.00,1.1062,-126615,0.9,0.4836,9.672,1262,-0.0872,3
28.9800,20.00,1.1727,-139897,0.4,0.4616,9.232,1248,-0.1335,3
29.0000,20.00,1.0867,-122702,3.9,0.4971,9.942,1258,-0.0587,3
29.0200,20.00,1.1688,-139118,3.2,0.4717,9.433,1241,-0.1123,3
29.0400,20.00,1.1667,-138708,3.0,0.4661,9.322,1253,-0.1240,3
29.0600,20.00,1.1644,-138239,2.5,0.4642,9.284,1256,-0.1280,3
29.0800,20.00,1.1468,-134714,2.0,0.4710,9.419,1257,-0.1138,3
29.1000,20.00,1.1341,-132193,1.5,0.4783,9.566,1253,-0.0983,3
29.1200,20.00,1.1324,-131847,1.1,0.4822,9.645,1250,-0.0900,3
29.1400,20.00,1.2062,-146609,0.7,0.4480,8.960,1248,-0.1621,3
29.1600,20.00,1.2314,-151647,0.1,0.4154,8.308,1264,-0.2307,3
29.1800,20.00,1.2185,-149065,11.9,0.4025,8.051,1279,-0.2578,3
29.2000,20.00,1.1308,-131518,11.4,0.4519,9.038,1285,-0.1539,3
29.2200,20.00,1.0440,-114177,2.7,0.5057,10.113,1262,-0.0407,3
29.2400,20.01,0.9907,-103511,2.3,0.5421,10.842,1237,0.0360,3
29.2600,19.99,0.9502,-95422,1.8,0.5865,11.731,1221,0.1296,3
29.2800,20.00,0.9385,-93067,1.3,0.6204,12.409,1200,0.2009,3
29.3000,20.01,1.0334,-112057,0.8,0.6221,12.442,1184,0.2044,3
29.3200,20.00,1.1601,-137379,0.3,0.5758,11.516,1183,0.1069,3
29.3400,20.00,1.2084,-147033,12.1,0.5290,10.580,1205,0.0085,3
29.3600,19.99,1.2691,-159172,11.7,0.4707,9.413,1227,-0.1144,3
29.3800,20.00,1.3050,-166358,11.2,0.4129,8.258,1254,-0.2360,3
29.4000,20.00,1.2358,-152528,10.7,0.4084,8.168,1280,-0.2454,3
29.4200,20.00,1.1969,-144739,10.2,0.4189,8.379,1282,-0.2233,3
29.4400,20.00,1.1137,-128104,1.6,0.4711,9.422,1278,-0.1134,3
29.4600,20.00,0.9820,-101775,1.1,0.5356,10.713,1253,0.0224,3
29.4800,20.00,0.9075,-86882,0.7,0.5858,11.716,1224,0.1280,3
29.5000,20.00,0.9205,-89480,0.1,0.6227,12.454,1200,0.2057,3
29.5200,20.00,0.9320,-91766,8.0,0.6470,12.939,1183,0.2568,3
29.5400,20.00,0.9351,-92400,7.6,0.6640,13.279,1172,0.2925,3
29.5600,20.00,0.9036,-86093,11.0,0.6812,13.624,1164,0.3288,3
29.5800,20.00,0.9174,-88857,10.5,0.6949,13.897,1156,0.3576,3
29.6000,20.00,0.9465,-94674,10.0,0.7046,14.092,1150,0.3781,3
29.6200,20.00,0.9829,-101962,9.6,0.7059,14.118,1145,0.3809,3
29.6400,20.00,1.0262,-110617,9.1,0.6985,13.971,1144,0.3653,3
29.6600,20.00,1.0748,-120330,0.4,0.6830,13.659,1148,0.3326,3
29.6800,20.00,1.0678,-118921,8.1,0.6797,13.593,1155,0.3256,3
29.7000,20.00,1.1023,-125832,7.7,0.6650,13.301,1157,0.2948,3
29.7200,20.00,1.1673,-138819,7.3,0.6324,12.647,1163,0.2260,3
29.7400,20.00,1.2057,-146501,6.8,0.6004,12.008,1179,0.1588,3
29.7600,20.00,1.1294,-131254,6.4,0.6013,12.026,1193,0.1606,3
29.7800,20.00,1.0729,-119955,9.8,0.6064,12.128,1193,0.1713,3
29.8000,20.00,1.0741,-120188,9.4,0.6133,12.267,1191,0.1860,3
29.8200,20.00,1.0441,-114192,8.9,0.6278,12.555,1187,0.2163,3
29.8400,20.00,1.0301,-111387,8.4,0.6466,12.932,1181,0.2559,3
29.8600,20.00,0.9968,-104734,7.9,0.6696,13.392,1172,0.3044,3
29.8800,20.00,0.9819,-101757,7.4,0.6887,13.775,1161,0.3447,3
29.9000,20.00,1.0050,-106370,7.0,0.6991,13.982,1153,0.3665,3
29.9200,20.00,1.0143,-108237,6.5,0.7063,14.125,1148,0.3816,3
29.9400,20.00,1.0481,-114985,6.1,0.7070,14.139,1144,0.3831,3
29.9600,20.00,1.0948,-124321,5.7,0.6950,13.900,1144,0.3579,3
29.9800,20.00,1.1656,-138482,5.2,0.6662,13.325,1150,0.2974,3
30.0000,20.00,1.2063,-146611,8.7,0.6367,12.734,1163,0.2352,3
30.0200,20.00,1.2162,-148599,8.1,0.6109,12.219,1177,0.1809,3
30.0400,20.00,1.2196,-149289,7.7,0.5901,11.801,1188,0.1370,3
30.0600,20.00,1.2468,-154723,7.2,0.5632,11.263,1198,0.0803,3
30.0800,20.00,1.2471,-154779,6.8,0.5411,10.822,1211,0.0339,3
30.1000,20.00,1.2750,-160366,6.3,0.5071,10.141,1221,-0.0377,3
30.1200,20.00,1.3113,-167623,5.8,0.4740,9.480,1237,-0.1074,3
30.1400,20.00,1.3118,-167713,5.4,0.4516,9.031,1252,-0.1546,3
30.1600,20.00,1.2659,-158530,4.9,0.4449,8.897,1263,-0.1687,3
30.1800,20.00,1.2658,-158526,4.5,0.4366,8.731,1266,-0.1862,3
30.2000,20.00,1.4390,-193146,4.0,0.3475,6.951,1269,-0.3736,3
30.2200,19.99,1.4709,-199535,7.5,0.2428,4.856,1311,-0.5941,3
30.2400,20.00,1.3065,-166651,7.0,0.2917,5.835,1359,-0.4911,3
30.2600,20.00,1.0172,-108818,6.6,0.4674,9.347,1337,-0.1214,3
30.2800,20.00,0.8492,-75210,6.1,0.5657,11.314,1255,0.0857,3
30.3000,20.00,0.8278,-70939,5.6,0.6171,12.343,1210,0.1940,3
30.3200,20.00,0.8552,-76410,5.1,0.6602,13.204,1186,0.2846,3
30.3400,20.00,0.9906,-103493,4.7,0.6798,13.596,1166,0.3259,3
30.3600,20.00,1.1632,-138010,4.2,0.6458,12.916,1156,0.2543,3
30.3800,20.00,1.2760,-160549,3.8,0.5749,11.497,1172,0.1050,3
30.4000,20.00,1.3547,-176298,3.3,0.4983,9.967,1205,-0.0561,3
30.4200,20.00,1.4260,-190550,2.9,0.4310,8.620,1241,-0.1979,3
30.4400,20.00,1.3841,-182169,6.4,0.3955,7.911,1272,-0.2726,3
30.4600,20.00,1.3077,-166899,5.9,0.3796,7.592,1288,-0.3062,3
30.4800,20.00,1.3131,-167985,5.4,0.3576,7.152,1296,-0.3524,3
30.5000,20.00,1.2845,-162252,4.9,0.3512,7.023,1306,-0.3659,3
30.5200,20.00,1.2030,-145963,4.4,0.3921,7.843,1309,-0.2797,3
30.5400,20.00,1.1402,-133403,3.9,0.4387,8.774,1290,-0.1817,3
30.5600,20.00,1.0701,-119387,3.5,0.4953,9.905,1269,-0.0626,3
30.5800,20.00,1.0396,-113280,3.1,0.5243,10.486,1242,-0.0014,3
30.6000,20.00,1.0280,-110963,2.6,0.5423,10.846,1229,0.0364,3
30.6200,20.00,1.0728,-119927,2.1,0.5467,10.934,1220,0.0457,3
30.6400,20.00,1.1458,-134531,1.7,0.5381,10.761,1218,0.0275,3
30.6600,20.00,1.1578,-136926,5.1,0.5326,10.652,1222,0.0160,3
30.6800,20.00,1.1841,-142189,4.7,0.5241,10.483,1225,-0.0018,3
30.7000,20.00,1.1947,-144300,4.2,0.5137,10.274,1229,-0.0238,3
30.7200,20.00,1.2495,-155250,3.7,0.4809,9.619,1234,-0.0928,3
30.7400,20.00,1.2300,-151366,3.3,0.4755,9.509,1249,-0.1043,3
30.7600,20.00,1.1996,-145286,2.8,0.4799,9.598,1251,-0.0949,3
30.7800,20.00,1.2055,-146465,2.3,0.4767,9.535,1249,-0.1016,3
30.8000,20.00,1.2133,-148019,1.9,0.4679,9.358,1251,-0.1202,3
30.8200,20.00,1.1862,-142604,1.4,0.4747,9.495,1255,-0.1058,3
30.8400,20.00,1.1320,-131756,1.0,0.4924,9.849,1252,-0.0686,3
30.8600,20.00,1.1254,-130455,0.5,0.5015,10.031,1243,-0.0494,3
30.8800,20.00,1.0966,-124695,4.0,0.5132,10.264,1239,-0.0248,3
30.9000,20.00,1.0758,-120531,3.5,0.5258,10.516,1234,0.0016,3
30.9200,20.00,1.0768,-120733,3.0,0.5376,10.753,1228,0.0266,3
30.9400,20.00,1.1105,-127472,2.6,0.5375,10.750,1223,0.0263,3
30.9600,20.00,1.1238,-130127,2.1,0.5364,10.729,1223,0.0241,3
30.9800,20.00,1.1571,-136786,1.6,0.5307,10.614,1223,0.0120,3
31.0000,20.00,1.1660,-138565,1.1,0.5247,10.494,1226,-0.0007,3
31.0200,20.00,1.1513,-135617,0.7,0.5227,10.454,1229,-0.0049,3
31.0400,20.00,1.1769,-140750,0.3,0.5165,10.330,1230,-0.0179,3
31.0600,20.00,1.1685,-139067,12.0,0.5128,10.256,1232,-0.0256,3
31.0800,20.00,1.1648,-138329,11.5,0.5103,10.206,1234,-0.0310,3
31.1000,20.00,1.1599,-137351,2.8,0.5098,10.196,1235,-0.0320,3
31.1200,20.00,1.1474,-134839,2.4,0.5113,10.227,1235,-0.0288,3
31.1400,20.00,1.1213,-129635,1.9,0.5165,10.331,1235,-0.0178,3
31.1600,20.00,1.1182,-129015,1.4,0.5219,10.439,1232,-0.0064,3
31.1800,20.00,1.0746,-120279,1.0,0.5389,10.779,1230,0.0294,3
31.2000,20.00,1.0786,-121090,0.4,0.5504,11.008,1222,0.0535,3
31.2200,20.00,1.0284,-111042,0.0,0.5831,11.662,1217,0.1223,3
31.2400,20.00,1.0453,-114428,11.8,0.5995,11.989,1201,0.1568,3
31.2600,20.01,1.0402,-113417,11.3,0.6152,12.304,1194,0.1899,3
31.2800,20.00,1.0393,-113237,10.8,0.6296,12.591,1187,0.2201,3
31.3000,20.00,1.0253,-110437,10.3,0.6466,12.932,1180,0.2560,3
31.3200,20.00,1.0194,-109241,1.7,0.6604,13.208,1172,0.2850,3
31.3400,20.00,1.0434,-114052,1.2,0.6641,13.282,1166,0.2929,3
31.3600,20.00,1.0932,-123999,0.7,0.6597,13.194,1164,0.2835,3
31.3800,20.00,1.1255,-130456,0.2,0.6462,12.924,1166,0.2551,3
31.4000,20.00,1.1370,-132761,8.1,0.6339,12.677,1172,0.2292,3
31.4200,20.00,1.1279,-130937,7.6,0.6231,12.463,1178,0.2066,3
31.4400,20.00,1.0838,-122120,11.1,0.6240,12.480,1183,0.2084,3
31.4600,20.00,1.0688,-119129,10.6,0.6312,12.623,1182,0.2235,3
31.4800,20.00,1.0762,-120610,10.1,0.6380,12.759,1179,0.2378,3
31.5000,20.00,1.1229,-129940,9.6,0.6335,12.671,1176,0.2285,3
31.5200,20.00,1.0918,-123727,9.1,0.6338,12.675,1178,0.2290,3
31.5400,20.00,1.0275,-110865,0.5,0.6493,12.986,1178,0.2617,3
31.5600,20.00,1.0148,-108336,0.0,0.6698,13.395,1171,0.3048,3
31.5800,20.00,1.0230,-109978,7.8,0.6830,13.659,1161,0.3326,3
31.6000,20.00,1.0835,-122069,7.4,0.6834,13.669,1155,0.3336,3
31.6200,20.00,1.0748,-120327,6.9,0.6840,13.680,1155,0.3348,3
31.6400,20.00,1.0396,-113286,6.5,0.6906,13.812,1155,0.3487,3
31.6600,20.00,1.0380,-112961,9.9,0.6981,13.962,1152,0.3644,3
31.6800,20.00,1.0922,-123806,9.4,0.6944,13.889,1148,0.3567,3
31.7000,20.00,1.0431,-113983,8.9,0.7005,14.010,1150,0.3695,3
31.7200,20.00,1.0438,-114129,8.5,0.7065,14.131,1147,0.3822,3
31.7400,20.00,1.0240,-110179,8.0,0.7153,14.306,1144,0.4006,3
31.7600,20.00,1.0314,-111652,7.5,0.7222,14.444,1140,0.4151,3
31.7800,20.00,1.0573,-116837,7.1,0.7240,14.480,1137,0.4190,3
31.8000,20.00,1.0543,-116230,6.6,0.7261,14.522,1136,0.4233,3
31.8200,20.00,1.0552,-116414,6.1,0.7277,14.555,1135,0.4268,3
31.8400,20.00,1.0978,-124924,5.7,0.7199,14.397,1134,0.4103,3
31.8600,20.00,1.0906,-123483,5.3,0.7171,14.342,1138,0.4044,3
31.8800,20.00,1.1108,-127523,8.7,0.7115,14.230,1139,0.3926,3
31.9000,20.00,1.0744,-120256,8.3,0.7139,14.279,1142,0.3977,3
31.9200,20.00,1.0445,-114263,7.8,0.7203,14.406,1141,0.4112,3
31.9400,20.00,1.0676,-118888,7.3,0.7247,14.494,1138,0.4204,3
31.9600,20.00,1.0524,-115850,6.9,0.7297,14.594,1136,0.4309,3
31.9800,20.00,1.0535,-116077,6.3,0.7346,14.692,1134,0.4413,3
32.0000,20.00,1.0800,-121363,5.9,0.7341,14.682,1131,0.4402,3
32.0200,20.00,1.0973,-124824,5.5,0.7308,14.616,1131,0.4332,3
32.0400,20.00,1.1201,-129385,5.0,0.7254,14.509,1133,0.4220,3
32.0600,20.00,1.1219,-129751,4.6,0.7214,14.429,1135,0.4136,3
32.0800,20.00,1.1509,-135551,4.1,0.7138,14.276,1137,0.3975,3
32.1000,20.00,1.1671,-138788,7.6,0.7038,14.076,1141,0.3765,3
32.1200,20.00,1.1587,-137098,7.1,0.6998,13.995,1145,0.3679,3
32.1400,20.00,1.1549,-136339,6.7,0.6970,13.940,1147,0.3621,3
32.1600,20.00,1.0926,-123889,6.1,0.7040,14.081,1149,0.3769,3
32.1800,20.00,1.0911,-123592,5.7,0.7097,14.193,1145,0.3888,3
32.2000,20.00,1.1124,-127848,5.1,0.7120,14.241,1143,0.3938,3
32.2200,20.00,1.0712,-119604,4.7,0.7154,14.309,1142,0.4009,3
32.2400,20.00,1.1308,-131524,4.3,0.7166,14.331,1140,0.4033,3
32.2600,20.00,1.1306,-131483,3.9,0.7159,14.319,1140,0.4020,3
32.2800,20.00,1.1290,-131174,3.4,0.7154,14.308,1140,0.4009,3
32.3000,20.00,1.1432,-134003,3.0,0.7123,14.246,1140,0.3943,3
32.3200,20.01,1.1907,-143497,6.4,0.6979,13.957,1141,0.3639,3
32.3400,20.00,1.1857,-142503,5.9,0.6902,13.804,1148,0.3478,3
32.3600,20.00,1.2010,-145552,5.5,0.6809,13.618,1152,0.3282,3
32.3800,20.00,1.1938,-144131,5.0,0.6751,13.501,1156,0.3159,3
32.4000,20.00,1.2324,-151849,4.5,0.6611,13.221,1159,0.2865,3
32.4200,20.00,1.2789,-161132,4.0,0.6311,12.621,1165,0.2233,3
32.4400,20.00,1.3100,-167362,3.6,0.5879,11.758,1179,0.1324,3
32.4600,20.00,1.3200,-169353,3.1,0.5525,11.050,1199,0.0579,3
32.4800,20.00,1.3197,-169305,2.7,0.5195,10.390,1216,-0.0116,3
32.5000,20.00,1.2903,-163425,2.2,0.5079,10.158,1231,-0.0360,3
32.5200,20.00,1.2445,-154255,1.8,0.5123,10.247,1236,-0.0267,3
32.5400,20.00,1.1898,-143326,5.2,0.5279,10.558,1234,0.0061,3
32.5600,20.00,1.1757,-140497,4.8,0.5487,10.974,1227,0.0498,3
32.5800,20.00,1.1436,-134090,4.3,0.5740,11.479,1217,0.1031,3
32.6000,20.00,1.1256,-130495,3.8,0.5989,11.978,1206,0.1556,3
32.6200,20.00,1.1132,-128012,3.4,0.6186,12.373,1194,0.1971,3
32.6400,20.00,1.1441,-134190,2.9,0.6318,12.636,1185,0.2249,3
32.6600,20.00,1.2256,-150485,2.4,0.6152,12.305,1179,0.1900,3
32.6800,20.00,1.2298,-151324,2.0,0.5995,11.989,1187,0.1567,3
32.7000,20.00,1.2547,-156292,1.5,0.5756,11.512,1194,0.1065,3
32.7200,20.00,1.2578,-156914,1.1,0.5561,11.122,1205,0.0654,3
32.7400,20.00,1.3282,-170989,0.6,0.5087,10.173,1214,-0.0344,3
32.7600,20.00,1.2777,-160896,4.1,0.4972,9.945,1236,-0.0585,3
32.7800,20.00,1.3094,-167244,3.6,0.4800,9.601,1241,-0.0947,3
32.8000,20.00,1.2866,-162673,3.1,0.4701,9.402,1249,-0.1155,3
32.8200,20.00,1.3093,-167211,2.7,0.4549,9.097,1254,-0.1476,3
32.8400,20.00,1.3309,-171536,2.1,0.4288,8.576,1261,-0.2025,3
32.8600,20.00,1.2393,-153217,1.7,0.4389,8.778,1273,-0.1813,3
32.8800,20.00,1.1909,-143535,1.3,0.4636,9.272,1268,-0.1293,3
32.9000,20.00,1.1791,-141190,0.8,0.4873,9.746,1257,-0.0794,3
32.9200,20.00,1.2144,-148235,0.4,0.4886,9.772,1246,-0.0766,3
32.9400,20.00,1.2193,-149220,12.1,0.4880,9.760,1245,-0.0778,3
32.9600,20.00,1.2034,-146037,11.6,0.4935,9.871,1246,-0.0662,3
32.9800,20.00,1.2189,-149147,2.9,0.4908,9.815,1243,-0.0721,3
33.0000,20.01,1.2196,-149279,2.4,0.4887,9.775,1244,-0.0763,3
33.0200,19.99,1.1624,-137844,2.0,0.5078,10.155,1245,-0.0363,3
33.0400,20.00,1.2076,-146871,1.5,0.5022,10.043,1236,-0.0481,3
33.0600,20.00,1.1734,-140045,1.0,0.5119,10.237,1239,-0.0277,3
33.0800,20.00,1.1834,-142033,0.5,0.5131,10.262,1234,-0.0251,3
33.1000,20.00,1.2594,-157232,0.1,0.4832,9.663,1234,-0.0881,3
33.1200,20.00,1.2617,-157696,11.9,0.4675,9.351,1248,-0.1210,3
33.1400,20.00,1.2294,-151232,11.4,0.4680,9.360,1255,-0.1199,3
33.1600,20.00,1.2255,-150463,10.9,0.4672,9.345,1255,-0.1216,3
33.1800,20.00,1.2418,-153729,10.4,0.4573,9.147,1255,-0.1424,3
33.2000,20.00,1.1202,-129411,1.7,0.4960,9.919,1260,-0.0612,3
33.2200,20.00,1.0169,-108758,1.3,0.5370,10.741,1242,0.0254,3
33.2400,20.00,0.9765,-100677,0.8,0.5776,11.552,1223,0.1107,3
33.2600,20.00,0.9210,-89569,0.3,0.6237,12.474,1204,0.2078,3
33.2800,20.00,0.9071,-86800,8.2,0.6693,13.386,1183,0.3038,3
33.3000,20.00,0.8673,-78834,7.7,0.7105,14.210,1161,0.3906,3
33.3200,20.00,0.8985,-85083,11.2,0.7433,14.867,1142,0.4597,3
33.3400,20.00,0.9022,-85814,10.7,0.7760,15.519,1127,0.5283,3
33.3600,20.00,0.9300,-91380,10.2,0.7970,15.941,1112,0.5727,3
33.3800,20.00,0.9221,-89802,9.7,0.8185,16.369,1102,0.6178,3
33.4000,20.00,0.9906,-103493,9.3,0.8109,16.218,1092,0.6019,3
33.4200,20.00,1.0646,-118296,0.6,0.7823,15.645,1096,0.5416,3
33.4400,20.00,1.1034,-126056,0.1,0.7489,14.978,1109,0.4714,3
33.4600,20.00,1.1010,-125566,7.9,0.7351,14.703,1124,0.4424,3
33.4800,20.00,1.0648,-118336,7.5,0.7373,14.746,1131,0.4469,3
33.5000,20.00,1.0187,-109106,7.0,0.7477,14.954,1130,0.4689,3
33.5200,20.00,0.9931,-103998,6.5,0.7647,15.294,1125,0.5047,3
33.5400,20.00,0.9696,-99293,10.0,0.7883,15.766,1117,0.5543,3
33.5600,20.00,0.9043,-86243,9.5,0.8272,16.544,1106,0.6362,3
33.5800,20.00,0.9014,-85659,9.1,0.8562,17.125,1088,0.6974,3
33.6000,20.00,0.9413,-93640,8.6,0.8681,17.361,1075,0.7222,3
33.6200,20.00,0.9879,-102944,8.1,0.8665,17.330,1069,0.7189,3
33.6400,20.00,1.0721,-119793,7.6,0.8465,16.931,1070,0.6769,3
33.6600,20.00,1.1391,-133189,7.1,0.8067,16.134,1079,0.5931,3
33.6800,20.00,1.1764,-140643,6.7,0.7681,15.362,1098,0.5118,3
33.7000,20.00,1.2768,-160723,6.3,0.7023,14.045,1116,0.3732,3
33.7200,20.00,1.1985,-145065,5.9,0.7081,14.162,1146,0.3854,3
33.7400,20.00,1.0875,-122864,5.4,0.7200,14.399,1143,0.4104,3
33.7600,20.00,1.0275,-110861,8.8,0.7297,14.594,1138,0.4309,3
33.7800,20.00,1.0333,-112024,8.3,0.7389,14.778,1134,0.4503,3
33.8000,20.00,0.9541,-96201,7.9,0.7734,15.468,1129,0.5229,3
33.8200,20.00,0.8988,-85140,7.4,0.8305,16.611,1113,0.6432,3
33.8400,20.00,0.9557,-96509,7.0,0.8565,17.130,1087,0.6979,3
33.8600,20.00,0.9710,-99574,6.5,0.8706,17.412,1075,0.7276,3
33.8800,19.99,1.0272,-110812,6.0,0.8664,17.328,1068,0.7188,3
33.9000,20.00,1.1147,-128300,5.6,0.8460,16.921,1070,0.6758,3
33.9200,20.00,1.2263,-150629,5.1,0.7817,15.635,1079,0.5405,3
33.9400,20.00,1.3031,-165975,4.7,0.7163,14.325,1109,0.4026,3
33.9600,20.00,1.3248,-170324,4.1,0.6852,13.704,1140,0.3372,3
33.9800,20.00,1.3231,-169980,7.7,0.6656,13.312,1154,0.2960,3
34.0000,20.00,1.3014,-165639,7.1,0.6525,13.050,1163,0.2685,3
34.0200,20.00,1.2747,-160291,6.7,0.6441,12.882,1169,0.2507,3
34.0400,20.00,1.2468,-154728,6.2,0.6438,12.876,1173,0.2501,3
34.0600,20.00,1.1900,-143362,5.8,0.6605,13.210,1173,0.2853,3
34.0800,20.00,1.1703,-139413,5.3,0.6738,13.476,1166,0.3133,3
34.1000,20.00,1.1642,-138198,4.8,0.6823,13.646,1159,0.3312,3
34.1200,20.00,1.2032,-146011,4.4,0.6754,13.509,1155,0.3167,3
34.1400,20.00,1.1974,-144850,3.9,0.6730,13.460,1159,0.3115,3
34.1600,20.00,1.2017,-145710,3.5,0.6701,13.403,1160,0.3056,3
34.1800,20.00,1.2002,-145407,3.1,0.6682,13.365,1161,0.3015,3
34.2000,20.00,1.2027,-145905,6.5,0.6658,13.315,1162,0.2963,3
34.2200,20.00,1.2457,-154508,6.0,0.6498,12.995,1163,0.2626,3
34.2400,20.00,1.2715,-159667,5.6,0.6247,12.494,1170,0.2099,3
34.2600,20.00,1.2798,-161308,5.1,0.5989,11.979,1182,0.1557,3
34.2800,20.00,1.3281,-170984,4.6,0.5591,11.182,1194,0.0717,3
34.3000,20.00,1.3478,-174920,4.1,0.5197,10.393,1213,-0.0112,3
34.3200,20.00,1.3385,-173064,3.7,0.5001,10.002,1231,-0.0524,3
34.3400,20.00,1.2858,-162515,3.2,0.4952,9.903,1240,-0.0628,3
34.3600,20.00,1.2201,-149383,2.8,0.5064,10.128,1242,-0.0391,3
34.3800,20.00,1.2099,-147331,2.3,0.5177,10.354,1237,-0.0153,3
34.4000,20.00,1.2165,-148666,1.9,0.5257,10.515,1232,0.0016,3
34.4200,20.00,1.1930,-143964,5.4,0.5413,10.827,1228,0.0344,3
34.4400,20.00,1.1882,-142998,4.9,0.5584,11.168,1221,0.0703,3
34.4600,20.00,1.2076,-146889,4.4,0.5659,11.317,1213,0.0860,3
34.4800,20.00,1.1704,-139435,3.9,0.5818,11.636,1209,0.1196,3
34.5000,20.00,1.1836,-142077,3.4,0.5899,11.798,1202,0.1367,3
34.5200,20.00,1.2036,-146088,2.9,0.5878,11.756,1198,0.1322,3
34.5400,20.00,1.2058,-146527,2.5,0.5846,11.692,1199,0.1255,3
34.5600,20.00,1.2350,-152361,2.1,0.5686,11.372,1201,0.0917,3
34.5800,20.00,1.2788,-161111,1.6,0.5354,10.708,1208,0.0219,3
34.6000,20.01,1.3147,-168291,1.1,0.4996,9.993,1224,-0.0534,3
34.6200,20.00,1.2934,-164027,0.7,0.4866,9.731,1240,-0.0809,3
34.6400,20.00,1.3153,-168419,4.1,0.4699,9.399,1246,-0.1159,3
34.6600,20.00,1.2855,-162454,3.7,0.4602,9.204,1254,-0.1364,3
34.6800,20.00,1.2264,-150633,3.2,0.4695,9.390,1259,-0.1169,3
34.7000,20.00,1.1780,-140960,2.7,0.4946,9.892,1254,-0.0640,3
34.7200,20.00,1.1233,-130029,2.3,0.5239,10.478,1243,-0.0023,3
34.7400,20.00,1.0599,-117345,1.8,0.5520,11.040,1229,0.0568,3
34.7600,20.00,0.9847,-102319,1.3,0.5955,11.910,1216,0.1485,3
34.7800,20.00,0.9858,-102524,0.9,0.6298,12.597,1196,0.2207,3
34.8000,20.00,0.9507,-95518,0.5,0.6674,13.348,1180,0.2998,3
34.8200,20.00,0.9467,-94709,12.1,0.7006,14.012,1162,0.3697,3
34.8400,20.00,0.9709,-99559,11.7,0.7222,14.445,1147,0.4153,3
34.8600,20.00,0.9888,-103123,3.0,0.7393,14.786,1137,0.4512,3
34.8800,20.00,1.0271,-110796,2.5,0.7482,14.964,1129,0.4699,3
34.9000,20.00,1.1026,-125896,2.0,0.7336,14.671,1125,0.4391,3
34.9200,20.00,1.1514,-135634,1.6,0.7138,14.277,1132,0.3975,3
34.9400,20.00,1.1888,-143115,1.1,0.6906,13.812,1141,0.3486,3
34.9600,20.00,1.1261,-130578,0.6,0.6942,13.884,1152,0.3562,3
34.9800,20.00,1.1147,-128298,0.1,0.6949,13.898,1150,0.3577,3
35.0000,20.00,1.1103,-127418,12.0,0.6954,13.908,1150,0.3588,3
35.0200,20.00,1.0976,-124878,11.5,0.6972,13.945,1149,0.3626,3
35.0400,20.00,1.0848,-122323,11.0,0.7005,14.011,1149,0.3695,3
35.0600,20.00,1.0237,-110103,10.5,0.7100,14.200,1147,0.3895,3
35.0800,20.00,0.9273,-90845,1.9,0.7372,14.745,1143,0.4468,3
35.1000,20.00,0.9483,-95041,1.4,0.7746,15.492,1130,0.5254,3
35.1200,20.00,0.9575,-96882,0.9,0.8067,16.133,1113,0.5929,3
35.1400,20.00,0.9587,-97106,0.4,0.8318,16.636,1098,0.6459,3
35.1600,20.00,0.9507,-95521,8.2,0.8532,17.064,1086,0.6910,3
35.1800,20.00,1.0140,-108166,7.8,0.8501,17.002,1076,0.6844,3
35.2000,20.00,1.0496,-115293,11.3,0.8419,16.838,1078,0.6671,3
35.2200,20.00,1.1370,-132757,10.8,0.8050,16.100,1081,0.5895,3
35.2400,20.00,1.1726,-139884,10.3,0.7671,15.341,1098,0.5096,3
35.2600,20.00,1.2086,-147075,9.8,0.7371,14.741,1116,0.4465,3
35.2800,20.00,1.2501,-155384,9.4,0.7140,14.281,1130,0.3980,3
35.3000,20.00,1.2036,-146075,0.7,0.7086,14.172,1141,0.3866,3
35.3200,20.00,1.1696,-139279,0.2,0.7077,14.154,1143,0.3846,3
35.3400,20.00,1.0912,-123610,8.0,0.7171,14.341,1144,0.4043,3
35.3600,20.00,1.0976,-124881,7.6,0.7219,14.437,1139,0.4144,3
35.3800,20.00,1.0498,-115337,7.1,0.7302,14.604,1137,0.4320,3
35.4000,20.00,0.9785,-101071,6.6,0.7450,14.900,1133,0.4632,3
35.4200,20.00,0.9327,-91922,10.1,0.7923,15.845,1126,0.5627,3
35.4400,20.00,0.9540,-96174,9.6,0.8278,16.557,1104,0.6376,3
35.4600,20.00,0.9635,-98082,9.1,0.8528,17.055,1088,0.6900,3
35.4800,20.00,0.9335,-92072,8.7,0.8750,17.501,1076,0.7369,3
35.5000,20.00,0.9805,-101481,8.1,0.8844,17.689,1066,0.7567,3
35.5200,20.00,1.0898,-123319,7.7,0.8680,17.360,1062,0.7221,3
35.5400,20.00,1.1709,-139538,7.3,0.8273,16.545,1069,0.6364,3
35.5600,20.00,1.2727,-159893,6.8,0.7590,15.181,1088,0.4927,3
35.5800,20.00,1.3185,-169053,6.4,0.7123,14.246,1120,0.3943,3
35.6000,20.00,1.3438,-174118,5.9,0.6759,13.519,1141,0.3178,3
35.6200,20.00,1.3314,-171641,5.5,0.6602,13.205,1158,0.2847,3
35.6400,20.00,1.2754,-160433,8.9,0.6627,13.254,1166,0.2899,3
35.6600,20.00,1.2490,-155166,8.4,0.6661,13.322,1165,0.2970,3
35.6800,20.00,1.1783,-141030,8.0,0.6846,13.691,1163,0.3359,3
35.7000,20.00,1.1472,-134810,7.5,0.6975,13.950,1154,0.3632,3
35.7200,20.00,1.1149,-128354,7.0,0.7099,14.199,1148,0.3894,3
35.7400,20.00,1.1046,-126291,6.6,0.7183,14.366,1143,0.4070,3
35.7600,20.00,1.0739,-120157,6.1,0.7279,14.558,1139,0.4272,3
35.7800,20.00,1.0768,-120731,5.7,0.7356,14.711,1134,0.4433,3
35.8000,20.00,1.0573,-116836,5.1,0.7441,14.882,1131,0.4613,3
35.8200,20.00,1.0359,-112555,4.8,0.7536,15.071,1127,0.4812,3
35.8400,20.00,1.0808,-121536,4.3,0.7589,15.179,1122,0.4925,3
35.8600,20.00,1.1083,-127028,7.7,0.7608,15.217,1120,0.4965,3
35.8800,20.00,1.1355,-132467,7.1,0.7564,15.127,1119,0.4871,3
35.9000,20.01,1.1625,-137866,6.8,0.7473,14.946,1121,0.4681,3
35.9200,20.00,1.1402,-133405,6.3,0.7473,14.945,1125,0.4679,3
35.9400,20.00,1.1782,-141012,5.9,0.7399,14.797,1125,0.4523,3
35.9600,20.00,1.1673,-138827,5.4,0.7365,14.730,1129,0.4453,3
35.9800,20.00,1.1668,-138719,4.9,0.7340,14.681,1130,0.4401,3
36.0000,20.00,1.1674,-138834,4.5,0.7319,14.637,1131,0.4355,3
36.0200,20.00,1.1546,-136274,4.1,0.7326,14.651,1132,0.4370,3
36.0400,20.00,1.1172,-128803,3.6,0.7393,14.787,1132,0.4512,3
36.0600,20.00,1.0728,-119923,3.1,0.7478,14.955,1129,0.4690,3
36.0800,20.00,1.0766,-120691,6.6,0.7542,15.083,1125,0.4824,3
36.1000,20.00,1.1139,-128144,6.1,0.7559,15.118,1122,0.4861,3
36.1200,20.00,1.0936,-124084,5.6,0.7594,15.189,1121,0.4936,3
36.1400,20.00,1.0490,-115166,5.1,0.7670,15.339,1120,0.5094,3
36.1600,20.00,1.0243,-110232,4.7,0.7864,15.727,1116,0.5502,3
36.1800,20.00,1.0148,-108339,4.2,0.8095,16.190,1107,0.5989,3
36.2000,20.00,1.0058,-106522,3.7,0.8300,16.599,1096,0.6420,3
36.2200,20.00,1.0325,-111876,3.3,0.8365,16.730,1087,0.6557,3
36.2400,20.00,1.0338,-112138,2.9,0.8412,16.825,1084,0.6658,3
36.2600,20.00,1.0833,-122029,2.4,0.8359,16.719,1082,0.6546,3
36.2800,20.00,1.0888,-123136,2.0,0.8294,16.587,1084,0.6408,3
36.3000,20.00,1.1481,-134975,5.4,0.8033,16.065,1087,0.5858,3
36.3200,20.00,1.1874,-142847,5.0,0.7837,15.674,1099,0.5446,3
36.3400,20.00,1.1876,-142879,4.5,0.7698,15.397,1108,0.5154,3
36.3600,20.00,1.1684,-139048,4.0,0.7617,15.234,1115,0.4984,3
36.3800,20.00,1.1197,-129313,3.5,0.7646,15.293,1119,0.5045,3
36.4000,20.00,1.0308,-111533,3.1,0.7750,15.500,1117,0.5263,3
36.4200,20.00,1.0003,-105439,2.6,0.7979,15.958,1112,0.5745,3
36.4400,20.00,0.9655,-98476,2.1,0.8288,16.577,1102,0.6396,3
36.4600,20.00,0.9568,-96734,1.7,0.8517,17.035,1087,0.6879,3
36.4800,20.00,0.9635,-98065,1.3,0.8687,17.373,1077,0.7235,3
36.5000,20.00,1.0140,-108174,0.8,0.8701,17.402,1069,0.7265,3
36.5200,20.00,1.0373,-112838,4.3,0.8666,17.332,1068,0.7192,3
36.5400,20.00,1.0507,-115514,3.8,0.8617,17.235,1070,0.7089,3
36.5600,20.00,1.1311,-131581,3.3,0.8405,16.809,1072,0.6641,3
36.5800,20.00,1.1671,-138790,2.8,0.8062,16.123,1082,0.5919,3
36.6000,20.00,1.1496,-135275,2.4,0.7922,15.844,1098,0.5625,3
36.6200,20.00,1.1628,-137929,1.9,0.7814,15.629,1105,0.5399,3
36.6400,20.00,1.1194,-129252,1.4,0.7815,15.631,1109,0.5401,3
36.6600,20.00,1.0444,-114256,1.0,0.7886,15.772,1109,0.5549,3
36.6800,20.00,1.0123,-107836,0.5,0.8075,16.149,1106,0.5947,3
36.7000,20.00,0.9830,-101968,0.1,0.8308,16.616,1097,0.6438,3
36.7200,20.01,0.9430,-93969,3.6,0.8558,17.117,1086,0.6965,3
36.7400,20.00,0.9772,-100821,3.1,0.8701,17.402,1075,0.7265,3
36.7600,20.00,1.0238,-110125,2.6,0.8687,17.374,1068,0.7236,3
36.7800,20.00,1.0590,-117159,2.1,0.8619,17.237,1069,0.7092,3
36.8000,20.00,1.0880,-122969,1.6,0.8513,17.026,1072,0.6869,3
36.8200,20.00,1.1517,-135700,1.1,0.8209,16.418,1077,0.6230,3
36.8400,20.00,1.1303,-131426,0.7,0.8066,16.132,1091,0.5929,3
36.8600,20.00,1.1108,-127526,0.3,0.8017,16.035,1098,0.5826,3
36.8800,20.00,1.0988,-125125,12.0,0.7992,15.983,1100,0.5772,3
36.9000,20.00,1.1012,-125616,11.6,0.7966,15.931,1101,0.5717,3
36.9200,20.00,1.0143,-108224,11.1,0.8122,16.245,1102,0.6047,3
36.9400,20.00,1.0142,-108207,10.6,0.8260,16.520,1095,0.6337,3
36.9600,20.00,1.0012,-105608,1.9,0.8394,16.787,1089,0.6618,3
36.9800,20.00,0.9805,-101469,1.4,0.8562,17.124,1082,0.6973,3
37.0000,20.00,1.0147,-108304,0.9,0.8606,17.212,1075,0.7065,3
37.0200,20.00,1.0254,-110459,0.5,0.8616,17.232,1073,0.7086,3
37.0400,20.00,1.0703,-119419,0.0,0.8545,17.090,1072,0.6937,3
37.0600,20.00,1.0894,-123247,7.9,0.8446,16.892,1076,0.6729,3
37.0800,20.00,1.0846,-122282,11.3,0.8364,16.729,1080,0.6556,3
37.1000,20.00,1.1185,-129075,10.9,0.8220,16.441,1084,0.6253,3
37.1200,20.00,1.1984,-145045,10.4,0.7902,15.803,1091,0.5583,3
37.1400,20.00,1.1745,-140266,9.9,0.7758,15.516,1105,0.5280,3
37.1600,20.00,1.1150,-128361,9.4,0.7772,15.544,1112,0.5310,3
37.1800,20.00,1.0706,-119485,0.8,0.7820,15.641,1111,0.5411,3
37.2000,20.00,1.0236,-110084,0.3,0.7971,15.941,1109,0.5728,3
37.2200,20.00,1.0086,-107087,8.1,0.8157,16.315,1102,0.6121,3
37.2400,20.00,1.0498,-115319,7.6,0.8220,16.440,1094,0.6252,3
37.2600,20.00,1.0216,-109690,7.1,0.8309,16.618,1091,0.6440,3
37.2800,20.00,1.0506,-115481,6.7,0.8335,16.670,1086,0.6494,3
37.3000,20.00,1.0518,-115733,10.1,0.8347,16.694,1085,0.6520,3
37.3200,20.00,1.0930,-123968,9.7,0.8288,16.576,1085,0.6396,3
37.3400,20.00,1.1048,-126321,9.2,0.8197,16.393,1087,0.6204,3
37.3600,20.00,1.1182,-129001,8.7,0.8063,16.127,1092,0.5923,3
37.3800,20.00,1.0973,-124831,8.3,0.8029,16.057,1098,0.5850,3
37.4000,20.00,1.1440,-134173,7.8,0.7891,15.782,1099,0.5560,3
37.4200,20.00,1.1281,-130976,7.4,0.7849,15.698,1106,0.5471,3
37.4400,20.00,1.0861,-122578,6.9,0.7868,15.736,1108,0.5512,3
37.4600,19.99,1.0941,-124183,6.5,0.7879,15.758,1107,0.5535,3
37.4800,20.00,1.0546,-116279,6.0,0.7949,15.897,1106,0.5681,3
37.5000,20.00,1.0576,-116892,9.5,0.8028,16.056,1103,0.5848,3
37.5200,20.00,1.0608,-117527,9.0,0.8091,16.182,1099,0.5981,3
37.5400,20.00,0.9883,-103041,8.5,0.8294,16.587,1097,0.6408,3
37.5600,20.00,0.9903,-103438,8.1,0.8442,16.883,1087,0.6719,3
37.5800,20.00,1.0450,-114379,7.6,0.8452,16.904,1080,0.6741,3
37.6000,20.00,1.0781,-120983,7.2,0.8397,16.793,1080,0.6624,3
37.6200,20.00,1.1112,-127596,6.7,0.8278,16.556,1082,0.6375,3
37.6400,20.00,1.1474,-134836,6.1,0.8021,16.043,1088,0.5835,3
37.6600,20.00,1.1543,-136232,5.8,0.7884,15.768,1100,0.5546,3
37.6800,20.00,1.1882,-142992,5.3,0.7740,15.480,1106,0.5242,3
37.7000,20.00,1.1625,-137861,4.8,0.7664,15.329,1113,0.5083,3
37.7200,20.00,1.1934,-144040,8.3,0.7551,15.103,1116,0.4845,3
37.7400,20.00,1.1813,-141622,7.9,0.7498,14.997,1122,0.4733,3
37.7600,20.00,1.1221,-129779,7.4,0.7560,15.120,1124,0.4863,3
37.7800,20.00,1.1400,-133355,6.9,0.7556,15.111,1121,0.4854,3
37.8000,20.00,1.1526,-135891,6.4,0.7532,15.064,1121,0.4804,3
37.8200,20.00,1.0954,-124440,6.0,0.7624,15.249,1123,0.4999,3
37.8400,20.00,1.0439,-114140,5.5,0.7691,15.382,1118,0.5139,3
37.8600,20.00,1.0777,-120911,5.1,0.7773,15.545,1115,0.5311,3
37.8800,20.00,1.0208,-109521,4.6,0.7927,15.855,1111,0.5637,3
37.9000,20.00,1.0125,-107876,4.1,0.8112,16.223,1104,0.6024,3
37.9200,20.00,1.0420,-113772,3.7,0.8202,16.405,1096,0.6216,3
37.9400,20.00,1.0775,-120871,7.1,0.8204,16.407,1092,0.6218,3
37.9600,20.00,1.1187,-129100,6.7,0.8072,16.145,1091,0.5942,3
37.9800,20.00,1.1547,-136296,6.2,0.7895,15.790,1098,0.5568,3
38.0000,20.00,1.1979,-144937,5.7,0.7729,15.458,1106,0.5218,3
38.0200,20.00,1.2163,-148624,5.3,0.7560,15.120,1113,0.4863,3
38.0400,20.00,1.1943,-144223,4.8,0.7485,14.970,1121,0.4706,3
38.0600,20.00,1.1717,-139706,4.3,0.7461,14.921,1125,0.4654,3
38.0800,20.00,1.1347,-132306,3.9,0.7502,15.004,1126,0.4741,3
38.1000,20.00,1.1312,-131604,3.4,0.7529,15.057,1124,0.4797,3
38.1200,20.00,1.2018,-145724,3.0,0.7442,14.885,1123,0.4615,3
38.1400,20.00,1.1901,-143377,2.5,0.7400,14.799,1127,0.4525,3
38.1600,20.00,1.1525,-135867,6.0,0.7421,14.841,1129,0.4570,3
38.1800,20.00,1.1254,-130437,5.5,0.7478,14.956,1128,0.4690,3
38.2000,20.00,1.1285,-131059,5.0,0.7505,15.010,1125,0.4747,3
38.2200,20.00,1.1314,-131642,4.6,0.7522,15.044,1124,0.4784,3
38.2400,20.00,1.1705,-139472,4.1,0.7469,14.939,1123,0.4672,3
38.2600,20.00,1.2032,-146005,3.6,0.7406,14.813,1125,0.4540,3
38.2800,20.00,1.1917,-143700,3.1,0.7369,14.738,1128,0.4461,3
38.3000,20.00,1.1467,-134702,2.7,0.7406,14.812,1130,0.4539,3
38.3200,20.00,1.1563,-136615,2.3,0.7404,14.808,1128,0.4534,3
38.3400,20.00,1.1984,-145044,1.8,0.7350,14.700,1128,0.4421,3
38.3600,20.00,1.1870,-142754,1.4,0.7323,14.646,1131,0.4364,3
38.3800,20.00,1.2007,-145507,5.0,0.7286,14.572,1132,0.4286,3
38.4000,20.00,1.1897,-143295,4.3,0.7265,14.530,1134,0.4242,3
38.4200,20.00,1.2412,-153602,3.9,0.7176,14.353,1135,0.4055,3
38.4400,20.00,1.2987,-165094,3.4,0.6956,13.912,1139,0.3592,3
38.4600,20.00,1.2937,-164106,2.9,0.6780,13.560,1149,0.3221,3
38.4800,20.00,1.2844,-162234,2.4,0.6625,13.250,1157,0.2895,3
38.5000,20.00,1.2981,-164974,2.0,0.6385,12.770,1165,0.2390,3
38.5200,20.00,1.2412,-153590,1.5,0.6438,12.875,1176,0.2500,3
38.5400,20.00,1.2700,-159353,1.1,0.6288,12.576,1173,0.2185,3
38.5600,20.00,1.2639,-158143,0.6,0.6184,12.367,1180,0.1966,3
38.5800,20.00,1.2139,-148150,0.1,0.6308,12.616,1185,0.2227,3
38.6000,20.00,1.2167,-148701,3.7,0.6383,12.766,1179,0.2385,3
38.6200,20.00,1.2799,-161339,3.1,0.6120,12.239,1176,0.1831,3
38.6400,20.00,1.2917,-163696,2.7,0.5888,11.775,1188,0.1342,3
38.6600,20.00,1.2584,-157042,2.2,0.5865,11.729,1199,0.1294,3
38.6800,20.00,1.2434,-154031,1.7,0.5883,11.767,1200,0.1333,3
38.7000,20.00,1.2119,-147748,1.2,0.5975,11.951,1199,0.1527,3
38.7200,20.00,1.1493,-135221,0.8,0.6213,12.427,1195,0.2028,3
38.7400,20.00,1.1311,-131592,0.4,0.6459,12.919,1184,0.2546,3
38.7600,20.00,1.1794,-141240,12.1,0.6557,13.114,1172,0.2752,3
38.7800,20.00,1.1597,-137299,11.7,0.6641,13.282,1168,0.2928,3
38.8000,20.00,1.2003,-145421,11.1,0.6592,13.183,1164,0.2824,3
38.8200,20.00,1.2612,-157592,2.5,0.6345,12.690,1166,0.2305,3
38.8400,20.00,1.3147,-168290,2.0,0.5872,11.745,1178,0.1310,3
38.8600,20.00,1.3849,-182324,1.6,0.5271,10.543,1200,0.0045,3
38.8800,20.00,1.3693,-179208,1.1,0.5012,10.023,1227,-0.0502,3
38.9000,20.00,1.3342,-172203,0.6,0.4854,9.708,1240,-0.0833,3
38.9200,20.00,1.2766,-160684,0.1,0.4832,9.664,1247,-0.0880,3
38.9400,20.00,1.2364,-152638,11.9,0.4912,9.824,1248,-0.0712,3
38.9600,20.00,1.1564,-136651,11.4,0.5150,10.301,1244,-0.0210,3
38.9800,20.00,1.1039,-126143,10.9,0.5508,11.015,1233,0.0542,3
39.0000,20.00,1.0699,-119349,10.5,0.5870,11.739,1216,0.1305,3
39.0200,20.00,1.0329,-111951,10.0,0.6196,12.391,1200,0.1991,3
39.0400,20.00,1.0299,-111359,1.3,0.6480,12.961,1185,0.2590,3
39.0600,20.00,1.1136,-128084,0.9,0.6691,13.382,1171,0.3034,3
39.0800,20.00,1.1381,-132993,0.4,0.6776,13.552,1162,0.3213,3
39.1000,20.00,1.1477,-134908,8.1,0.6766,13.531,1158,0.3191,3
39.1200,20.00,1.2021,-145791,7.7,0.6584,13.168,1158,0.2808,3
39.1400,20.00,1.2627,-157907,7.3,0.6298,12.595,1166,0.2206,3
39.1600,20.00,1.3072,-166793,10.7,0.5820,11.640,1180,0.1199,3
39.1800,20.00,1.3959,-184527,10.3,0.5084,10.169,1202,-0.0349,3
39.2000,20.00,1.3846,-182266,9.8,0.4813,9.626,1236,-0.0920,3
39.2200,20.00,1.3693,-179203,9.3,0.4523,9.046,1249,-0.1531,3
39.2400,20.00,1.3724,-179833,8.8,0.4166,8.332,1262,-0.2283,3
39.2600,20.00,1.2791,-161183,0.1,0.4191,8.382,1279,-0.2230,3
39.2800,20.00,1.2401,-153385,7.9,0.4341,8.682,1278,-0.1914,3
39.3000,20.00,1.1347,-132308,7.4,0.4739,9.478,1271,-0.1076,3
39.3200,20.00,1.0448,-114332,7.0,0.5226,10.452,1252,-0.0050,3
39.3400,20.00,0.9507,-95520,6.6,0.5908,11.816,1230,0.1385,3
39.3600,20.00,0.9072,-86817,6.1,0.6421,12.842,1198,0.2465,3
39.3800,20.00,0.9091,-87188,9.6,0.6837,13.675,1174,0.3342,3
39.4000,20.00,0.9879,-102944,9.1,0.7072,14.145,1155,0.3837,3
39.4200,20.00,1.0189,-109159,8.6,0.7217,14.435,1144,0.4142,3
39.4400,20.00,1.1005,-125473,8.1,0.7162,14.324,1137,0.4025,3
39.4600,20.00,1.1992,-145199,7.7,0.6843,13.686,1140,0.3354,3
39.4800,20.00,1.2826,-161882,7.1,0.6331,12.662,1154,0.2275,3
39.5000,20.00,1.3249,-170342,6.7,0.5783,11.567,1178,0.1123,3
39.5200,20.00,1.3440,-174162,6.3,0.5361,10.721,1204,0.0233,3
39.5400,20.00,1.3430,-173954,5.8,0.5030,10.059,1223,-0.0464,3
39.5600,20.00,1.3144,-168226,5.4,0.4844,9.688,1239,-0.0855,3
39.5800,20.00,1.2822,-161791,4.9,0.4761,9.523,1247,-0.1029,3
39.6000,19.99,1.1819,-141748,8.4,0.5006,10.011,1251,-0.0515,3
39.6200,20.00,1.1277,-130913,7.9,0.5284,10.569,1240,0.0072,3
39.6400,20.00,1.0542,-116215,7.5,0.5576,11.152,1227,0.0687,3
39.6600,20.00,1.0199,-109358,7.0,0.5911,11.822,1213,0.1391,3
39.6800,20.00,0.9852,-102420,6.5,0.6278,12.556,1198,0.2164,3
39.7000,20.00,0.9438,-94143,6.0,0.6674,13.348,1181,0.2998,3
39.7200,20.00,0.9373,-92828,5.6,0.7025,14.051,1162,0.3738,3
39.7400,20.00,0.9548,-96335,5.1,0.7283,14.565,1146,0.4279,3
39.7600,20.00,0.9290,-91172,4.7,0.7683,15.367,1134,0.5123,3
39.7800,20.00,0.9919,-103761,4.2,0.7822,15.644,1115,0.5414,3
39.8000,20.00,1.0547,-116306,3.8,0.7739,15.477,1109,0.5239,3
39.8200,20.00,1.1083,-127032,7.3,0.7501,15.002,1113,0.4739,3
39.8400,20.00,1.1353,-132419,6.8,0.7306,14.613,1124,0.4329,3
39.8600,20.00,1.1640,-138154,6.3,0.7123,14.245,1133,0.3943,3
39.8800,20.00,1.1826,-141881,5.8,0.6949,13.898,1141,0.3577,3
39.9000,20.00,1.2082,-146992,5.4,0.6770,13.540,1150,0.3200,3
39.9200,20.00,1.2212,-149609,4.9,0.6614,13.227,1158,0.2871,3
39.9400,20.00,1.1760,-140564,4.4,0.6609,13.219,1165,0.2862,3
39.9600,20.00,1.1078,-126935,4.0,0.6701,13.403,1165,0.3056,3
39.9800,20.00,1.0494,-115257,3.5,0.6801,13.603,1161,0.3266,3
40.0000,20.00,1.0119,-107759,3.1,0.6961,13.921,1156,0.3601,3
40.0200,20.00,1.0641,-118181,2.6,0.7072,14.144,1149,0.3836,3
40.0400,20.00,1.0451,-114392,6.1,0.7166,14.333,1144,0.4034,3
40.0600,20.00,1.0741,-120196,5.6,0.7228,14.456,1140,0.4165,3
40.0800,19.99,1.0365,-112678,5.1,0.7282,14.563,1137,0.4277,3
40.1000,20.00,1.0730,-119976,4.7,0.7342,14.684,1134,0.4404,3
40.1200,19.99,1.0567,-116699,4.1,0.7381,14.762,1131,0.4486,3
40.1400,20.00,1.0701,-119378,3.7,0.7402,14.804,1130,0.4530,3
40.1600,20.00,1.1250,-130364,3.2,0.7363,14.726,1129,0.4449,3
40.1800,20.00,1.1714,-139639,2.8,0.7223,14.447,1130,0.4154,3
40.2000,20.00,1.2076,-146890,2.4,0.7051,14.103,1137,0.3793,3
40.2200,20.00,1.1832,-142000,1.9,0.6986,13.973,1145,0.3656,3
40.2400,20.00,1.0811,-121586,1.5,0.7090,14.181,1148,0.3875,3
40.2600,20.00,1.0880,-122963,4.9,0.7156,14.313,1143,0.4013,3
40.2800,20.00,1.1234,-130045,4.4,0.7182,14.363,1140,0.4067,3
40.3000,20.00,1.2217,-149691,4.0,0.6975,13.949,1139,0.3631,3
40.3200,20.00,1.2081,-146973,3.5,0.6874,13.749,1148,0.3420,3
40.3400,20.00,1.1495,-135257,3.0,0.6937,13.874,1153,0.3552,3
40.3600,20.00,1.0866,-122684,2.5,0.7038,14.076,1150,0.3765,3
40.3800,20.00,1.1076,-126894,2.1,0.7096,14.191,1145,0.3886,3
40.4000,20.00,1.2063,-146629,1.6,0.6938,13.876,1143,0.3553,3
40.4200,20.00,1.2513,-155628,1.1,0.6732,13.463,1150,0.3119,3
40.4400,20.00,1.1944,-144238,0.7,0.6714,13.429,1160,0.3083,3
40.4600,20.00,1.1512,-135612,0.3,0.6804,13.607,1160,0.3271,3
40.4800,20.00,1.1527,-135907,3.7,0.6839,13.677,1156,0.3344,3
40.5000,20.00,1.2145,-148267,3.3,0.6689,13.378,1155,0.3030,3
40.5200,20.00,1.2433,-154019,2.8,0.6522,13.045,1162,0.2679,3
40.5400,20.00,1.2181,-148981,2.3,0.6470,12.939,1169,0.2567,3
40.5600,20.00,1.1757,-140502,1.8,0.6516,13.031,1172,0.2665,3
40.5800,20.00,1.0754,-120454,1.3,0.6633,13.265,1170,0.2911,3
40.6000,20.00,1.0115,-107676,0.9,0.6854,13.708,1164,0.3376,3
40.6200,20.00,1.0459,-114542,0.5,0.7030,14.060,1154,0.3747,3
40.6400,20.01,1.1192,-129214,0.0,0.7123,14.245,1146,0.3942,3
40.6600,19.99,1.1046,-126285,11.7,0.7159,14.317,1141,0.4018,3
40.6800,20.00,1.0330,-111965,11.2,0.7226,14.452,1140,0.4160,3
40.7000,20.00,1.0722,-119817,2.6,0.7276,14.553,1137,0.4266,3
40.7200,20.00,1.1736,-140081,2.1,0.7200,14.399,1134,0.4104,3
40.7400,20.00,1.2356,-152483,1.6,0.6993,13.986,1138,0.3670,3
40.7600,20.00,1.2271,-150783,1.1,0.6867,13.733,1147,0.3404,3
40.7800,20.00,1.2934,-164046,0.7,0.6520,13.040,1153,0.2674,3
40.8000,20.00,1.2801,-161377,0.1,0.6296,12.593,1169,0.2203,3
40.8200,20.00,1.2845,-162255,12.0,0.6037,12.074,1180,0.1657,3
40.8400,20.00,1.2458,-154509,11.5,0.5993,11.987,1192,0.1565,3
40.8600,20.00,1.2165,-148670,11.0,0.6024,12.048,1194,0.1629,3
40.8800,20.00,1.2184,-149044,10.6,0.6009,12.017,1192,0.1597,3
40.9000,20.00,1.1106,-127483,10.0,0.6247,12.493,1193,0.2098,3
40.9200,20.00,1.0702,-119398,1.4,0.6435,12.870,1182,0.2495,3
40.9400,20.00,1.0954,-124453,0.9,0.6633,13.266,1173,0.2912,3
40.9600,20.00,1.1121,-127786,0.5,0.6786,13.572,1164,0.3234,3
40.9800,20.00,1.1334,-132051,8.3,0.6872,13.744,1157,0.3415,3
41.0000,20.00,1.1213,-129630,7.8,0.6925,13.849,1153,0.3525,3
41.0200,20.00,1.0707,-119513,7.4,0.6984,13.969,1151,0.3651,3
41.0400,20.00,1.0254,-110442,10.8,0.7087,14.173,1148,0.3866,3
41.0600,20.00,1.0424,-113855,10.4,0.7182,14.363,1143,0.4067,3
41.0800,20.00,1.0586,-117083,9.9,0.7258,14.516,1139,0.4227,3
41.1000,20.00,1.0815,-121674,9.4,0.7304,14.608,1135,0.4324,3
41.1200,20.00,1.1224,-129851,8.9,0.7300,14.601,1133,0.4316,3
41.1400,20.00,1.1720,-139771,0.3,0.7194,14.388,1133,0.4093,3
41.1600,20.00,1.2104,-147445,8.0,0.7033,14.067,1138,0.3754,3
41.1800,20.00,1.1696,-139273,7.5,0.7015,14.031,1146,0.3717,3
41.2000,20.00,1.1365,-132665,7.1,0.7062,14.125,1147,0.3816,3
41.2200,20.00,1.1039,-126147,6.6,0.7108,14.215,1144,0.3911,3
41.2400,20.00,1.1088,-127123,6.1,0.7140,14.280,1142,0.3979,3
41.2600,20.00,1.1168,-128731,9.6,0.7161,14.322,1141,0.4023,3
41.2800,20.00,1.1145,-128256,9.1,0.7176,14.351,1140,0.4054,3
41.3000,20.00,1.0743,-120219,8.7,0.7223,14.446,1139,0.4153,3
41.3200,20.00,1.0347,-112315,8.2,0.7309,14.617,1137,0.4334,3
41.3400,20.00,1.0812,-121610,7.8,0.7349,14.698,1133,0.4419,3
41.3600,19.99,1.0655,-118463,7.3,0.7404,14.808,1131,0.4535,3
41.3800,20.00,1.0391,-113187,6.8,0.7473,14.947,1128,0.4681,3
41.4000,20.00,1.0268,-110722,6.4,0.7603,15.205,1125,0.4953,3
41.4200,20.00,1.0488,-115130,5.9,0.7709,15.418,1119,0.5177,3
41.4400,20.00,1.0882,-123002,5.5,0.7695,15.389,1114,0.5147,3
41.4600,20.00,1.1086,-127086,5.0,0.7641,15.282,1115,0.5034,3
41.4800,20.00,1.1546,-136293,8.5,0.7507,15.014,1118,0.4751,3
41.5000,20.00,1.0784,-121046,8.0,0.7544,15.087,1124,0.4829,3
41.5200,20.00,1.0465,-114664,7.6,0.7634,15.268,1122,0.5019,3
41.5400,20.00,1.1235,-130059,7.1,0.7616,15.233,1118,0.4982,3
41.5600,20.00,1.0841,-122196,6.6,0.7634,15.268,1119,0.5019,3
41.5800,20.00,1.0549,-116350,6.1,0.7704,15.409,1118,0.5167,3
41.6000,20.00,1.0476,-114885,5.7,0.7818,15.635,1114,0.5406,3
41.6200,20.01,1.0334,-112053,5.2,0.7990,15.980,1109,0.5768,3
41.6400,20.00,0.9717,-99707,4.8,0.8314,16.629,1101,0.6451,3
41.6600,20.00,1.0161,-108593,4.3,0.8430,16.861,1086,0.6695,3
41.6800,20.00,1.1482,-134998,3.8,0.8148,16.296,1081,0.6101,3
41.7000,20.00,1.1569,-136747,7.3,0.7925,15.850,1094,0.5632,3
41.7200,20.00,1.2138,-148126,6.9,0.7705,15.410,1104,0.5168,3
41.7400,20.00,1.2015,-145655,6.4,0.7548,15.096,1114,0.4838,3
41.7600,20.00,1.2072,-146792,5.9,0.7444,14.889,1122,0.4620,3
41.7800,20.00,1.1403,-133425,5.4,0.7472,14.944,1127,0.4678,3
41.8000,20.00,1.0898,-123324,4.9,0.7562,15.124,1125,0.4867,3
41.8200,20.00,1.0715,-119671,4.5,0.7629,15.257,1121,0.5008,3
41.8400,20.00,1.0854,-122440,4.1,0.7695,15.390,1118,0.5147,3
41.8600,20.00,1.0348,-112337,3.6,0.7821,15.642,1115,0.5413,3
41.8800,20.00,1.0302,-111408,3.1,0.8001,16.001,1109,0.5791,3
41.9000,20.00,1.0464,-114646,2.7,0.8107,16.214,1101,0.6015,3
41.9200,20.00,1.0199,-109346,6.1,0.8234,16.469,1096,0.6283,3
41.9400,20.00,1.0531,-115981,5.7,0.8270,16.540,1090,0.6358,3
41.9600,20.00,1.0967,-124713,5.2,0.8215,16.430,1088,0.6242,3
41.9800,19.99,1.1321,-131775,4.7,0.8033,16.066,1091,0.5859,3
42.0000,20.00,1.1742,-140197,4.3,0.7847,15.695,1099,0.5468,3
42.0200,20.00,1.1815,-141669,3.8,0.7718,15.436,1108,0.5196,3
42.0400,20.01,1.1748,-140330,3.3,0.7626,15.252,1114,0.5002,3
42.0600,20.00,1.1563,-136623,2.9,0.7573,15.146,1118,0.4890,3
42.0800,20.00,1.1482,-135003,2.4,0.7564,15.128,1121,0.4872,3
42.1000,20.00,1.1377,-132913,2.0,0.7576,15.153,1121,0.4897,3
42.1200,20.00,1.0845,-122261,1.5,0.7660,15.320,1121,0.5073,3
42.1400,20.00,1.0295,-111270,5.0,0.7757,15.514,1117,0.5278,3
42.1600,20.00,1.0278,-110938,4.5,0.7917,15.834,1112,0.5615,3
42.1800,20.00,1.0501,-115394,4.0,0.8023,16.047,1105,0.5839,3
42.2000,20.01,1.0461,-114596,3.6,0.8119,16.238,1100,0.6040,3
42.2200,20.00,1.0547,-116299,3.1,0.8177,16.355,1095,0.6163,3
42.2400,20.00,1.0739,-120150,2.6,0.8187,16.374,1093,0.6183,3
42.2600,20.00,1.1161,-128576,2.1,0.8065,16.131,1092,0.5927,3
42.2800,20.00,1.1235,-130066,1.7,0.7963,15.925,1098,0.5711,3
42.3000,20.00,1.1530,-135960,1.2,0.7842,15.684,1102,0.5457,3
42.3200,20.00,1.1232,-130008,0.8,0.7822,15.645,1108,0.5416,3
42.3400,20.00,1.1168,-128732,0.4,0.7811,15.621,1109,0.5391,3
42.3600,20.00,1.1456,-134481,12.0,0.7747,15.494,1110,0.5257,3
42.3800,20.00,1.1501,-135382,3.3,0.7693,15.386,1113,0.5143,3
42.4000,20.00,1.1136,-128084,2.9,0.7718,15.435,1115,0.5195,3
42.4200,20.00,1.0739,-120156,2.4,0.7754,15.507,1114,0.5271,3
42.4400,20.00,1.0749,-120356,1.9,0.7811,15.622,1112,0.5392,3
42.4600,20.00,1.0949,-124342,1.4,0.7837,15.674,1110,0.5446,3
42.4800,20.00,1.1155,-128464,1.0,0.7833,15.667,1108,0.5439,3
42.5000,20.00,1.0718,-119723,0.5,0.7868,15.737,1108,0.5512,3
42.5200,20.00,1.1046,-126282,0.1,0.7868,15.736,1107,0.5511,3
42.5400,20.00,1.1061,-126582,11.8,0.7862,15.723,1107,0.5498,3
42.5600,20.00,1.1145,-128268,11.3,0.7846,15.692,1107,0.5465,3
42.5800,20.00,1.1577,-136899,10.9,0.7751,15.503,1108,0.5266,3
42.6000,20.00,1.0984,-125037,2.2,0.7781,15.562,1112,0.5328,3
42.6200,20.00,1.1036,-126088,1.7,0.7798,15.596,1111,0.5364,3
42.6400,20.00,1.1304,-131436,1.2,0.7767,15.534,1110,0.5299,3
42.6600,20.00,1.1321,-131782,0.7,0.7740,15.479,1112,0.5241,3
42.6800,20.00,1.0968,-124728,0.3,0.7765,15.531,1113,0.5296,3
42.7000,20.00,1.1309,-131543,8.1,0.7744,15.488,1112,0.5250,3
42.7200,20.00,1.1453,-134434,11.6,0.7696,15.393,1113,0.5150,3
42.7400,20.00,1.1242,-130198,11.1,0.7700,15.400,1115,0.5158,3
42.7600,20.00,1.1070,-126758,10.7,0.7729,15.458,1115,0.5219,3
42.7800,20.00,1.0744,-120241,10.1,0.7760,15.521,1113,0.5285,3
42.8000,20.00,1.0672,-118802,9.7,0.7825,15.651,1112,0.5422,3
42.8200,20.00,1.1180,-128964,1.0,0.7829,15.658,1109,0.5430,3
42.8400,20.00,1.0795,-121260,0.5,0.7859,15.717,1109,0.5492,3
42.8600,20.00,1.0960,-124567,0.1,0.7869,15.738,1107,0.5514,3
42.8800,20.00,1.0808,-121522,7.9,0.7900,15.801,1107,0.5580,3
42.9000,20.00,1.0893,-123225,7.4,0.7915,15.831,1105,0.5611,3
42.9200,20.00,1.0998,-125327,7.0,0.7909,15.818,1105,0.5598,3
42.9400,20.00,1.1413,-133626,10.4,0.7829,15.658,1105,0.5430,3
42.9600,20.00,1.1399,-133354,9.9,0.7778,15.557,1109,0.5323,3
42.9800,20.00,1.1025,-125867,9.5,0.7796,15.592,1111,0.5360,3
43.0000,20.00,1.1047,-126300,9.0,0.7806,15.612,1110,0.5381,3
43.0200,20.00,1.1286,-131075,8.5,0.7776,15.552,1110,0.5318,3
43.0400,20.00,1.1400,-133368,8.0,0.7731,15.463,1111,0.5224,3
43.0600,20.00,1.1331,-131992,7.6,0.7711,15.422,1113,0.5181,3
43.0800,20.00,1.0944,-124246,7.1,0.7745,15.490,1114,0.5253,3
43.1000,20.00,1.0977,-124908,6.7,0.7774,15.547,1113,0.5313,3
43.1200,20.00,1.1255,-130470,6.3,0.7760,15.520,1111,0.5284,3
43.1400,20.00,1.1283,-131018,5.8,0.7740,15.480,1112,0.5243,3
43.1600,20.00,1.1094,-127250,9.3,0.7757,15.514,1113,0.5278,3
43.1800,20.00,1.0880,-122971,8.8,0.7777,15.555,1112,0.5321,3
43.2000,20.00,1.1024,-125841,8.3,0.7802,15.604,1111,0.5373,3
43.2200,20.00,1.0970,-124772,7.8,0.7814,15.628,1110,0.5398,3
43.2400,20.00,1.1419,-133744,7.4,0.7764,15.528,1109,0.5292,3
43.2600,20.00,1.1064,-126646,6.9,0.7783,15.565,1112,0.5332,3
43.2800,20.00,1.1013,-125628,6.4,0.7795,15.589,1111,0.5357,3
43.3000,20.00,1.1575,-136865,6.0,0.7714,15.428,1110,0.5187,3
43.3200,20.00,1.1385,-133059,5.6,0.7692,15.384,1114,0.5142,3
43.3400,20.00,1.1293,-131232,5.1,0.7687,15.374,1115,0.5130,3
43.3600,20.00,1.1015,-125673,4.7,0.7724,15.448,1115,0.5209,3
43.3800,20.00,1.0954,-124447,8.1,0.7753,15.505,1114,0.5268,3
43.4000,20.00,1.0692,-119212,7.6,0.7797,15.594,1112,0.5362,3
43.4200,20.00,1.0745,-120273,7.1,0.7854,15.708,1110,0.5482,3
43.4400,20.00,1.0918,-123727,6.7,0.7877,15.754,1108,0.5531,3
43.4600,20.00,1.0990,-125163,6.1,0.7880,15.760,1107,0.5537,3
43.4800,20.00,1.0935,-124060,5.7,0.7888,15.777,1106,0.5554,3
43.5000,20.00,1.1103,-127421,5.3,0.7871,15.742,1106,0.5518,3
43.5200,20.00,1.1085,-127074,4.8,0.7859,15.717,1107,0.5492,3
43.5400,20.00,1.1135,-128070,4.4,0.7844,15.687,1107,0.5460,3
43.5600,20.00,1.1380,-132972,3.9,0.7787,15.574,1108,0.5341,3
43.5800,20.00,1.1203,-129432,3.5,0.7778,15.555,1111,0.5321,3
43.6000,20.00,1.1139,-128151,6.9,0.7778,15.557,1111,0.5323,3
43.6200,20.00,1.0959,-124556,6.5,0.7792,15.583,1111,0.5351,3
43.6400,20.00,1.1309,-131538,6.0,0.7766,15.532,1111,0.5297,3
43.6600,20.00,1.0985,-125058,5.5,0.7785,15.571,1112,0.5338,3
43.6800,20.00,1.0877,-122899,5.0,0.7805,15.611,1111,0.5380,3
43.7000,20.00,1.0711,-119579,4.6,0.7857,15.713,1110,0.5488,3
43.7200,20.00,1.1204,-129441,4.1,0.7843,15.686,1108,0.5459,3
43.7400,20.00,1.0847,-122299,3.7,0.7864,15.728,1108,0.5503,3
43.7600,20.00,1.1227,-129899,3.2,0.7838,15.676,1107,0.5449,3
43.7800,20.00,1.1357,-132499,2.8,0.7789,15.578,1108,0.5346,3
43.8000,20.00,1.1338,-132119,2.3,0.7756,15.511,1111,0.5275,3
43.8200,19.99,1.1109,-127553,5.8,0.7768,15.536,1112,0.5301,3
43.8400,20.01,1.1403,-133431,5.3,0.7722,15.444,1111,0.5204,3
43.8600,20.00,1.1071,-126777,4.8,0.7748,15.496,1114,0.5259,3
43.8800,20.00,1.1102,-127414,4.4,0.7759,15.519,1112,0.5283,3
43.9000,20.00,1.1181,-128988,3.9,0.7754,15.508,1112,0.5272,3
43.9200,20.00,1.1172,-128800,3.4,0.7752,15.505,1112,0.5268,3
43.9400,20.00,1.0866,-122691,2.9,0.7775,15.550,1112,0.5316,3
43.9600,20.00,1.0754,-120451,2.5,0.7822,15.643,1111,0.5414,3
43.9800,20.00,1.1210,-129571,2.1,0.7817,15.633,1109,0.5403,3
44.0000,20.00,1.1123,-127818,1.6,0.7814,15.629,1109,0.5399,3
44.0200,20.00,1.0946,-124280,1.1,0.7820,15.639,1109,0.5410,3
44.0400,20.00,1.1035,-126062,4.6,0.7830,15.660,1109,0.5432,3
44.0600,20.00,1.0756,-120496,4.1,0.7864,15.729,1109,0.5504,3
44.0800,20.00,1.1245,-130270,3.6,0.7837,15.675,1107,0.5447,3
44.1000,20.00,1.1187,-129111,3.1,0.7820,15.639,1108,0.5409,3
44.1200,20.00,1.1083,-127026,2.7,0.7818,15.637,1109,0.5407,3
44.1400,20.00,1.1417,-133702,2.2,0.7761,15.521,1109,0.5285,3
44.1600,20.00,1.1513,-135619,1.8,0.7700,15.401,1112,0.5159,3
44.1800,20.00,1.1063,-126631,1.4,0.7736,15.471,1115,0.5233,3
44.2000,20.00,1.1434,-134042,0.9,0.7691,15.381,1113,0.5138,3
44.2200,20.00,1.0948,-124336,0.4,0.7731,15.462,1115,0.5223,3
44.2400,20.00,1.1024,-125851,12.1,0.7761,15.522,1113,0.5287,3
44.2600,20.00,1.1298,-131317,3.4,0.7739,15.477,1112,0.5239,3
44.2800,20.00,1.1181,-128992,3.0,0.7741,15.482,1113,0.5244,3
44.3000,20.00,1.1053,-126431,2.5,0.7760,15.520,1113,0.5285,3
44.3200,19.99,1.0945,-124266,2.0,0.7779,15.558,1112,0.5324,3
44.3400,20.01,1.1042,-126206,1.5,0.7798,15.596,1111,0.5364,3
44.3600,20.00,1.1013,-125626,1.1,0.7807,15.615,1110,0.5384,3
44.3800,20.00,1.1267,-130698,0.6,0.7783,15.566,1110,0.5332,3
44.4000,20.00,1.1516,-135680,0.1,0.7715,15.430,1111,0.5189,3
44.4200,20.01,1.1380,-132965,11.9,0.7692,15.384,1114,0.5141,3
44.4400,20.00,1.0451,-114382,11.4,0.7758,15.516,1115,0.5280,3
44.4600,20.00,1.1040,-126167,11.0,0.7811,15.623,1112,0.5392,3
44.4800,20.00,1.1472,-134799,2.3,0.7751,15.502,1110,0.5265,3
44.5000,20.00,1.1739,-140149,1.8,0.7659,15.317,1112,0.5071,3
44.5200,20.00,1.0760,-120564,1.3,0.7718,15.435,1117,0.5195,3
44.5400,20.00,1.0605,-117471,0.9,0.7789,15.577,1114,0.5344,3
44.5600,20.00,1.1287,-131113,0.3,0.7789,15.577,1111,0.5344,3
44.5800,20.00,1.1315,-131657,8.2,0.7762,15.524,1111,0.5288,3
44.6000,20.00,1.1939,-144140,11.7,0.7628,15.257,1112,0.5007,3
44.6200,20.00,1.1271,-130775,11.2,0.7640,15.279,1118,0.5031,3
44.6400,20.00,1.0616,-117697,10.7,0.7706,15.411,1118,0.5170,3
44.6600,20.00,1.1302,-131401,10.3,0.7722,15.444,1114,0.5205,3
44.6800,20.00,1.1331,-131987,9.8,0.7706,15.413,1114,0.5171,3
44.7000,20.00,1.1173,-128830,1.1,0.7718,15.436,1114,0.5196,3
44.7200,20.00,1.0498,-115335,0.6,0.7774,15.547,1114,0.5313,3
44.7400,20.01,1.0980,-124961,0.1,0.7820,15.640,1111,0.5411,3
44.7600,19.99,1.1406,-133484,8.0,0.7774,15.549,1109,0.5314,3
44.7800,20.00,1.0929,-123951,7.5,0.7796,15.593,1111,0.5361,3
44.8000,20.00,1.0933,-124019,7.1,0.7817,15.634,1110,0.5404,3
44.8200,20.00,1.0903,-123420,10.5,0.7838,15.676,1109,0.5448,3
44.8400,20.00,1.0971,-124794,10.0,0.7849,15.699,1108,0.5472,3
44.8600,20.00,1.1181,-128980,9.6,0.7836,15.672,1108,0.5445,3
44.8800,20.00,1.1620,-137772,9.1,0.7739,15.478,1108,0.5240,3
44.9000,20.00,1.1007,-125503,8.6,0.7771,15.542,1113,0.5307,3
44.9200,20.00,1.1226,-129891,8.1,0.7761,15.521,1111,0.5286,3
44.9400,20.00,1.1653,-138422,7.7,0.7674,15.347,1112,0.5102,3
44.9600,20.00,1.1411,-133586,7.2,0.7652,15.303,1116,0.5056,3
44.9800,20.00,1.1453,-134423,6.8,0.7626,15.252,1117,0.5002,3
45.0000,20.00,1.1059,-126548,6.4,0.7677,15.354,1118,0.5109,3
45.0200,20.00,1.1097,-127307,5.9,0.7703,15.407,1116,0.5165,3
45.0400,20.00,1.0730,-119962,9.3,0.7742,15.483,1114,0.5245,3
45.0600,20.00,1.1490,-135169,8.9,0.7707,15.415,1113,0.5173,3
45.0800,20.00,1.1174,-128852,8.4,0.7725,15.449,1114,0.5210,3
45.1000,20.00,1.1274,-130852,7.9,0.7713,15.425,1114,0.5185,3
45.1200,20.00,1.0611,-117587,7.4,0.7760,15.520,1114,0.5284,3
45.1400,20.00,1.0870,-122776,7.0,0.7810,15.619,1112,0.5389,3
45.1600,20.00,1.1458,-134526,6.5,0.7763,15.527,1110,0.5291,3
45.1800,20.00,1.1068,-126734,6.1,0.7785,15.569,1112,0.5336,3
45.2000,20.00,1.0864,-122638,5.6,0.7801,15.602,1111,0.5370,3
45.2200,20.00,1.0941,-124190,5.1,0.7824,15.649,1110,0.5420,3
45.2400,20.00,1.1520,-135770,4.8,0.7755,15.511,1109,0.5274,3
45.2600,20.00,1.1423,-133834,8.1,0.7719,15.438,1112,0.5198,3
45.2800,20.00,1.1365,-132673,7.7,0.7697,15.393,1114,0.5151,3
45.3000,20.00,1.1262,-130606,7.2,0.7695,15.390,1115,0.5147,3
45.3200,20.00,1.0863,-122626,6.7,0.7734,15.468,1115,0.5230,3
45.3400,20.00,1.1717,-139699,6.3,0.7654,15.308,1113,0.5061,3
45.3600,20.00,1.1189,-129140,5.8,0.7680,15.360,1117,0.5116,3
45.3800,20.00,1.1384,-133046,5.3,0.7657,15.315,1116,0.5068,3
45.4000,20.00,1.0930,-123957,4.9,0.7706,15.411,1117,0.5169,3
45.4200,20.01,1.1070,-126756,4.5,0.7738,15.477,1114,0.5239,3
45.4400,19.99,1.0987,-125110,4.0,0.7761,15.522,1113,0.5286,3
45.4600,20.00,1.1059,-126543,3.6,0.7779,15.558,1112,0.5324,3
45.4800,20.00,1.0991,-125188,7.0,0.7792,15.584,1111,0.5352,3
45.5000,20.00,1.0586,-117084,6.6,0.7843,15.687,1111,0.5460,3
45.5200,20.00,1.0835,-122068,6.1,0.7888,15.775,1108,0.5553,3
45.5400,20.00,1.1093,-127221,5.6,0.7876,15.752,1106,0.5528,3
45.5600,20.00,1.1620,-137756,5.1,0.7771,15.543,1107,0.5308,3
45.5800,20.00,1.1335,-132063,4.6,0.7748,15.496,1111,0.5259,3
45.6000,20.00,1.1164,-128646,4.1,0.7754,15.507,1112,0.5271,3
45.6200,20.01,1.1287,-131103,3.8,0.7733,15.466,1112,0.5227,3
45.6400,20.00,1.1363,-132633,3.3,0.7703,15.407,1113,0.5165,3
45.6600,20.00,1.1376,-132893,2.8,0.7679,15.358,1114,0.5114,3
45.6800,20.00,1.1331,-131988,2.4,0.7668,15.337,1116,0.5091,3
45.7000,20.00,1.0944,-124237,5.9,0.7713,15.425,1116,0.5185,3
45.7200,20.00,1.1156,-128486,5.4,0.7729,15.457,1114,0.5218,3
45.7400,20.00,1.1056,-126484,4.9,0.7751,15.502,1113,0.5265,3
45.7600,20.00,1.1334,-132046,4.4,0.7721,15.442,1112,0.5202,3
45.7800,20.00,1.1619,-137752,4.0,0.7647,15.294,1114,0.5046,3
45.8000,20.00,1.0924,-123837,3.5,0.7703,15.406,1117,0.5165,3
45.8200,20.00,1.0878,-122932,3.0,0.7746,15.492,1114,0.5255,3
45.8400,20.01,1.0605,-117469,2.6,0.7806,15.613,1113,0.5382,3
45.8600,20.00,1.1306,-131488,2.1,0.7796,15.592,1110,0.5360,3
45.8800,20.00,1.1744,-140240,1.7,0.7692,15.385,1110,0.5142,3
45.9000,20.00,1.1379,-132946,1.2,0.7673,15.346,1115,0.5101,3
45.9200,20.00,1.0725,-119866,4.7,0.7728,15.456,1116,0.5216,3
45.9400,20.00,1.0863,-122622,4.2,0.7780,15.560,1113,0.5326,3
45.9600,20.00,1.1420,-133759,3.7,0.7746,15.492,1111,0.5255,3
45.9800,20.00,1.1697,-139306,3.3,0.7661,15.322,1113,0.5076,3
46.0000,20.00,1.1591,-137193,2.8,0.7602,15.203,1117,0.4951,3
46.0200,20.00,1.1078,-126917,2.3,0.7663,15.326,1119,0.5080,3
46.0400,20.00,1.0572,-116804,1.9,0.7715,15.429,1116,0.5189,3
46.0600,20.00,1.1103,-127428,1.4,0.7769,15.538,1114,0.5303,3
46.0800,20.00,1.1492,-135211,1.0,0.7711,15.422,1111,0.5181,3
46.1000,20.00,1.1247,-130304,0.5,0.7712,15.425,1114,0.5184,3
46.1200,20.00,1.1371,-132780,0.1,0.7686,15.372,1114,0.5129,3
46.1400,20.00,1.1443,-134221,3.5,0.7653,15.306,1115,0.5058,3
46.1600,20.00,1.1654,-138440,3.0,0.7589,15.177,1117,0.4923,3
46.1800,20.00,1.1159,-128548,2.6,0.7635,15.271,1120,0.5022,3
46.2000,20.00,1.1191,-129192,2.1,0.7654,15.308,1118,0.5061,3
46.2200,20.00,1.0959,-124551,1.6,0.7699,15.397,1117,0.5155,3
46.2400,20.00,1.1362,-132608,1.1,0.7679,15.358,1115,0.5113,3
46.2600,20.00,1.1410,-133562,0.7,0.7653,15.307,1116,0.5060,3
46.2800,20.00,1.1097,-127300,0.3,0.7690,15.380,1117,0.5137,3
46.3000,20.00,1.1018,-125723,12.0,0.7723,15.447,1115,0.5207,3
46.3202,20.24,1.1120,-127760,11.8,0.7738,15.475,1114,0.5237,3
46.3400,19.76,1.1189,-129142,11.0,0.7736,15.472,1113,0.5233,3
46.3600,20.00,1.1100,-127371,2.4,0.7751,15.501,1113,0.5264,3
46.3800,20.00,1.0830,-121966,1.9,0.7774,15.547,1112,0.5313,3
46.4000,20.00,1.1070,-126761,1.4,0.7800,15.599,1111,0.5368,3
46.4200,20.00,1.1152,-128409,0.9,0.7795,15.590,1110,0.5357,3
46.4400,20.00,1.1453,-134420,0.4,0.7735,15.469,1110,0.5231,3
46.4600,20.00,1.1601,-137390,8.3,0.7664,15.327,1113,0.5082,3
46.4800,20.00,1.1560,-136554,11.8,0.7613,15.227,1116,0.4975,3
46.5000,20.00,1.1230,-129963,11.3,0.7642,15.284,1119,0.5036,3
46.5200,20.00,1.0886,-123078,10.8,0.7695,15.389,1118,0.5147,3
46.5400,20.00,1.0960,-124559,10.3,0.7739,15.478,1115,0.5240,3
46.5600,20.00,1.1521,-135791,9.9,0.7683,15.366,1113,0.5122,3
46.5800,20.00,1.0955,-124468,1.1,0.7729,15.457,1115,0.5218,3
46.6000,20.00,1.1099,-127340,0.7,0.7752,15.503,1113,0.5267,3
46.6200,20.00,1.1171,-128788,0.3,0.7751,15.501,1112,0.5264,3
46.6400,20.00,1.1238,-130130,8.1,0.7738,15.476,1112,0.5238,3
46.6600,20.00,1.1376,-132881,7.6,0.7704,15.409,1113,0.5167,3
46.6800,20.00,1.1077,-126903,7.2,0.7733,15.467,1114,0.5228,3
46.7000,20.00,1.1220,-129765,10.6,0.7727,15.453,1113,0.5214,3
46.7200,20.00,1.1570,-136762,10.1,0.7656,15.312,1114,0.5066,3
46.7400,20.00,1.1563,-136624,9.6,0.7607,15.214,1117,0.4962,3
46.7600,20.00,1.1133,-128023,9.1,0.7654,15.308,1119,0.5061,3
46.7800,20.00,1.0773,-120823,8.7,0.7706,15.412,1117,0.5170,3
46.8000,20.00,1.1328,-131923,0.0,0.7705,15.410,1114,0.5168,3
46.8200,20.00,1.1107,-127515,7.8,0.7730,15.460,1114,0.5221,3
46.8400,20.01,1.1332,-132002,7.3,0.7705,15.410,1113,0.5169,3
46.8600,19.99,1.1210,-129569,6.9,0.7709,15.418,1114,0.5177,3
46.8800,20.00,1.0691,-119179,6.4,0.7749,15.499,1114,0.5262,3
46.9000,20.00,1.1304,-131441,6.0,0.7751,15.503,1112,0.5266,3
46.9200,20.00,1.1655,-138464,9.5,0.7671,15.341,1112,0.5096,3
46.9400,20.00,1.1240,-130158,9.0,0.7683,15.367,1116,0.5123,3
46.9600,20.00,1.0778,-120926,8.5,0.7729,15.457,1115,0.5218,3
46.9800,20.00,1.0808,-121525,8.0,0.7778,15.556,1113,0.5322,3
47.0000,20.00,1.1150,-128369,7.5,0.7796,15.591,1111,0.5359,3
47.0200,20.00,1.1574,-136845,7.1,0.7715,15.429,1110,0.5189,3
47.0400,20.00,1.1649,-138350,6.6,0.7642,15.285,1114,0.5036,3
47.0600,20.00,1.0906,-123483,6.1,0.7703,15.405,1118,0.5163,3
47.0800,20.00,1.1176,-128884,5.8,0.7721,15.441,1114,0.5201,3
47.1000,20.00,1.0905,-123459,5.3,0.7752,15.504,1114,0.5267,3
47.1200,19.99,1.1096,-127290,4.8,0.7774,15.548,1112,0.5314,3
47.1400,20.00,1.1528,-135922,8.3,0.7703,15.406,1111,0.5165,3
47.1600,20.00,1.1144,-128251,7.8,0.7725,15.449,1114,0.5210,3
47.1800,20.00,1.1010,-125562,7.3,0.7751,15.502,1114,0.5265,3
47.2000,20.00,1.1429,-133954,6.8,0.7706,15.411,1112,0.5170,3
47.2200,20.00,1.1295,-131270,6.3,0.7697,15.395,1114,0.5152,3
47.2400,20.00,1.1319,-131744,5.9,0.7684,15.368,1115,0.5124,3
47.2600,20.00,1.1026,-125885,5.4,0.7721,15.443,1115,0.5203,3
47.2800,20.00,1.1103,-127427,5.0,0.7739,15.478,1114,0.5240,3
47.3000,20.00,1.0865,-122663,4.5,0.7764,15.528,1113,0.5293,3
47.3200,20.00,1.1168,-128730,4.1,0.7774,15.549,1112,0.5314,3
47.3400,20.00,1.0835,-122076,3.6,0.7795,15.590,1111,0.5357,3
47.3600,20.00,1.0905,-123468,7.1,0.7823,15.646,1110,0.5416,3
47.3800,20.00,1.1271,-130781,6.7,0.7805,15.609,1109,0.5378,3
47.4000,20.00,1.1562,-136596,6.1,0.7725,15.449,1110,0.5210,3
47.4200,20.00,1.1772,-140801,5.7,0.7633,15.266,1114,0.5017,3
47.4400,20.00,1.1485,-135073,5.2,0.7599,15.198,1118,0.4945,3
47.4600,20.00,1.1306,-131478,4.7,0.7616,15.231,1119,0.4980,3
47.4800,20.00,1.1247,-130303,4.3,0.7635,15.270,1119,0.5021,3
47.5000,20.00,1.1478,-134931,3.8,0.7604,15.207,1118,0.4955,3
47.5200,20.00,1.1874,-142851,3.4,0.7529,15.058,1119,0.4798,3
47.5400,20.00,1.1506,-135490,2.9,0.7533,15.066,1123,0.4807,3
47.5600,20.00,1.0712,-119616,2.5,0.7639,15.279,1122,0.5030,3
47.5800,20.00,1.0466,-114687,5.9,0.7701,15.401,1118,0.5159,3
47.6000,20.00,1.0859,-122546,5.5,0.7779,15.558,1115,0.5324,3
47.6200,20.00,1.1497,-135296,5.0,0.7733,15.467,1111,0.5228,3
47.6400,20.00,1.1662,-138611,4.5,0.7658,15.317,1113,0.5070,3
47.6600,20.00,1.1236,-130081,4.0,0.7675,15.349,1117,0.5104,3
47.6800,20.00,1.0834,-122039,3.6,0.7720,15.441,1116,0.5201,3
47.7000,20.00,1.1166,-128680,3.1,0.7741,15.483,1114,0.5245,3
47.7200,20.00,1.1777,-140896,2.7,0.7640,15.280,1113,0.5032,3
47.7400,20.00,1.1456,-134487,2.2,0.7611,15.221,1118,0.4970,3
47.7600,20.00,1.1605,-137454,1.8,0.7564,15.127,1119,0.4871,3
47.7800,20.00,1.1409,-133549,1.3,0.7577,15.155,1121,0.4900,3
47.8000,20.00,1.1545,-136262,4.8,0.7553,15.106,1121,0.4848,3
47.8200,20.00,1.1551,-136385,4.3,0.7538,15.077,1121,0.4818,3
47.8400,20.00,1.1950,-144368,3.8,0.7478,14.956,1122,0.4690,3
47.8600,20.00,1.1406,-133489,3.4,0.7511,15.022,1125,0.4760,3
47.8800,20.00,1.1327,-131899,2.9,0.7541,15.082,1124,0.4824,3
47.9000,20.00,1.1188,-129130,2.3,0.7587,15.174,1122,0.4920,3
47.9200,20.00,1.1352,-132406,2.0,0.7585,15.171,1120,0.4916,3
47.9400,20.00,1.1767,-140711,1.5,0.7522,15.044,1120,0.4784,3
47.9600,20.00,1.1640,-138156,1.1,0.7503,15.005,1123,0.4743,3
47.9800,20.00,1.1739,-140134,0.6,0.7477,14.954,1124,0.4689,3
48.0000,20.01,1.1426,-133881,0.2,0.7507,15.013,1125,0.4751,3
48.0200,20.00,1.1393,-133221,3.6,0.7526,15.051,1124,0.4791,3
48.0400,20.00,1.1585,-137071,3.1,0.7501,15.002,1123,0.4739,3
48.0600,20.00,1.2094,-147246,2.7,0.7432,14.864,1124,0.4593,3
48.0800,20.00,1.1696,-139275,2.2,0.7423,14.847,1127,0.4576,3
48.1000,20.00,1.1557,-136505,1.7,0.7437,14.874,1127,0.4604,3
48.1200,20.00,1.1329,-131950,1.2,0.7484,14.968,1127,0.4703,3
48.1400,20.00,1.1467,-134701,0.8,0.7485,14.969,1125,0.4704,3
48.1600,20.00,1.1630,-137960,0.3,0.7460,14.921,1125,0.4653,3
48.1800,20.00,1.2209,-149540,12.1,0.7382,14.763,1126,0.4488,3
48.2000,20.00,1.1882,-143011,11.6,0.7358,14.715,1130,0.4437,3
48.2200,20.00,1.1843,-142225,11.1,0.7339,14.679,1130,0.4399,3
48.2400,20.00,1.1530,-135968,2.4,0.7372,14.743,1131,0.4466,3
48.2600,20.00,1.1576,-136890,2.0,0.7378,14.756,1130,0.4480,3
48.2800,20.00,1.1391,-133181,1.5,0.7419,14.838,1130,0.4567,3
48.3000,20.00,1.1681,-138985,1.0,0.7390,14.780,1128,0.4505,3
48.3200,20.00,1.1676,-138887,0.5,0.7379,14.757,1129,0.4481,3
48.3400,20.00,1.1313,-131617,0.3,0.7437,14.875,1130,0.4605,3
48.3600,20.00,1.1312,-131599,11.9,0.7467,14.934,1127,0.4667,3
48.3800,20.00,1.1067,-126701,11.4,0.7536,15.072,1126,0.4813,3
48.4000,20.00,1.1756,-140482,10.9,0.7459,14.918,1122,0.4650,3
48.4200,20.00,1.2224,-149832,10.4,0.7366,14.731,1126,0.4454,3
48.4400,20.00,1.1997,-145304,10.0,0.7327,14.653,1130,0.4372,3
48.4600,20.00,1.1649,-138343,1.3,0.7334,14.667,1132,0.4387,3
48.4800,20.00,1.1632,-138010,0.8,0.7338,14.676,1132,0.4395,3
48.5000,20.00,1.1943,-144231,0.3,0.7299,14.598,1131,0.4313,3
48.5200,20.00,1.1785,-141070,8.1,0.7287,14.574,1133,0.4289,3
48.5400,20.00,1.1917,-143697,7.7,0.7260,14.520,1134,0.4232,3
48.5600,20.00,1.2151,-148375,7.2,0.7208,14.416,1135,0.4122,3
48.5800,20.00,1.2135,-148061,10.7,0.7166,14.331,1137,0.4033,3
48.6000,20.00,1.2395,-153257,10.2,0.7088,14.177,1140,0.3870,3
48.6200,20.00,1.1756,-140487,9.7,0.7115,14.229,1143,0.3925,3
48.6400,20.00,1.1719,-139741,9.1,0.7133,14.266,1142,0.3965,3
48.6600,20.00,1.1495,-135262,8.8,0.7190,14.381,1141,0.4085,3
48.6800,20.00,1.1710,-139567,0.1,0.7178,14.355,1138,0.4058,3
48.7000,20.00,1.1624,-137844,7.9,0.7194,14.389,1139,0.4093,3
48.7200,20.00,1.2146,-148278,7.4,0.7125,14.251,1138,0.3948,3
48.7400,20.00,1.2027,-145910,7.0,0.7094,14.188,1141,0.3882,3
48.7600,20.00,1.1567,-136707,6.5,0.7142,14.285,1143,0.3984,3
48.7800,20.00,1.1760,-140560,6.1,0.7127,14.254,1141,0.3952,3
48.8000,20.00,1.1994,-145237,9.5,0.7087,14.175,1141,0.3868,3
48.8200,20.00,1.2019,-145732,9.1,0.7054,14.108,1143,0.3798,3
48.8400,20.00,1.2083,-147028,8.6,0.7015,14.030,1145,0.3716,3
48.8600,20.00,1.2158,-148517,8.1,0.6971,13.941,1147,0.3623,3
48.8800,20.00,1.1729,-139938,7.6,0.7004,14.008,1149,0.3693,3
48.9000,20.00,1.2139,-148145,7.1,0.6948,13.896,1147,0.3575,3
48.9200,20.00,1.2263,-150626,6.7,0.6880,13.759,1150,0.3431,3
48.9400,20.00,1.1720,-139757,6.3,0.6937,13.874,1153,0.3552,3
48.9600,20.00,1.1436,-134082,5.8,0.7018,14.036,1150,0.3722,3
48.9800,20.00,1.2444,-154241,5.4,0.6854,13.708,1146,0.3377,3
49.0000,20.00,1.2585,-157056,4.9,0.6684,13.368,1154,0.3019,3
49.0200,20.00,1.2089,-147137,8.3,0.6703,13.406,1162,0.3059,3
49.0400,20.00,1.1720,-139766,7.9,0.6792,13.585,1161,0.3247,3
49.0600,20.00,1.1521,-135774,7.4,0.6887,13.774,1157,0.3446,3
49.0800,20.00,1.1796,-141284,7.0,0.6855,13.711,1153,0.3380,3
49.1000,20.00,1.2429,-153944,6.4,0.6697,13.394,1154,0.3047,3
49.1200,19.99,1.1983,-145026,6.0,0.6693,13.387,1161,0.3039,3
49.1400,20.00,1.1855,-142462,5.5,0.6715,13.430,1161,0.3085,3
49.1600,20.00,1.2237,-150100,5.1,0.6626,13.253,1160,0.2898,3
49.1800,20.00,1.1375,-132862,4.6,0.6768,13.537,1165,0.3197,3
49.2000,20.00,1.1684,-139041,4.1,0.6794,13.587,1158,0.3250,3
49.2200,20.00,1.2118,-147717,3.7,0.6691,13.382,1157,0.3034,3
49.2400,20.00,1.1723,-139821,7.2,0.6739,13.478,1162,0.3135,3
49.2600,20.00,1.1796,-141286,6.7,0.6732,13.464,1159,0.3120,3
49.2800,20.00,1.1961,-144579,6.3,0.6679,13.357,1160,0.3007,3
49.3000,20.00,1.1735,-140057,5.8,0.6714,13.429,1162,0.3083,3
49.3200,20.00,1.2320,-151765,5.3,0.6571,13.143,1160,0.2782,3
49.3400,20.00,1.2410,-153555,4.8,0.6424,12.849,1167,0.2472,3
49.3601,20.09,1.2012,-145610,4.4,0.6436,12.873,1174,0.2498,3
49.3800,19.91,1.1760,-140563,3.9,0.6498,12.996,1173,0.2627,3
49.4000,20.00,1.2059,-146545,3.5,0.6445,12.889,1170,0.2515,3
49.4200,20.00,1.2073,-146821,3.0,0.6397,12.793,1173,0.2414,3
49.4400,20.00,1.1963,-144625,2.5,0.6387,12.773,1175,0.2393,3
49.4600,20.00,1.2147,-148306,6.0,0.6312,12.623,1176,0.2235,3
49.4800,20.00,1.1589,-137140,5.6,0.6431,12.862,1179,0.2486,3
49.5000,20.00,1.1507,-135499,5.1,0.6514,13.028,1174,0.2661,3
49.5200,20.00,1.1879,-142935,4.6,0.6461,12.923,1170,0.2550,3
49.5400,20.00,1.1792,-141202,4.1,0.6461,12.921,1172,0.2549,3
49.5600,20.00,1.1652,-138393,3.6,0.6499,12.998,1172,0.2629,3
49.5800,20.00,1.1700,-139372,3.2,0.6503,13.006,1170,0.2637,3
49.6000,20.00,1.1575,-136861,2.8,0.6545,13.090,1170,0.2726,3
49.6200,20.00,1.1806,-141480,2.3,0.6498,12.997,1168,0.2628,3
49.6400,20.00,1.2002,-145407,1.8,0.6414,12.828,1170,0.2450,3
49.6600,20.00,1.1988,-145121,1.4,0.6361,12.721,1174,0.2338,3
49.6800,20.01,1.1931,-143989,4.9,0.6335,12.670,1177,0.2285,3
49.7000,20.00,1.1656,-138486,4.4,0.6396,12.792,1178,0.2413,3
49.7200,20.00,1.1781,-140981,3.9,0.6382,12.764,1175,0.2383,3
49.7400,20.00,1.2107,-147507,3.4,0.6262,12.525,1176,0.2131,3
49.7600,20.00,1.1933,-144029,3.0,0.6245,12.490,1182,0.2095,3
49.7800,20.00,1.2191,-149175,2.5,0.6125,12.249,1182,0.1841,3
49.8000,20.00,1.2029,-145939,2.0,0.6094,12.187,1188,0.1776,3
49.8200,20.00,1.2198,-149323,1.6,0.5973,11.946,1189,0.1522,3
49.8400,20.00,1.2131,-147984,1.1,0.5929,11.857,1195,0.1429,3
49.8600,20.00,1.1900,-143353,0.7,0.5971,11.941,1197,0.1517,3
49.8800,20.00,1.1438,-134115,0.2,0.6111,12.222,1195,0.1813,3
49.9000,20.00,1.1248,-130318,3.7,0.6239,12.477,1188,0.2081,3
49.9200,20.00,1.1440,-134161,3.2,0.6320,12.640,1182,0.2252,3
49.9400,20.00,1.1539,-136146,2.7,0.6358,12.716,1179,0.2333,3
49.9600,20.00,1.1966,-144674,2.3,0.6239,12.477,1177,0.2081,3
49.9800,20.00,1.1948,-144316,1.8,0.6172,12.344,1182,0.1941,3
50.0000,20.00,1.2074,-146834,1.3,0.6070,12.139,1186,0.1725,3
50.0200,20.00,1.1790,-141164,0.9,0.6100,12.199,1190,0.1789,3
50.0400,20.00,1.1729,-139945,0.4,0.6123,12.246,1189,0.1838,3
50.0600,20.00,1.1825,-141854,12.1,0.6093,12.186,1188,0.1775,3
50.0800,20.00,1.1972,-144807,11.7,0.6016,12.031,1189,0.1612,3
50.1000,20.00,1.1735,-140057,11.2,0.6043,12.087,1193,0.1670,3
50.1200,20.00,1.1307,-131495,2.6,0.6150,12.300,1192,0.1895,3
50.1400,20.00,1.0999,-125349,2.0,0.6243,12.486,1187,0.2091,3
50.1600,20.00,1.1847,-142298,1.6,0.6213,12.425,1182,0.2027,3
50.1800,20.00,1.1855,-142468,1.1,0.6163,12.326,1184,0.1922,3
50.2000,20.00,1.1962,-144599,0.6,0.6076,12.152,1186,0.1739,3
50.2200,20.00,1.1976,-144880,0.1,0.6003,12.005,1190,0.1585,3
50.2400,20.01,1.1947,-144311,12.0,0.5953,11.905,1193,0.1479,3
50.2600,20.00,1.1767,-140696,11.5,0.5963,11.927,1196,0.1502,3
50.2800,20.00,1.1894,-143247,11.0,0.5925,11.850,1195,0.1422,3
50.3000,20.00,1.1958,-144514,10.5,0.5878,11.756,1197,0.1322,3
50.3200,20.00,1.1596,-137287,10.0,0.5921,11.842,1199,0.1413,3
50.3400,20.00,1.1563,-136616,1.3,0.5966,11.933,1197,0.1508,3
50.3600,20.00,1.1256,-130491,0.9,0.6067,12.135,1195,0.1721,3
50.3800,20.00,1.1149,-128347,0.4,0.6154,12.307,1191,0.1902,3
50.4000,20.00,1.1054,-126444,8.1,0.6237,12.474,1186,0.2078,3
50.4200,20.00,1.1684,-139050,7.8,0.6241,12.482,1183,0.2087,3
50.4400,19.99,1.2050,-146366,7.3,0.6077,12.154,1182,0.1741,3
50.4600,20.00,1.2143,-148226,10.8,0.5930,11.859,1190,0.1431,3
50.4800,20.00,1.2250,-150368,10.3,0.5780,11.561,1197,0.1116,3
50.5000,20.01,1.2509,-155536,9.8,0.5539,11.078,1204,0.0608,3
50.5200,19.99,1.1859,-142532,9.3,0.5626,11.252,1215,0.0791,3
50.5400,20.00,1.1781,-140982,8.9,0.5683,11.365,1211,0.0911,3
50.5600,20.00,1.1445,-134267,0.1,0.5764,11.527,1208,0.1081,3
50.5800,20.00,1.1136,-128091,7.9,0.5884,11.768,1205,0.1334,3
50.6000,20.00,1.1187,-129104,7.5,0.5992,11.984,1199,0.1562,3
50.6200,20.00,1.0884,-123045,7.1,0.6104,12.208,1194,0.1798,3
50.6400,20.00,1.1487,-135096,6.6,0.6161,12.321,1189,0.1917,3
50.6600,20.00,1.1448,-134322,6.1,0.6186,12.371,1186,0.1970,3
50.6800,20.00,1.1433,-134034,9.6,0.6199,12.397,1185,0.1997,3
50.7000,20.00,1.1473,-134828,9.1,0.6200,12.401,1184,0.2001,3
50.7200,20.00,1.1904,-143432,8.6,0.6065,12.130,1184,0.1716,3
50.7400,20.00,1.2147,-148303,8.1,0.5884,11.767,1191,0.1334,3
50.7600,20.00,1.2386,-153073,7.7,0.5666,11.333,1199,0.0877,3
50.7800,20.00,1.2442,-154195,7.2,0.5470,10.939,1209,0.0463,3
50.8000,20.00,1.2045,-146252,6.8,0.5478,10.955,1218,0.0479,3
50.8200,20.00,1.1903,-143428,6.3,0.5502,11.004,1218,0.0531,3
50.8400,20.00,1.1472,-134808,5.9,0.5629,11.259,1217,0.0799,3
50.8600,20.00,1.1496,-135280,5.5,0.5696,11.393,1211,0.0940,3
50.8800,20.00,1.1290,-131170,5.0,0.5776,11.552,1208,0.1108,3
50.9000,20.00,1.1080,-126960,8.5,0.5882,11.765,1204,0.1332,3
50.9200,20.00,1.1569,-136740,8.0,0.5909,11.818,1199,0.1388,3
50.9400,20.00,1.1227,-129913,7.5,0.5972,11.943,1198,0.1519,3
50.9600,20.00,1.1370,-132772,7.0,0.6013,12.027,1195,0.1607,3
50.9800,20.00,1.2043,-146220,6.5,0.5853,11.705,1193,0.1269,3
51.0000,20.00,1.1627,-137894,6.1,0.5865,11.731,1200,0.1296,3
51.0200,20.00,1.1578,-136919,5.6,0.5874,11.749,1200,0.1315,3
51.0400,20.00,1.1596,-137287,5.1,0.5872,11.744,1199,0.1310,3
51.0600,20.00,1.1692,-139195,4.7,0.5844,11.687,1200,0.1250,3
51.0800,20.00,1.1781,-140987,4.2,0.5795,11.590,1201,0.1147,3
51.1000,20.00,1.2027,-145898,3.8,0.5688,11.376,1203,0.0922,3
51.1200,20.00,1.1794,-141234,7.3,0.5676,11.351,1208,0.0896,3
51.1400,20.00,1.1934,-144049,6.8,0.5625,11.250,1209,0.0790,3
51.1600,20.00,1.1339,-132141,6.3,0.5691,11.382,1211,0.0929,3
51.1800,20.00,1.1510,-135556,5.9,0.5721,11.442,1208,0.0991,3
51.2000,20.00,1.1800,-141359,5.4,0.5690,11.380,1207,0.0926,3
51.2200,20.00,1.1445,-134258,4.9,0.5723,11.447,1208,0.0996,3
51.2400,20.00,1.1863,-142621,4.4,0.5676,11.353,1206,0.0898,3
51.2600,20.00,1.1816,-141676,4.0,0.5644,11.287,1209,0.0829,3
51.2800,20.00,1.1698,-139330,3.5,0.5638,11.276,1210,0.0816,3
51.3000,20.00,1.1702,-139394,3.1,0.5630,11.259,1210,0.0799,3
51.3200,20.00,1.1342,-132209,2.6,0.5680,11.359,1211,0.0904,3
51.3400,20.00,1.1627,-137899,6.1,0.5681,11.362,1208,0.0907,3
51.3600,20.00,1.1443,-134226,5.6,0.5710,11.419,1208,0.0968,3
51.3800,20.00,1.1480,-134962,5.1,0.5731,11.463,1207,0.1014,3
51.4000,20.00,1.1787,-141110,4.7,0.5685,11.370,1206,0.0916,3
51.4200,20.00,1.1816,-141674,4.2,0.5641,11.281,1208,0.0822,3
51.4400,20.00,1.1248,-130319,3.7,0.5700,11.401,1210,0.0948,3
51.4600,20.00,1.1757,-140501,3.3,0.5670,11.339,1208,0.0883,3
51.4800,20.00,1.1505,-135468,2.8,0.5688,11.376,1209,0.0922,3
51.5000,20.00,1.1272,-130807,2.4,0.5746,11.492,1208,0.1044,3
51.5200,20.00,1.1717,-139708,1.9,0.5709,11.417,1205,0.0965,3
51.5400,20.00,1.1606,-137487,1.5,0.5698,11.396,1207,0.0943,3
51.5600,20.00,1.1966,-144683,5.0,0.5611,11.223,1208,0.0761,3
51.5800,20.00,1.1884,-143051,4.5,0.5562,11.125,1212,0.0658,3
51.6000,20.00,1.1756,-140475,4.0,0.5545,11.090,1214,0.0621,3
51.6200,20.00,1.1561,-136576,3.5,0.5566,11.132,1215,0.0665,3
51.6400,20.00,1.1909,-143534,3.0,0.5506,11.011,1214,0.0538,3
51.6600,20.00,1.1763,-140620,2.6,0.5493,10.985,1217,0.0511,3
51.6800,20.00,1.1883,-143022,2.1,0.5440,10.880,1217,0.0400,3
51.7000,20.00,1.1656,-138489,1.7,0.5460,10.920,1220,0.0442,3
51.7200,20.00,1.1669,-138739,1.2,0.5466,10.932,1219,0.0455,3
51.7400,19.99,1.1651,-138385,0.8,0.5471,10.942,1218,0.0466,3
51.7600,20.00,1.1689,-139144,0.3,0.5466,10.932,1218,0.0454,3
51.7800,20.00,1.2027,-145894,3.8,0.5365,10.729,1218,0.0241,3
51.8000,20.00,1.1763,-140613,3.3,0.5358,10.717,1223,0.0228,3
51.8200,20.00,1.1705,-139468,2.8,0.5365,10.729,1223,0.0241,3
51.8400,20.00,1.1726,-139886,2.4,0.5360,10.721,1223,0.0232,3
51.8600,20.00,1.1486,-135074,1.9,0.5414,10.829,1223,0.0346,3
51.8800,20.00,1.1515,-135668,1.4,0.5443,10.885,1221,0.0405,3
51.9000,20.00,1.1506,-135487,1.0,0.5465,10.931,1219,0.0454,3
51.9200,20.00,1.1514,-135649,0.5,0.5482,10.964,1218,0.0488,3
51.9400,20.00,1.1464,-134638,0.1,0.5504,11.009,1218,0.0536,3
51.9600,20.00,1.1434,-134041,11.8,0.5528,11.056,1217,0.0586,3
51.9800,20.00,1.1428,-133928,11.3,0.5548,11.096,1215,0.0628,3
52.0000,20.00,1.1652,-138396,2.6,0.5522,11.044,1214,0.0572,3
52.0200,20.00,1.1657,-138495,2.1,0.5499,10.998,1216,0.0524,3
52.0400,20.00,1.1779,-140944,1.7,0.5454,10.909,1217,0.0430,3
52.0600,20.00,1.2073,-146815,1.2,0.5330,10.659,1219,0.0168,3
52.0800,20.00,1.2155,-148458,0.7,0.5184,10.369,1225,-0.0138,3
52.1000,20.00,1.2304,-151448,0.2,0.5018,10.037,1231,-0.0487,3
52.1200,20.00,1.2231,-149974,12.0,0.4945,9.891,1239,-0.0641,3
52.1400,20.00,1.1827,-141908,11.6,0.5027,10.053,1243,-0.0470,3
52.1600,20.00,1.1468,-134729,11.1,0.5154,10.309,1239,-0.0201,3
52.1800,20.00,1.1340,-132174,10.6,0.5233,10.466,1233,-0.0036,3
52.2000,20.00,1.1403,-133428,10.1,0.5284,10.568,1229,0.0072,3
52.2200,20.00,1.1467,-134694,1.4,0.5317,10.635,1227,0.0142,3
52.2400,20.00,1.1464,-134648,1.0,0.5343,10.686,1225,0.0196,3
52.2600,20.00,1.1508,-135532,0.5,0.5355,10.710,1224,0.0221,3
52.2800,20.00,1.1502,-135397,0.0,0.5366,10.732,1224,0.0245,3
52.3000,20.01,1.1530,-135962,7.8,0.5369,10.737,1223,0.0250,3
52.3200,20.00,1.1722,-139802,7.4,0.5333,10.666,1223,0.0174,3
52.3400,20.00,1.2058,-146511,10.9,0.5207,10.413,1224,-0.0091,3
52.3600,20.00,1.2034,-146040,10.4,0.5107,10.214,1230,-0.0301,3
52.3800,20.00,1.2111,-147590,9.9,0.5020,10.039,1235,-0.0485,3
52.4000,20.00,1.1963,-144612,9.4,0.5003,10.005,1239,-0.0521,3
52.4200,20.00,1.2208,-149516,9.0,0.4886,9.773,1240,-0.0766,3
52.4400,20.00,1.1713,-139621,0.3,0.4989,9.978,1245,-0.0550,3
52.4600,20.00,1.1819,-141746,8.0,0.4988,9.976,1240,-0.0552,3
52.4800,20.00,1.1758,-140519,7.6,0.5004,10.009,1240,-0.0517,3
52.5000,20.00,1.1448,-134331,7.1,0.5091,10.181,1240,-0.0335,3
52.5200,20.00,1.1347,-132312,6.7,0.5155,10.310,1236,-0.0200,3
52.5400,20.00,1.1454,-134435,6.2,0.5170,10.339,1233,-0.0169,3
52.5600,20.00,1.1572,-136802,5.8,0.5167,10.334,1232,-0.0175,3
52.5800,20.00,1.1391,-133187,9.2,0.5198,10.396,1232,-0.0110,3
52.6000,20.00,1.1515,-135659,8.7,0.5207,10.414,1231,-0.0090,3
52.6200,20.00,1.1787,-141093,8.2,0.5152,10.303,1230,-0.0207,3
52.6400,20.00,1.2005,-145452,7.8,0.5052,10.103,1233,-0.0417,3
52.6600,20.00,1.2005,-145453,7.3,0.4984,9.967,1238,-0.0561,3
52.6800,20.01,1.2027,-145896,6.9,0.4927,9.853,1241,-0.0681,3
52.7000,19.99,1.2091,-147180,6.4,0.4859,9.718,1243,-0.0823,3
52.7200,20.00,1.2086,-147075,6.0,0.4810,9.620,1246,-0.0926,3
52.7400,20.00,1.2165,-148668,5.5,0.4727,9.454,1249,-0.1101,3
52.7600,20.00,1.2037,-146093,5.1,0.4724,9.449,1253,-0.1106,3
52.7800,20.00,1.1733,-140025,4.6,0.4823,9.646,1253,-0.0899,3
52.8000,20.00,1.1335,-132059,8.0,0.4958,9.916,1248,-0.0615,3
52.8200,20.00,1.1404,-133442,7.6,0.5009,10.017,1242,-0.0508,3
52.8400,20.00,1.1416,-133675,7.1,0.5043,10.086,1240,-0.0436,3
52.8600,20.00,1.1708,-139518,6.6,0.5008,10.016,1238,-0.0510,3
52.8800,20.00,1.1563,-136632,6.1,0.5025,10.049,1240,-0.0474,3
52.9000,20.00,1.1451,-134381,5.7,0.5056,10.112,1239,-0.0408,3
52.9200,20.00,1.1460,-134565,5.2,0.5074,10.148,1237,-0.0371,3
52.9400,20.00,1.2019,-145739,4.8,0.4946,9.892,1237,-0.0640,3
52.9600,20.00,1.1861,-142579,4.3,0.4925,9.851,1243,-0.0683,3
52.9800,20.00,1.2409,-153542,3.9,0.4631,9.262,1243,-0.1303,3
53.0000,20.00,1.2079,-146949,3.4,0.4661,9.322,1257,-0.1240,3
53.0200,20.00,1.2026,-145872,6.9,0.4650,9.300,1256,-0.1263,3
53.0400,20.00,1.2202,-149407,6.4,0.4504,9.008,1256,-0.1571,3
53.0600,20.00,1.2023,-145812,6.0,0.4516,9.033,1263,-0.1544,3
53.0800,20.00,1.1975,-144861,5.4,0.4523,9.047,1263,-0.1530,3
53.1000,20.00,1.1642,-138195,5.0,0.4684,9.367,1262,-0.1192,3
53.1200,20.00,1.1573,-136827,4.5,0.4786,9.572,1255,-0.0977,3
53.1400,20.00,1.1389,-133154,4.1,0.4876,9.752,1250,-0.0788,3
53.1600,20.00,1.1540,-136160,3.6,0.4892,9.783,1246,-0.0754,3
53.1800,20.00,1.1679,-138952,3.1,0.4873,9.747,1245,-0.0793,3
53.2000,20.00,1.1949,-144350,2.7,0.4763,9.525,1246,-0.1026,3
53.2200,20.00,1.1922,-143796,2.3,0.4726,9.453,1251,-0.1102,3
53.2400,20.00,1.1787,-141095,5.7,0.4751,9.503,1253,-0.1050,3
53.2600,20.00,1.1776,-140879,5.3,0.4755,9.510,1252,-0.1042,3
53.2800,20.00,1.1775,-140861,4.8,0.4751,9.503,1251,-0.1050,3
53.3000,20.00,1.2379,-152949,4.3,0.4373,8.745,1252,-0.1847,3
53.3200,20.00,1.2447,-154297,3.8,0.4143,8.286,1269,-0.2330,3
53.3400,20.00,1.2389,-153134,3.3,0.4030,8.060,1280,-0.2568,3
53.3600,20.00,1.1907,-143511,2.9,0.4197,8.394,1285,-0.2217,3
53.3800,20.00,1.1704,-139434,2.5,0.4378,8.755,1277,-0.1837,3
53.4000,20.00,1.1645,-138266,2.0,0.4499,8.998,1269,-0.1581,3
53.4200,20.00,1.1554,-136435,1.6,0.4614,9.228,1263,-0.1339,3
53.4400,20.00,1.1591,-137186,1.1,0.4670,9.340,1258,-0.1221,3
53.4600,19.99,1.1464,-134647,4.6,0.4738,9.476,1255,-0.1078,3
53.4800,20.00,1.1485,-135054,4.1,0.4771,9.543,1252,-0.1007,3
53.5000,20.00,1.1760,-140567,3.6,0.4699,9.398,1251,-0.1160,3
53.5200,20.00,1.1668,-138714,3.1,0.4716,9.432,1254,-0.1124,3
53.5400,20.01,1.2125,-147855,2.6,0.4454,8.907,1253,-0.1677,3
53.5600,19.99,1.1921,-143783,2.1,0.4432,8.864,1265,-0.1722,3
53.5800,20.00,1.1838,-142124,1.8,0.4448,8.896,1266,-0.1688,3
53.6000,20.00,1.1991,-145184,1.3,0.4339,8.679,1266,-0.1917,3
53.6200,20.00,1.2038,-146121,0.9,0.4239,8.479,1271,-0.2128,3
53.6400,20.00,1.2464,-154645,0.4,0.3916,7.832,1275,-0.2808,3
53.6600,20.00,1.2449,-154337,12.1,0.3730,7.459,1290,-0.3201,3
53.6800,20.00,1.1783,-141029,3.4,0.4006,8.012,1299,-0.2619,3
53.7000,20.00,1.1673,-138815,2.9,0.4179,8.359,1286,-0.2254,3
53.7200,20.00,1.1650,-138363,2.4,0.4282,8.564,1278,-0.2038,3
53.7400,20.00,1.1227,-129902,2.0,0.4604,9.207,1273,-0.1361,3
53.7600,20.00,1.1520,-135755,1.5,0.4581,9.162,1258,-0.1409,3
53.7800,20.00,1.1282,-130997,1.0,0.4714,9.428,1259,-0.1129,3
53.8000,20.00,1.1224,-129847,0.6,0.4803,9.606,1253,-0.0942,3
53.8200,20.00,1.1374,-132845,0.1,0.4805,9.611,1249,-0.0936,3
53.8400,20.00,1.1310,-131566,11.9,0.4840,9.681,1249,-0.0862,3
53.8600,20.00,1.2133,-148030,11.4,0.4467,8.933,1247,-0.1649,3
53.8800,20.00,1.2216,-149671,10.9,0.4225,8.450,1265,-0.2158,3
53.9000,20.00,1.2461,-154572,2.2,0.3911,7.821,1276,-0.2819,3
53.9200,20.00,1.2178,-148926,1.7,0.3882,7.764,1291,-0.2881,3
53.9400,20.00,1.1846,-142276,1.3,0.4019,8.039,1292,-0.2591,3
53.9600,20.00,1.2247,-150303,0.8,0.3812,7.624,1285,-0.3027,3
53.9800,20.00,1.1924,-143837,0.3,0.3893,7.786,1295,-0.2857,3
54.0000,20.00,1.1167,-128714,8.1,0.4460,8.920,1291,-0.1663,3
54.0200,20.00,1.1655,-138459,11.7,0.4339,8.678,1265,-0.1918,3
54.0400,20.00,1.1170,-128763,11.1,0.4646,9.292,1271,-0.1271,3
54.0600,20.00,1.1425,-133858,10.7,0.4599,9.199,1256,-0.1370,3
54.0800,20.00,1.1606,-137479,10.2,0.4512,9.023,1259,-0.1555,3
54.1000,20.00,1.1050,-126358,9.7,0.4814,9.628,1263,-0.0918,3
54.1200,20.00,1.1497,-135301,1.1,0.4681,9.363,1249,-0.1197,3
54.1400,20.00,1.2015,-145663,0.6,0.4378,8.755,1255,-0.1837,3
54.1600,20.00,1.1912,-143593,0.1,0.4283,8.566,1269,-0.2036,3
54.1800,20.00,1.2017,-145706,7.9,0.4138,8.277,1273,-0.2340,3
54.2000,20.00,1.2423,-153818,7.5,0.3811,7.621,1280,-0.3030,3
54.2200,20.00,1.2280,-150951,7.0,0.3674,7.348,1295,-0.3318,3
54.2400,20.00,1.2271,-150785,10.5,0.3575,7.150,1301,-0.3526,3
54.2600,20.00,1.1628,-137931,10.0,0.3932,7.864,1306,-0.2775,3
54.2800,20.00,1.1449,-134338,9.5,0.4167,8.333,1290,-0.2281,3
54.3000,20.00,1.0853,-122435,9.0,0.4712,9.424,1279,-0.1133,3
54.3200,20.00,1.1496,-135285,8.6,0.4484,8.968,1253,-0.1612,3
54.3400,20.00,1.1047,-126298,8.1,0.4767,9.534,1264,-0.1017,3
54.3600,20.00,1.1304,-131444,7.7,0.4699,9.398,1251,-0.1160,3
54.3800,20.00,1.1718,-139727,7.1,0.4478,8.955,1254,-0.1626,3
54.4000,20.00,1.1439,-134145,6.8,0.4570,9.139,1264,-0.1432,3
54.4200,20.00,1.2126,-147885,6.3,0.4208,8.416,1260,-0.2193,3
54.4400,20.00,1.1668,-138719,5.8,0.4282,8.565,1277,-0.2037,3
54.4600,20.00,1.2472,-154793,9.3,0.3841,7.682,1273,-0.2966,3
54.4800,20.00,1.1918,-143722,8.8,0.3909,7.817,1294,-0.2824,3
54.5000,20.00,1.2068,-146727,8.3,0.3814,7.628,1291,-0.3024,3
54.5200,20.00,1.1897,-143297,7.9,0.3854,7.708,1295,-0.2939,3
54.5400,20.00,1.1312,-131609,7.4,0.4244,8.488,1293,-0.2118,3
54.5600,20.00,1.1791,-141173,6.9,0.4095,8.189,1275,-0.2432,3
54.5800,20.00,1.0922,-123814,6.5,0.4639,9.278,1282,-0.1286,3
54.6000,20.00,1.1346,-132276,6.1,0.4519,9.038,1257,-0.1539,3
54.6200,20.00,1.1502,-135402,5.6,0.4435,8.871,1262,-0.1715,3
54.6400,20.00,1.1537,-136112,5.1,0.4399,8.797,1266,-0.1792,3
54.6600,20.00,1.1894,-143249,4.7,0.4207,8.413,1268,-0.2197,3
54.6800,20.00,1.2010,-145558,8.1,0.4035,8.070,1277,-0.2558,3
54.7000,20.00,1.1866,-142680,7.7,0.4013,8.027,1285,-0.2603,3
54.7200,20.00,1.2084,-147046,7.2,0.3860,7.721,1286,-0.2926,3
54.7400,20.00,1.1599,-137347,6.7,0.4063,8.127,1293,-0.2498,3
54.7600,20.00,1.1743,-140219,6.2,0.4037,8.074,1283,-0.2554,3
54.7800,20.00,1.1255,-130473,5.8,0.4350,8.700,1285,-0.1895,3
54.8000,20.00,1.1165,-128658,5.3,0.4521,9.042,1270,-0.1534,3
54.8200,20.00,1.1205,-129468,4.9,0.4586,9.173,1262,-0.1397,3
54.8400,20.00,1.1352,-132401,4.4,0.4542,9.084,1259,-0.1490,3
54.8600,20.00,1.1442,-134206,4.0,0.4499,8.998,1261,-0.1581,3
54.8800,20.00,1.1434,-134039,3.5,0.4504,9.008,1263,-0.1571,3
54.9000,20.00,1.1511,-135593,7.0,0.4454,8.909,1263,-0.1675,3
54.9200,20.00,1.1605,-137461,6.5,0.4383,8.766,1265,-0.1825,3
54.9400,20.00,1.1637,-138104,6.0,0.4329,8.658,1269,-0.1939,3
54.9600,20.00,1.2121,-147790,5.5,0.4038,8.076,1271,-0.2552,3
54.9800,20.00,1.1467,-134710,5.0,0.4284,8.568,1285,-0.2033,3
55.0000,20.00,1.1919,-143750,4.6,0.4081,8.161,1273,-0.2462,3
55.0200,20.00,1.1439,-134141,4.1,0.4285,8.570,1283,-0.2031,3
55.0400,20.00,1.1592,-137201,3.7,0.4241,8.482,1273,-0.2124,3
55.0600,20.00,1.1408,-133516,3.3,0.4354,8.707,1275,-0.1887,3
55.0800,20.00,1.1454,-134454,2.8,0.4367,8.733,1270,-0.1860,3
55.1000,20.00,1.1391,-133181,2.4,0.4428,8.856,1269,-0.1731,3
55.1200,20.00,1.1640,-138156,5.8,0.4306,8.611,1266,-0.1988,3
55.1400,20.00,1.1189,-129147,5.4,0.4570,9.139,1272,-0.1433,3
55.1600,20.00,1.1758,-140520,4.9,0.4310,8.620,1260,-0.1979,3
55.1800,19.99,1.1203,-129428,4.3,0.4571,9.143,1272,-0.1429,3
55.2000,20.00,1.1864,-142641,3.9,0.4262,8.524,1260,-0.2080,3
55.2200,20.00,1.0926,-123879,3.4,0.4750,9.500,1274,-0.1053,3
55.2400,20.00,1.1993,-145229,3.0,0.4271,8.542,1252,-0.2061,3
55.2600,20.00,1.1273,-130816,2.5,0.4508,9.016,1274,-0.1562,3
55.2800,20.00,1.1604,-137451,2.1,0.4369,8.739,1263,-0.1854,3
55.3000,20.00,1.1709,-139541,1.6,0.4259,8.519,1269,-0.2085,3
55.3200,20.00,1.1474,-134849,1.1,0.4357,8.713,1274,-0.1881,3
55.3400,20.00,1.1597,-137304,4.6,0.4301,8.602,1270,-0.1998,3
55.3600,20.00,1.1052,-126410,4.1,0.4668,9.335,1272,-0.1226,3
55.3800,20.00,1.1358,-132520,3.7,0.4556,9.113,1255,-0.1460,3
55.4000,20.00,1.1464,-134640,3.2,0.4495,8.990,1261,-0.1590,3
55.4200,20.00,1.2335,-152065,2.7,0.4008,8.017,1263,-0.2614,3
55.4400,20.00,1.0887,-123109,2.3,0.4677,9.354,1286,-0.1207,3
55.4600,20.00,1.1707,-139512,1.8,0.4367,8.733,1255,-0.1860,3
55.4800,20.00,1.1573,-136816,1.4,0.4327,8.654,1269,-0.1943,3
55.5000,20.00,1.1693,-139229,0.9,0.4244,8.487,1271,-0.2119,3
55.5200,20.00,1.1492,-135199,0.5,0.4330,8.661,1275,-0.1936,3
55.5400,20.01,1.1338,-132127,0.0,0.4456,8.912,1271,-0.1671,3
55.5600,19.99,1.1393,-133232,3.5,0.4468,8.937,1265,-0.1646,3
55.5800,20.00,1.1636,-138080,3.0,0.4337,8.674,1265,-0.1922,3
55.6000,20.00,1.1201,-129395,2.5,0.4586,9.171,1271,-0.1399,3
55.6200,20.00,1.1514,-135650,2.0,0.4457,8.914,1259,-0.1669,3
55.6400,20.00,1.1726,-139890,1.6,0.4298,8.596,1265,-0.2004,3
55.6600,20.00,1.1465,-134669,1.1,0.4389,8.778,1272,-0.1813,3
55.6800,20.00,1.1625,-137870,0.7,0.4309,8.618,1268,-0.1982,3
55.7000,20.00,1.0861,-122593,0.2,0.4796,9.592,1272,-0.0956,3
55.7200,20.00,1.1189,-129140,12.0,0.4710,9.420,1250,-0.1137,3
55.7400,20.00,1.1562,-136594,11.5,0.4514,9.027,1253,-0.1550,3
55.7600,20.00,1.1681,-138979,2.8,0.4386,8.772,1263,-0.1819,3
55.7800,20.00,1.1414,-133650,2.3,0.4493,8.987,1269,-0.1593,3
55.8000,20.00,1.1913,-143617,1.8,0.4231,8.463,1263,-0.2145,3
55.8200,20.00,1.1906,-143474,1.4,0.4105,8.209,1276,-0.2411,3
55.8400,20.00,1.2086,-147084,0.9,0.3920,7.840,1282,-0.2800,3
55.8600,20.00,1.1415,-133669,0.4,0.4238,8.475,1290,-0.2132,3
55.8800,20.00,1.1490,-135158,12.2,0.4269,8.539,1275,-0.2064,3
55.9000,20.00,1.1320,-131765,11.7,0.4407,8.814,1274,-0.1775,3
55.9200,20.00,1.1749,-140350,11.2,0.4213,8.426,1268,-0.2183,3
55.9400,20.00,1.1882,-143008,10.9,0.4064,8.128,1276,-0.2497,3
55.9600,20.00,1.1032,-126006,10.3,0.4547,9.094,1283,-0.1480,3
55.9800,20.00,1.1325,-131866,1.6,0.4504,9.007,1261,-0.1571,3
56.0000,20.00,1.2392,-153204,1.1,0.3937,7.874,1263,-0.2764,3
56.0200,20.00,1.2317,-151693,0.7,0.3668,7.336,1289,-0.3330,3
56.0400,20.00,1.1134,-128055,0.2,0.4303,8.606,1302,-0.1994,3
56.0600,20.00,1.1190,-129160,8.0,0.4445,8.890,1272,-0.1695,3
56.0800,19.99,1.1620,-137770,7.6,0.4261,8.523,1266,-0.2081,3
56.1000,20.00,1.1095,-127256,11.0,0.4567,9.134,1274,-0.1438,3
56.1200,20.00,1.1416,-133677,10.6,0.4462,8.925,1260,-0.1658,3
56.1400,20.00,1.1074,-126851,10.1,0.4681,9.361,1265,-0.1199,3
56.1600,20.00,1.1367,-132701,9.6,0.4564,9.129,1255,-0.1444,3
56.1800,20.00,1.1290,-131172,9.1,0.4610,9.220,1260,-0.1347,3
56.2000,20.00,1.1720,-139770,0.5,0.4383,8.766,1258,-0.1825,3
56.2200,20.00,1.1635,-138072,8.2,0.4326,8.651,1269,-0.1946,3
56.2400,20.00,1.1564,-136650,7.8,0.4336,8.672,1271,-0.1924,3
56.2600,20.00,1.2256,-150470,7.3,0.3946,7.892,1271,-0.2745,3
56.2800,20.00,1.2722,-159800,6.8,0.3476,6.952,1289,-0.3735,3
56.3000,20.00,1.1272,-130796,6.4,0.4141,8.282,1311,-0.2335,3
56.3200,20.00,1.0988,-125118,9.9,0.4503,9.005,1280,-0.1573,3
56.3400,20.00,1.2108,-147522,9.4,0.4005,8.010,1263,-0.2621,3
56.3600,20.00,1.2126,-147886,8.9,0.3759,7.517,1286,-0.3140,3
56.3800,20.00,1.1619,-137735,8.4,0.3963,7.926,1298,-0.2709,3
56.4000,20.00,1.1372,-132798,7.9,0.4191,8.383,1288,-0.2229,3
56.4200,20.00,1.0972,-124815,7.5,0.4552,9.104,1278,-0.1469,3
56.4400,20.00,1.1407,-133511,7.0,0.4405,8.810,1261,-0.1779,3
56.4600,20.00,1.1756,-140479,6.6,0.4188,8.376,1268,-0.2236,3
56.4800,20.00,1.2155,-148452,6.3,0.3878,7.756,1278,-0.2889,3
56.5000,20.00,1.2224,-149835,5.7,0.3651,7.302,1292,-0.3366,3
56.5200,20.00,1.2545,-156258,5.2,0.3389,6.779,1303,-0.3917,3
56.5400,20.00,1.2170,-148761,8.7,0.3436,6.871,1315,-0.3820,3
56.5600,20.00,1.2015,-145656,8.2,0.3487,6.975,1313,-0.3711,3
56.5800,20.00,1.1499,-135343,7.7,0.3836,7.673,1310,-0.2976,3
56.6000,20.00,1.1529,-135947,7.3,0.3914,7.828,1294,-0.2813,3
56.6200,20.00,1.1413,-133633,6.8,0.4045,8.091,1290,-0.2536,3
56.6400,20.00,1.1494,-135250,6.3,0.4062,8.123,1284,-0.2502,3
56.6600,20.00,1.1375,-132868,5.9,0.4172,8.344,1284,-0.2270,3
56.6800,20.00,1.1682,-139004,5.4,0.4032,8.063,1279,-0.2565,3
56.7000,20.00,1.1248,-130320,5.0,0.4286,8.571,1285,-0.2030,3
56.7200,20.00,1.1388,-133134,4.5,0.4286,8.572,1273,-0.2029,3
56.7400,20.00,1.1735,-140070,4.1,0.4088,8.176,1273,-0.2447,3
56.7600,20.00,1.2270,-150752,7.6,0.3695,7.390,1282,-0.3274,3
56.7800,20.00,1.2905,-163447,7.1,0.3241,6.482,1301,-0.4230,3
56.8000,20.00,1.2959,-164541,6.6,0.3033,6.065,1322,-0.4668,3
56.8200,20.00,1.2161,-148587,6.1,0.3219,6.438,1331,-0.4276,3
56.8400,20.00,1.1549,-136335,5.6,0.3586,7.172,1323,-0.3503,3
56.8600,20.00,1.1374,-132846,5.1,0.3836,7.671,1306,-0.2978,3
56.8800,20.00,1.1049,-126343,4.7,0.4147,8.294,1294,-0.2322,3
56.9000,20.00,1.1343,-132221,4.3,0.4109,8.217,1280,-0.2403,3
56.9200,20.00,1.1545,-136258,3.8,0.4021,8.043,1281,-0.2587,3
56.9400,20.00,1.1839,-142136,3.4,0.3816,7.633,1285,-0.3018,3
56.9600,20.00,1.1617,-137695,2.9,0.3906,7.812,1295,-0.2829,3
56.9800,20.00,1.1824,-141852,6.4,0.3779,7.558,1291,-0.3097,3
57.0000,20.00,1.1722,-139809,5.9,0.3807,7.615,1297,-0.3037,3
57.0200,20.00,1.2238,-150128,5.4,0.3502,7.004,1295,-0.3681,3
57.0400,20.00,1.2100,-147361,5.0,0.3452,6.903,1310,-0.3786,3
57.0600,20.00,1.2265,-150661,4.5,0.3325,6.650,1312,-0.4053,3
57.0800,20.00,1.2407,-153490,4.0,0.3190,6.381,1318,-0.4336,3
57.1000,20.00,1.1612,-137608,3.5,0.3563,7.125,1324,-0.3553,3
57.1200,20.00,1.1240,-130174,3.1,0.3910,7.820,1307,-0.2821,3
57.1400,20.00,1.1678,-138930,2.6,0.3731,7.461,1291,-0.3199,3
57.1600,20.00,1.1805,-141459,2.2,0.3630,7.261,1299,-0.3410,3
57.1800,19.99,1.1780,-140972,1.7,0.3627,7.254,1304,-0.3416,3
57.2000,20.00,1.1695,-139265,5.2,0.3681,7.362,1304,-0.3303,3
57.2200,20.00,1.1683,-139026,4.7,0.3705,7.410,1301,-0.3252,3
57.2400,20.00,1.1763,-140619,4.3,0.3661,7.322,1300,-0.3345,3
57.2600,20.00,1.1945,-144261,3.8,0.3533,7.066,1302,-0.3615,3
57.2800,20.00,1.1972,-144795,3.3,0.3477,6.954,1308,-0.3732,3
57.3000,20.00,1.1861,-142580,2.8,0.3514,7.029,1311,-0.3654,3
57.3200,20.00,1.2027,-145898,2.3,0.3403,6.806,1309,-0.3888,3
57.3400,20.00,1.1945,-144265,1.9,0.3417,6.834,1314,-0.3859,3
57.3600,20.00,1.2288,-151122,1.5,0.3219,6.438,1314,-0.4276,3
57.3800,20.00,1.1971,-144778,1.0,0.3318,6.636,1323,-0.4067,3
57.4000,20.00,1.1736,-140086,0.6,0.3458,6.916,1318,-0.3772,3
57.4200,20.00,1.1558,-136518,4.0,0.3606,7.212,1311,-0.3462,3
57.4400,20.00,1.1680,-138968,3.6,0.3581,7.161,1305,-0.3515,3
57.4600,20.00,1.1535,-136060,3.1,0.3700,7.401,1306,-0.3263,3
57.4800,20.00,1.2103,-147428,2.6,0.3389,6.778,1300,-0.3918,3
57.5000,20.00,1.2164,-148645,2.1,0.3267,6.534,1315,-0.4174,3
57.5200,20.00,1.2233,-150011,1.7,0.3175,6.350,1321,-0.4368,3
57.5400,20.00,1.1911,-143573,1.1,0.3311,6.621,1325,-0.4083,3
57.5600,20.00,1.1702,-139395,0.8,0.3450,6.900,1318,-0.3789,3
57.5800,20.00,1.1706,-139485,0.3,0.3480,6.961,1312,-0.3725,3
57.6000,20.00,1.1675,-138855,12.0,0.3524,7.047,1311,-0.3634,3
57.6200,20.00,1.2359,-152533,11.6,0.3163,6.326,1308,-0.4394,3
57.6400,20.00,1.2158,-148523,2.9,0.3156,6.311,1325,-0.4409,3
57.6600,20.00,1.2186,-149082,2.4,0.3104,6.209,1326,-0.4517,3
57.6800,20.00,1.2314,-151648,1.9,0.2978,5.956,1328,-0.4784,3
57.7000,20.00,1.2289,-151130,1.4,0.2928,5.855,1334,-0.4889,3
57.7200,20.00,1.2205,-149466,1.0,0.2941,5.882,1336,-0.4861,3
57.7400,20.00,1.2272,-150807,0.5,0.2869,5.737,1336,-0.5013,3
57.7600,20.00,1.1854,-142445,0.0,0.3132,6.263,1339,-0.4460,3
57.7800,20.00,1.1681,-138982,11.8,0.3280,6.560,1327,-0.4148,3
57.8000,20.00,1.1612,-137613,11.4,0.3378,6.756,1320,-0.3941,3
57.8200,20.00,1.1797,-141303,10.9,0.3315,6.630,1315,-0.4074,3
57.8400,20.00,1.1649,-138345,10.4,0.3419,6.839,1318,-0.3854,3
57.8600,20.00,1.1508,-135521,1.7,0.3548,7.096,1313,-0.3583,3
57.8800,20.00,1.1861,-142585,1.2,0.3369,6.737,1307,-0.3961,3
57.9000,20.00,1.2494,-155235,0.8,0.2951,5.902,1316,-0.4840,3
57.9200,20.00,1.3220,-169754,0.3,0.2400,4.800,1335,-0.6001,3
57.9400,20.00,1.3168,-168725,8.1,0.2188,4.376,1361,-0.6446,3
57.9600,20.00,1.2606,-157471,7.7,0.2297,4.594,1370,-0.6216,3
57.9800,20.00,1.1999,-145335,11.1,0.2732,5.464,1366,-0.5301,3
58.0000,20.00,1.1628,-137915,10.7,0.3039,6.077,1345,-0.4656,3
58.0200,20.01,1.1168,-128722,10.1,0.3462,6.925,1331,-0.3763,3
58.0400,20.00,1.1135,-128068,9.7,0.3644,7.289,1311,-0.3380,3
58.0600,20.00,1.1139,-128154,9.2,0.3764,7.527,1303,-0.3129,3
58.0800,20.00,1.1818,-141722,0.5,0.3426,6.853,1297,-0.3839,3
58.1000,20.00,1.1954,-144434,0.1,0.3282,6.564,1313,-0.4143,3
58.1200,20.00,1.2205,-149455,7.8,0.3043,6.087,1320,-0.4645,3
58.1400,20.00,1.2401,-153370,7.4,0.2804,5.608,1331,-0.5150,3
58.1600,20.00,1.2543,-156217,6.9,0.2590,5.180,1342,-0.5600,3
58.1800,20.00,1.2512,-155598,6.3,0.2514,5.029,1352,-0.5759,3
58.2000,20.00,1.2468,-154719,10.0,0.2473,4.946,1355,-0.5847,3
58.2200,20.00,1.2284,-151041,9.5,0.2535,5.070,1357,-0.5716,3
58.2400,20.00,1.2018,-145726,9.0,0.2709,5.418,1354,-0.5349,3
58.2600,20.00,1.1777,-140911,8.5,0.2915,5.829,1346,-0.4917,3
58.2800,20.00,1.1762,-140603,8.0,0.2989,5.979,1337,-0.4759,3
58.3000,20.00,1.1525,-135860,7.6,0.3210,6.420,1333,-0.4295,3
58.3200,20.00,1.1405,-133457,7.1,0.3393,6.786,1323,-0.3909,3
58.3400,20.00,1.1636,-138075,6.7,0.3304,6.607,1314,-0.4097,3
58.3600,20.01,1.1867,-142711,6.2,0.3149,6.298,1319,-0.4423,3
58.3800,20.00,1.1903,-143431,5.8,0.3090,6.181,1326,-0.4546,3
58.4000,20.00,1.2295,-151255,5.3,0.2774,5.548,1329,-0.5212,3
58.4200,20.00,1.2078,-146911,8.8,0.2825,5.650,1343,-0.5105,3
58.4400,20.00,1.1955,-144470,8.3,0.2892,5.784,1341,-0.4964,3
58.4600,20.00,1.1826,-141877,7.8,0.2992,5.985,1338,-0.4753,3
58.4800,20.00,1.1878,-142915,7.4,0.2965,5.931,1333,-0.4810,3
58.5000,20.00,1.2061,-146586,6.9,0.2826,5.652,1334,-0.5103,3
58.5200,20.00,1.2034,-146049,6.4,0.2804,5.609,1341,-0.5149,3
58.5400,20.00,1.1923,-143815,5.9,0.2863,5.726,1342,-0.5025,3
58.5600,20.00,1.1887,-143105,5.5,0.2892,5.783,1339,-0.4965,3
58.5800,20.00,1.1935,-144063,5.1,0.2861,5.722,1338,-0.5030,3
58.6000,20.00,1.1689,-139142,4.6,0.3048,6.096,1339,-0.4635,3
58.6200,20.00,1.1947,-144297,4.1,0.2893,5.786,1330,-0.4962,3
58.6400,20.01,1.2084,-147049,7.6,0.2771,5.543,1338,-0.5218,3
58.6600,19.99,1.1828,-141927,7.1,0.2906,5.812,1343,-0.4934,3
58.6800,20.00,1.1714,-139640,6.7,0.3014,6.028,1337,-0.4708,3
58.7000,20.01,1.1878,-142930,6.1,0.2923,5.846,1332,-0.4899,3
58.7200,20.00,1.1767,-140694,5.7,0.2989,5.977,1336,-0.4761,3
58.7400,19.99,1.1721,-139790,5.3,0.3039,6.078,1333,-0.4655,3
58.7600,20.00,1.1858,-142529,4.8,0.2958,5.916,1331,-0.4825,3
58.7800,20.00,1.1858,-142521,4.3,0.2941,5.882,1335,-0.4861,3
58.8000,20.00,1.1808,-141516,3.9,0.2965,5.931,1336,-0.4810,3
58.8200,20.00,1.1718,-139731,3.4,0.3032,6.063,1334,-0.4670,3
58.8400,20.00,1.2039,-146138,3.0,0.2826,5.652,1331,-0.5103,3
58.8600,20.00,1.1998,-145325,6.5,0.2797,5.594,1341,-0.5164,3
58.8800,20.00,1.1740,-140171,6.0,0.2948,5.895,1342,-0.4847,3
58.9000,20.00,1.2034,-146037,5.5,0.2775,5.551,1335,-0.5210,3
58.9200,20.00,1.1737,-140105,5.0,0.2932,5.863,1343,-0.4881,3
58.9400,20.00,1.1737,-140107,4.6,0.2961,5.922,1336,-0.4819,3
58.9600,20.00,1.1934,-144043,4.1,0.2842,5.683,1335,-0.5070,3
58.9800,20.00,1.2109,-147548,3.6,0.2696,5.392,1340,-0.5377,3
59.0000,20.00,1.1894,-143243,3.1,0.2783,5.567,1347,-0.5193,3
59.0200,20.00,1.2175,-148855,2.7,0.2610,5.219,1343,-0.5559,3
59.0400,20.00,1.2168,-148720,2.3,0.2564,5.128,1351,-0.5655,3
59.0600,20.00,1.1895,-143254,1.8,0.2690,5.379,1353,-0.5390,3
59.0800,20.00,1.1688,-139130,5.3,0.2845,5.690,1347,-0.5063,3
59.1000,20.00,1.1700,-139361,4.8,0.2886,5.771,1340,-0.4978,3
59.1200,20.00,1.1935,-144054,4.3,0.2758,5.516,1338,-0.5247,3
59.1400,20.00,1.1596,-137292,3.9,0.2963,5.926,1344,-0.4815,3
59.1600,20.00,1.1536,-136091,3.4,0.3061,6.122,1334,-0.4609,3
59.1800,20.00,1.1920,-143757,2.9,0.2842,5.684,1330,-0.5070,3
59.2000,20.00,1.1820,-141765,2.4,0.2864,5.729,1340,-0.5023,3
59.2200,20.00,1.2147,-148305,2.0,0.2650,5.301,1339,-0.5473,3
59.2400,20.00,1.2213,-149611,1.5,0.2552,5.104,1349,-0.5680,3
59.2600,20.00,1.2178,-148920,1.1,0.2520,5.041,1354,-0.5747,3
59.2800,20.00,1.1919,-143743,0.7,0.2633,5.265,1355,-0.5510,3
59.3000,20.00,1.1717,-139703,4.1,0.2765,5.531,1350,-0.5231,3
59.3200,20.00,1.1855,-142460,3.7,0.2724,5.448,1344,-0.5318,3
59.3400,20.00,1.1985,-145071,3.1,0.2645,5.291,1346,-0.5484,3
59.3600,20.00,1.1744,-140235,2.7,0.2770,5.541,1349,-0.5220,3
59.3800,20.00,1.1815,-141654,2.2,0.2757,5.514,1343,-0.5248,3
59.4000,20.00,1.1846,-142288,1.7,0.2743,5.486,1344,-0.5278,3
59.4200,20.00,1.1643,-138217,1.3,0.2869,5.737,1345,-0.5013,3
59.4400,20.00,1.1850,-142357,0.8,0.2775,5.550,1339,-0.5210,3
59.4600,20.00,1.2153,-148423,0.4,0.2586,5.172,1343,-0.5608,3
59.4800,20.00,1.2193,-149218,12.1,0.2511,5.023,1352,-0.5766,3
59.5000,20.00,1.2148,-148315,11.7,0.2495,4.989,1356,-0.5801,3
59.5200,20.00,1.1897,-143295,3.0,0.2605,5.211,1356,-0.5567,3
59.5400,20.00,1.1945,-144269,2.5,0.2602,5.204,1351,-0.5575,3
59.5600,20.00,1.2021,-145779,2.0,0.2560,5.119,1351,-0.5664,3
59.5800,20.00,1.1708,-139519,1.5,0.2722,5.444,1353,-0.5322,3
59.6000,20.00,1.1824,-141843,1.0,0.2701,5.402,1346,-0.5366,3
59.6200,20.00,1.1931,-143972,0.6,0.2644,5.287,1347,-0.5487,3
59.6400,20.00,1.2176,-148889,0.1,0.2497,4.995,1349,-0.5795,3
59.6600,20.00,1.2155,-148465,11.9,0.2468,4.937,1356,-0.5856,3
59.6800,20.00,1.1898,-143317,11.4,0.2581,5.162,1357,-0.5619,3
59.7000,20.00,1.1949,-144335,10.9,0.2576,5.152,1352,-0.5629,3
59.7200,20.00,1.2066,-146671,10.5,0.2512,5.025,1353,-0.5764,3
59.7400,20.00,1.1953,-144422,1.8,0.2554,5.108,1356,-0.5675,3
59.7600,20.01,1.1934,-144044,1.4,0.2572,5.143,1353,-0.5638,3
59.7800,19.99,1.1938,-144127,0.8,0.2571,5.142,1353,-0.5640,3
59.8000,20.00,1.1753,-140418,0.4,0.2678,5.355,1353,-0.5416,3
59.8200,20.00,1.1765,-140657,8.1,0.2703,5.406,1348,-0.5362,3
59.8400,20.00,1.2076,-146884,7.7,0.2530,5.059,1346,-0.5727,3
59.8600,20.00,1.1933,-144012,11.2,0.2572,5.144,1355,-0.5638,3
59.8800,20.00,1.2094,-147244,10.7,0.2476,4.953,1353,-0.5839,3
59.9000,20.00,1.2064,-146636,10.2,0.2463,4.927,1357,-0.5867,3
59.9200,20.00,1.2054,-146440,9.8,0.2453,4.905,1358,-0.5889,3
59.9400,20.00,1.2050,-146355,9.3,0.2442,4.883,1358,-0.5912,3
59.9600,20.00,1.1852,-142407,8.8,0.2545,5.090,1359,-0.5695,3
59.9800,20.00,1.1848,-142330,0.1,0.2570,5.140,1354,-0.5642,3
60.0000,20.00,1.1992,-145200,7.9,0.2493,4.987,1353,-0.5803,3
60.0200,20.01,1.2304,-151441,7.4,0.2317,4.635,1356,-0.6174,3
60.0400,20.00,1.2238,-150129,7.1,0.2296,4.593,1365,-0.6218,3
60.0600,19.99,1.1918,-143716,6.6,0.2438,4.876,1366,-0.5920,3
60.0800,20.00,1.2125,-147861,10.0,0.2352,4.703,1359,-0.6102,3
60.1000,20.00,1.1927,-143895,9.6,0.2442,4.883,1363,-0.5912,3
60.1200,20.00,1.1845,-142260,9.1,0.2514,5.027,1359,-0.5761,3
60.1400,20.00,1.1926,-143888,8.6,0.2488,4.976,1355,-0.5814,3
60.1600,20.00,1.2044,-146248,8.1,0.2415,4.831,1356,-0.5968,3
60.1800,20.00,1.2016,-145676,7.7,0.2414,4.829,1360,-0.5970,3
60.2000,20.00,1.1788,-141124,7.2,0.2547,5.094,1360,-0.5690,3
60.2200,20.00,1.2004,-145441,6.8,0.2436,4.873,1354,-0.5923,3
60.2400,20.00,1.2287,-151100,6.3,0.2270,4.540,1359,-0.6274,3
60.2600,20.00,1.2178,-148913,5.9,0.2278,4.557,1367,-0.6256,3
60.2800,20.00,1.2179,-148935,5.4,0.2259,4.518,1366,-0.6297,3
60.3000,20.00,1.2190,-149160,8.9,0.2235,4.471,1367,-0.6347,3
60.3200,20.00,1.2361,-152573,8.4,0.2136,4.271,1368,-0.6557,3
60.3400,20.00,1.2307,-151497,7.9,0.2127,4.254,1373,-0.6574,3
60.3600,20.00,1.2109,-147545,7.5,0.2202,4.404,1373,-0.6417,3
60.3800,20.00,1.2083,-147013,7.0,0.2220,4.441,1370,-0.6378,3
60.4000,20.00,1.1971,-144773,6.5,0.2285,4.569,1369,-0.6243,3
60.4200,20.00,1.1941,-144187,6.0,0.2316,4.633,1366,-0.6176,3
60.4400,20.00,1.1834,-142040,5.6,0.2390,4.780,1365,-0.6022,3
60.4600,20.00,1.1833,-142027,5.1,0.2409,4.819,1361,-0.5980,3
60.4800,20.00,1.1893,-143214,4.7,0.2384,4.769,1360,-0.6033,3
60.5000,20.00,1.1853,-142430,4.2,0.2409,4.818,1361,-0.5981,3
60.5200,20.00,1.1988,-145131,7.7,0.2336,4.672,1360,-0.6135,3
60.5400,20.00,1.2151,-148390,7.2,0.2239,4.478,1364,-0.6339,3
60.5600,20.00,1.2038,-146114,6.7,0.2273,4.545,1368,-0.6268,3
60.5800,20.00,1.2237,-150097,6.3,0.2164,4.327,1366,-0.6498,3
60.6000,20.00,1.2452,-154392,5.8,0.2042,4.084,1372,-0.6753,3
60.6200,20.00,1.2425,-153869,5.3,0.2018,4.036,1377,-0.6804,3
60.6400,20.00,1.2221,-149790,4.9,0.2079,4.158,1378,-0.6676,3
60.6600,20.00,1.2252,-150396,4.4,0.2055,4.111,1375,-0.6726,3
60.6800,20.00,1.1964,-144648,4.0,0.2184,4.368,1377,-0.6455,3
60.7000,20.00,1.1842,-142210,3.5,0.2267,4.534,1371,-0.6280,3
60.7200,20.00,1.1788,-141130,3.1,0.2319,4.637,1367,-0.6171,3
60.7400,20.00,1.1807,-141510,6.6,0.2326,4.653,1364,-0.6155,3
60.7600,20.00,1.2159,-148542,6.1,0.2155,4.311,1364,-0.6515,3
60.7800,20.00,1.2159,-148536,5.6,0.2127,4.254,1372,-0.6574,3
60.8000,20.00,1.2263,-150615,5.1,0.2063,4.127,1373,-0.6709,3
60.8200,20.00,1.2416,-153679,4.6,0.1975,3.950,1376,-0.6895,3
60.8400,20.00,1.2418,-153728,4.1,0.1940,3.879,1380,-0.6969,3
60.8600,20.00,1.2168,-148729,3.7,0.2009,4.018,1382,-0.6824,3
60.8800,20.02,1.1876,-142876,3.3,0.2128,4.256,1379,-0.6572,3
60.9000,19.98,1.1875,-142857,2.8,0.2142,4.283,1373,-0.6544,3
60.9200,20.00,1.2066,-146674,2.4,0.2061,4.121,1373,-0.6715,3
60.9400,20.00,1.2208,-149515,1.9,0.1988,3.975,1376,-0.6868,3
60.9600,20.00,1.1948,-144328,1.4,0.2078,4.155,1380,-0.6679,3
60.9800,20.00,1.1763,-140621,4.9,0.2171,4.341,1375,-0.6483,3
61.0000,20.00,1.1654,-138434,4.4,0.2246,4.492,1371,-0.6324,3
61.0200,20.00,1.1951,-144379,4.0,0.2128,4.257,1368,-0.6572,3
61.0400,20.00,1.2240,-150160,3.5,0.1988,3.976,1373,-0.6867,3
61.0600,20.00,1.2414,-153643,3.0,0.1885,3.769,1380,-0.7085,3
61.0800,20.00,1.2191,-149173,2.5,0.1929,3.858,1385,-0.6992,3
61.1000,20.00,1.1807,-141510,2.1,0.2080,4.161,1382,-0.6673,3
61.1200,20.00,1.1877,-142908,1.6,0.2061,4.121,1375,-0.6714,3
61.1400,20.00,1.1991,-145179,1.1,0.2018,4.036,1376,-0.6804,3
61.1600,20.00,1.1873,-142829,0.8,0.2068,4.137,1378,-0.6698,3
61.1800,20.00,1.1821,-141786,0.3,0.2095,4.190,1376,-0.6643,3
61.2000,20.00,1.2033,-146022,3.7,0.2003,4.006,1375,-0.6836,3
61.2200,20.00,1.2173,-148821,3.2,0.1923,3.846,1379,-0.7004,3
61.2400,20.00,1.1874,-142847,2.8,0.2042,4.084,1383,-0.6754,3
61.2600,20.00,1.1616,-137692,2.3,0.2174,4.348,1377,-0.6475,3
61.2800,20.00,1.1958,-144522,1.8,0.2020,4.039,1371,-0.6801,3
61.3000,20.00,1.1947,-144305,1.4,0.2022,4.044,1378,-0.6796,3
61.3200,20.00,1.1790,-141162,0.9,0.2092,4.185,1378,-0.6648,3
61.3400,20.00,1.2026,-145875,0.5,0.1980,3.959,1375,-0.6885,3
61.3600,20.01,1.1827,-141902,0.0,0.2067,4.134,1380,-0.6701,3
61.3800,19.99,1.1740,-140165,11.7,0.2111,4.221,1376,-0.6609,3
61.4000,20.00,1.1815,-141655,11.3,0.2084,4.167,1374,-0.6666,3
61.4200,20.00,1.2086,-147078,2.6,0.1950,3.901,1375,-0.6947,3
61.4400,20.00,1.2137,-148102,2.1,0.1900,3.800,1382,-0.7052,3
61.4600,20.00,1.1877,-142900,1.6,0.2005,4.009,1384,-0.6832,3
61.4800,20.00,1.1309,-131541,1.1,0.2326,4.652,1379,-0.6156,3
61.5000,20.00,1.1575,-136855,0.7,0.2242,4.484,1364,-0.6332,3
61.5200,20.00,1.2134,-148042,0.2,0.1967,3.933,1368,-0.6912,3
61.5400,20.00,1.2262,-150590,12.0,0.1855,3.710,1381,-0.7148,3
61.5600,20.00,1.2051,-146377,11.5,0.1913,3.826,1386,-0.7025,3
61.5800,20.00,1.1649,-138343,11.0,0.2101,4.201,1383,-0.6630,3
61.6000,20.00,1.1650,-138361,10.6,0.2119,4.238,1375,-0.6591,3
61.6200,20.00,1.1867,-142709,10.1,0.2034,4.067,1374,-0.6771,3
61.6400,20.00,1.1898,-143319,1.4,0.2007,4.015,1378,-0.6827,3
61.6600,20.00,1.1882,-143001,0.9,0.2005,4.009,1379,-0.6833,3
61.6800,20.00,1.1591,-137193,0.5,0.2161,4.323,1379,-0.6502,3
61.7000,20.00,1.1570,-136757,8.3,0.2224,4.449,1372,-0.6370,3
61.7200,20.00,1.1779,-140939,7.8,0.2145,4.290,1369,-0.6537,3
61.7400,20.00,1.1927,-143904,7.4,0.2054,4.108,1372,-0.6728,3
61.7600,20.00,1.1977,-144893,10.8,0.1991,3.983,1377,-0.6860,3
61.7800,20.00,1.2004,-145437,10.3,0.1940,3.881,1380,-0.6968,3
61.8000,20.00,1.1967,-144704,9.9,0.1932,3.863,1382,-0.6986,3
61.8200,20.00,1.2054,-146435,9.4,0.1867,3.733,1382,-0.7123,3
61.8400,20.00,1.1771,-140787,8.9,0.2010,4.020,1385,-0.6821,3
61.8600,20.00,1.1459,-134544,0.3,0.2205,4.410,1379,-0.6411,3
61.8800,20.00,1.1684,-139052,8.0,0.2139,4.278,1370,-0.6550,3
61.9000,20.00,1.2105,-147468,7.6,0.1907,3.814,1373,-0.7038,3
61.9200,20.00,1.2094,-147236,7.1,0.1869,3.738,1384,-0.7118,3
61.9400,20.01,1.1911,-143584,6.7,0.1927,3.854,1385,-0.6996,3
61.9600,20.00,1.1788,-141123,6.1,0.1992,3.984,1383,-0.6859,3
61.9800,20.00,1.2008,-145518,9.7,0.1875,3.750,1380,-0.7105,3
62.0000,20.00,1.2314,-151642,9.2,0.1710,3.420,1385,-0.7452,3
62.0200,20.00,1.2244,-150231,8.7,0.1708,3.415,1393,-0.7457,3
62.0400,20.00,1.2199,-149332,8.2,0.1701,3.401,1393,-0.7472,3
62.0600,20.00,1.2063,-146611,7.7,0.1750,3.500,1393,-0.7368,3
62.0800,20.00,1.1798,-141332,7.2,0.1886,3.771,1391,-0.7083,3
62.1000,20.00,1.1529,-135944,6.8,0.2076,4.152,1385,-0.6682,3
62.1200,20.00,1.1830,-141968,6.4,0.1924,3.848,1376,-0.7002,3
62.1400,20.00,1.2175,-148852,5.9,0.1751,3.502,1383,-0.7366,3
62.1600,20.00,1.2508,-155511,5.5,0.1566,3.132,1391,-0.7756,3
62.1800,20.00,1.2527,-155908,5.0,0.1516,3.032,1399,-0.7861,3
62.2000,20.00,1.1950,-144366,8.5,0.1784,3.569,1402,-0.7296,3
62.2200,20.00,1.1833,-142028,8.0,0.1816,3.632,1389,-0.7229,3
62.2400,20.00,1.1777,-140909,7.6,0.1870,3.740,1388,-0.7116,3
62.2600,20.00,1.1891,-143176,7.0,0.1826,3.651,1385,-0.7209,3
62.2800,20.00,1.2273,-150829,6.6,0.1638,3.277,1387,-0.7603,3
62.3000,20.00,1.2108,-147513,6.1,0.1704,3.408,1396,-0.7466,3
62.3200,20.00,1.1709,-139538,5.7,0.1911,3.821,1393,-0.7030,3
62.3400,20.00,1.1628,-137921,5.2,0.1985,3.969,1383,-0.6875,3
62.3600,20.00,1.1998,-145328,4.8,0.1793,3.586,1380,-0.7278,3
62.3800,20.00,1.2401,-153379,4.3,0.1589,3.179,1389,-0.7706,3
62.4000,20.00,1.2660,-158556,3.9,0.1431,2.863,1398,-0.8039,3
62.4200,20.00,1.2307,-151491,7.3,0.1573,3.146,1406,-0.7741,3
62.4400,20.00,1.1890,-143163,6.9,0.1745,3.489,1399,-0.7380,3
62.4600,20.00,1.1731,-139983,6.4,0.1838,3.675,1391,-0.7184,3
62.4800,20.00,1.1805,-141469,5.9,0.1820,3.640,1387,-0.7221,3
62.5000,20.00,1.2340,-152161,5.4,0.1559,3.118,1388,-0.7771,3
62.5200,20.00,1.2491,-155185,5.0,0.1476,2.952,1400,-0.7945,3
62.5400,20.00,1.2355,-152466,4.5,0.1517,3.034,1404,-0.7859,3
62.5600,20.00,1.2845,-162253,4.1,0.1275,2.551,1402,-0.8368,3
62.5800,20.00,1.2212,-149596,3.6,0.1590,3.179,1413,-0.7706,3
62.6000,20.00,1.0344,-112247,3.1,0.3333,6.665,1398,-0.4037,3
62.6200,20.00,0.9039,-86150,6.7,0.4330,8.660,1317,-0.1937,3
62.6400,20.00,0.9562,-96613,6.1,0.4240,8.480,1271,-0.2126,3
62.6600,20.00,1.0963,-124625,5.7,0.3493,6.985,1275,-0.3700,3
62.6800,20.00,1.1531,-135986,5.2,0.3046,6.092,1310,-0.4640,3
62.7000,20.00,1.2563,-156623,4.7,0.2100,4.200,1331,-0.6632,3
62.7200,20.00,1.2819,-161744,4.3,0.1713,3.426,1375,-0.7446,3
62.7400,20.00,1.1592,-137199,3.8,0.2257,4.514,1392,-0.6301,3
62.7600,20.00,1.1429,-133935,3.3,0.2398,4.797,1367,-0.6004,3
62.7800,20.00,1.1263,-130616,2.9,0.2605,5.209,1361,-0.5569,3
62.8000,20.00,1.0719,-119751,2.5,0.3128,6.257,1351,-0.4467,3
62.8200,20.00,1.0480,-114976,2.0,0.3586,7.171,1327,-0.3504,3
62.8400,20.00,1.1353,-132420,1.5,0.3031,6.063,1306,-0.4671,3
62.8600,20.00,1.1374,-132841,5.0,0.2954,5.908,1331,-0.4833,3
62.8800,20.00,1.0946,-124280,4.5,0.3288,6.577,1335,-0.4130,3
62.9000,20.00,0.9712,-99608,4.0,0.4382,8.765,1319,-0.1826,3
62.9200,20.00,0.8102,-67414,3.6,0.5578,11.156,1269,0.0690,3
62.9400,20.00,0.4147,11657,3.1,0.6812,13.624,1213,0.3288,3
62.9600,20.00,1.2435,-154068,2.6,0.1921,3.842,1156,-0.7009,3
62.9800,20.00,1.2240,-150166,2.1,0.2782,5.565,1383,-0.5195,3
63.0000,20.00,0.9857,-102509,1.7,0.4613,9.225,1343,-0.1342,3
63.0200,20.00,1.3061,-166567,1.3,0.1863,3.727,1258,-0.7130,3
63.0400,20.00,1.1132,-128003,0.8,0.3271,6.543,1385,-0.4165,3
63.0600,20.00,1.0602,-117415,0.4,0.3999,7.997,1320,-0.2634,3
63.0800,20.00,1.1823,-141827,3.8,0.2964,5.928,1286,-0.4813,3
63.1000,20.00,0.9462,-94605,3.3,0.4618,9.237,1334,-0.1330,3
63.1200,19.99,1.1144,-128243,2.9,0.3632,7.265,1258,-0.3405,3
63.1400,20.00,1.0737,-120098,2.4,0.3985,7.971,1304,-0.2663,3
63.1600,20.00,1.0457,-114505,1.9,0.4149,8.297,1287,-0.2319,3
63.1800,20.00,1.1741,-140179,1.4,0.3139,6.278,1279,-0.4444,3
63.2000,20.00,1.0706,-119496,1.0,0.3886,7.771,1326,-0.2872,3
63.2200,20.01,1.1364,-132652,0.5,0.3362,6.725,1292,-0.3974,3
63.2400,19.99,1.0964,-124650,0.1,0.3669,7.339,1316,-0.3328,3
63.2600,20.00,1.0822,-121799,11.8,0.3804,7.608,1302,-0.3044,3
63.2800,20.00,1.1285,-131063,11.3,0.3401,6.802,1295,-0.3892,3
63.3000,20.00,1.0437,-114115,2.7,0.4019,8.039,1314,-0.2591,3
63.3200,20.00,1.1228,-129932,2.1,0.3492,6.984,1285,-0.3702,3
63.3400,20.00,1.0951,-124393,1.7,0.3710,7.421,1310,-0.3241,3
63.3600,20.00,1.0922,-123807,1.2,0.3750,7.499,1300,-0.3159,3
63.3800,20.00,1.1345,-132255,0.7,0.3337,6.674,1298,-0.4027,3
63.4000,20.00,1.0742,-120215,0.3,0.3823,7.646,1317,-0.3004,3
63.4200,20.00,1.1062,-126602,12.1,0.3620,7.239,1295,-0.3433,3
63.4400,20.00,1.1146,-128282,11.6,0.3519,7.037,1304,-0.3645,3
63.4600,20.00,1.0815,-121676,11.1,0.3792,7.583,1309,-0.3070,3
63.4800,20.00,1.1209,-129543,10.6,0.3470,6.939,1296,-0.3748,3
63.5000,20.00,1.0905,-123467,10.1,0.3713,7.426,1311,-0.3236,3
63.5200,20.00,1.1014,-125638,1.5,0.3652,7.304,1300,-0.3364,3
63.5400,20.00,1.1347,-132302,1.0,0.3299,6.599,1303,-0.4106,3
63.5600,20.00,1.0730,-119968,0.5,0.3816,7.633,1319,-0.3018,3
63.5800,20.00,1.1519,-135743,0.0,0.3156,6.311,1295,-0.4409,3
63.6000,20.00,1.0916,-123692,7.9,0.3623,7.246,1326,-0.3425,3
63.6200,20.00,1.0719,-119751,7.5,0.3836,7.673,1304,-0.2976,3
63.6400,20.00,1.1248,-130333,10.9,0.3426,6.851,1294,-0.3841,3
63.6600,20.00,1.0471,-114785,10.4,0.4007,8.014,1313,-0.2617,3
63.6800,20.00,1.1114,-127652,9.9,0.3628,7.256,1286,-0.3415,3
63.7000,20.00,1.0722,-119809,9.5,0.3923,7.846,1304,-0.2794,3
63.7200,20.00,1.0874,-122856,9.0,0.3851,7.703,1290,-0.2945,3
63.7400,20.00,1.0963,-124625,0.3,0.3811,7.622,1293,-0.3030,3
63.7600,19.99,1.0924,-123855,8.1,0.3841,7.682,1295,-0.2966,3
63.7800,20.00,1.1031,-125983,7.6,0.3761,7.522,1294,-0.3135,3
63.8000,20.00,1.1326,-131881,7.1,0.3434,6.867,1298,-0.3824,3
63.8200,20.00,1.0976,-124887,6.8,0.3715,7.430,1313,-0.3231,3
63.8400,20.00,1.1211,-129577,6.3,0.3498,6.996,1300,-0.3688,3
63.8600,20.00,1.1162,-128601,9.8,0.3505,7.011,1310,-0.3673,3
63.8800,20.00,1.1079,-126951,9.3,0.3573,7.147,1309,-0.3530,3
63.9000,20.00,1.1177,-128912,8.8,0.3480,6.960,1306,-0.3726,3
63.9200,20.00,1.1089,-127143,8.3,0.3551,7.102,1311,-0.3576,3
63.9400,20.00,1.0913,-123623,7.8,0.3742,7.483,1307,-0.3176,3
63.9600,20.00,1.0877,-122904,7.3,0.3803,7.605,1298,-0.3047,3
63.9800,20.01,1.1039,-126151,6.9,0.3714,7.427,1295,-0.3234,3
64.0000,19.99,1.0659,-118547,6.4,0.3981,7.962,1300,-0.2672,3
64.0200,20.00,1.1127,-127911,6.0,0.3678,7.356,1287,-0.3310,3
64.0400,20.00,1.0809,-121554,5.6,0.3925,7.850,1301,-0.2789,3
64.0600,20.00,1.1341,-132186,5.1,0.3493,6.986,1290,-0.3699,3
64.0800,20.00,1.0937,-124101,8.6,0.3812,7.624,1310,-0.3027,3
64.1000,20.00,1.1367,-132704,8.1,0.3437,6.875,1295,-0.3816,3
64.1200,20.00,1.1139,-128155,7.6,0.3578,7.156,1313,-0.3520,3
64.1400,20.00,1.1034,-126043,7.1,0.3690,7.380,1306,-0.3284,3
64.1600,20.00,1.1143,-128234,6.7,0.3599,7.198,1301,-0.3476,3
64.1800,20.00,1.0926,-123886,6.2,0.3796,7.591,1305,-0.3062,3
64.2000,20.00,1.1056,-126492,5.7,0.3725,7.449,1296,-0.3211,3
64.2200,20.00,1.0714,-119654,5.3,0.3986,7.972,1299,-0.2661,3
64.2400,20.00,1.1319,-131745,4.8,0.3542,7.084,1287,-0.3596,3
64.2600,20.00,1.0789,-121150,4.4,0.3941,7.882,1308,-0.2755,3
64.2800,20.00,1.1396,-133276,3.9,0.3487,6.973,1289,-0.3713,3
64.3000,20.00,1.0938,-124121,7.4,0.3826,7.652,1310,-0.2998,3
64.3200,20.00,1.1290,-131156,6.9,0.3545,7.091,1295,-0.3589,3
64.3400,20.00,1.1117,-127697,6.5,0.3672,7.343,1308,-0.3323,3
64.3600,20.00,1.1194,-129239,6.0,0.3601,7.203,1302,-0.3471,3
64.3800,20.00,1.1217,-129696,5.5,0.3575,7.150,1305,-0.3526,3
64.4000,20.01,1.1208,-129525,5.0,0.3575,7.150,1306,-0.3526,3
64.4200,19.99,1.1117,-127706,4.6,0.3652,7.304,1306,-0.3364,3
64.4400,20.00,1.1034,-126049,4.1,0.3733,7.465,1303,-0.3195,3
64.4600,20.00,1.0817,-121702,3.7,0.3928,7.857,1299,-0.2782,3
64.4800,20.00,1.0958,-124531,3.2,0.3875,7.749,1290,-0.2896,3
64.5000,20.00,1.0802,-121398,2.8,0.4027,8.054,1292,-0.2575,3
64.5200,20.00,1.1028,-125927,6.3,0.3874,7.748,1285,-0.2897,3
64.5400,20.00,1.1282,-131007,5.8,0.3667,7.335,1292,-0.3332,3
64.5600,20.00,1.0896,-123278,5.3,0.3949,7.899,1302,-0.2738,3
64.5800,20.00,1.1630,-137955,4.8,0.3378,6.756,1289,-0.3941,3
64.6000,20.00,1.1080,-126961,4.3,0.3749,7.498,1315,-0.3160,3
64.6200,20.00,1.1520,-135759,3.9,0.3383,6.765,1298,-0.3931,3
64.6400,20.00,1.1121,-127794,3.4,0.3675,7.350,1315,-0.3316,3
64.6600,20.00,1.1181,-128994,3.0,0.3635,7.270,1301,-0.3400,3
64.6800,20.00,1.0874,-122843,2.5,0.3888,7.776,1303,-0.2868,3
64.7000,20.00,1.1145,-128268,2.1,0.3725,7.450,1292,-0.3210,3
64.7200,20.00,1.0914,-123639,1.6,0.3920,7.840,1299,-0.2800,3
64.7400,20.00,1.1139,-128152,5.1,0.3773,7.545,1290,-0.3110,3
64.7600,20.00,1.1103,-127416,4.6,0.3808,7.616,1297,-0.3036,3
64.7800,20.00,1.1041,-126181,4.1,0.3862,7.723,1295,-0.2923,3
64.8000,20.00,1.1541,-136183,3.6,0.3464,6.927,1293,-0.3761,3
64.8200,20.00,1.1150,-128374,3.1,0.3731,7.462,1311,-0.3198,3
64.8400,20.00,1.1572,-136810,2.7,0.3366,6.733,1299,-0.3965,3
64.8600,20.00,1.1032,-125999,2.3,0.3776,7.551,1316,-0.3104,3
64.8800,20.00,1.1178,-128932,1.8,0.3692,7.384,1297,-0.3280,3
64.9000,20.00,1.1157,-128511,1.4,0.3724,7.448,1301,-0.3212,3
64.9200,20.00,1.1075,-126857,0.9,0.3802,7.604,1299,-0.3048,3
64.9400,20.00,1.1182,-129008,0.5,0.3738,7.476,1296,-0.3183,3
64.9600,20.00,1.0878,-122919,3.9,0.3983,7.965,1298,-0.2668,3
64.9800,20.00,1.0845,-122274,3.4,0.4075,8.150,1287,-0.2474,3
65.0000,20.00,1.1026,-125879,3.0,0.3967,7.934,1283,-0.2701,3
65.0200,20.00,1.1170,-128768,2.5,0.3861,7.722,1288,-0.2924,3
65.0400,20.00,1.1122,-127802,2.0,0.3893,7.787,1293,-0.2856,3
65.0600,20.00,1.1409,-133551,1.5,0.3663,7.326,1291,-0.3341,3
65.0800,20.00,1.1475,-134867,1.1,0.3532,7.065,1302,-0.3616,3
65.1000,20.00,1.1186,-129081,0.6,0.3763,7.526,1308,-0.3131,3
65.1200,20.00,1.1837,-142110,0.1,0.3243,6.486,1297,-0.4225,3
65.1400,20.00,1.1613,-137626,11.9,0.3309,6.618,1321,-0.4086,3
65.1600,19.99,1.0965,-124664,11.4,0.3786,7.571,1318,-0.3083,3
65.1800,20.00,1.1284,-131037,2.7,0.3586,7.172,1296,-0.3503,3
65.2000,20.00,1.0728,-119937,2.3,0.4034,8.068,1306,-0.2560,3
65.2200,20.00,1.1122,-127807,1.8,0.3831,7.662,1285,-0.2988,3
65.2400,20.00,1.0779,-120955,1.3,0.4112,8.225,1294,-0.2395,3
65.2600,20.00,1.0870,-122773,0.8,0.4108,8.216,1281,-0.2404,3
65.2800,20.00,1.1295,-131262,0.4,0.3810,7.621,1281,-0.3031,3
65.3000,20.00,1.1141,-128184,12.1,0.3901,7.801,1295,-0.2841,3
65.3200,20.00,1.1174,-128837,11.7,0.3869,7.739,1291,-0.2906,3
65.3400,20.00,1.1558,-136526,11.2,0.3557,7.114,1292,-0.3564,3
65.3600,20.00,1.1253,-130433,10.7,0.3755,7.510,1307,-0.3147,3
65.3800,20.00,1.1560,-136555,10.3,0.3489,6.978,1298,-0.3708,3
65.4000,20.00,1.1511,-135584,1.6,0.3457,6.914,1310,-0.3775,3
65.4200,20.00,1.1814,-141641,1.1,0.3244,6.489,1312,-0.4222,3
65.4400,20.00,1.0811,-121593,0.6,0.3883,7.766,1321,-0.2877,3
65.4600,20.00,1.1143,-128224,0.1,0.3735,7.470,1292,-0.3190,3
65.4800,20.00,1.1107,-127502,8.0,0.3816,7.632,1299,-0.3019,3
65.5000,20.00,1.0798,-121333,7.5,0.4070,8.139,1295,-0.2485,3
65.5200,20.00,1.1087,-127096,11.0,0.3920,7.840,1283,-0.2799,3
65.5400,20.00,1.0383,-113026,10.5,0.4410,8.819,1290,-0.1769,3
65.5600,20.00,1.1134,-128047,10.0,0.3938,7.877,1267,-0.2761,3
65.5800,20.00,1.1131,-127984,9.6,0.4000,7.999,1289,-0.2632,3
65.6000,20.00,1.1128,-127917,9.1,0.3988,7.976,1286,-0.2657,3
65.6200,20.00,1.1243,-130221,0.4,0.3890,7.780,1287,-0.2863,3
65.6400,20.00,1.1083,-127028,8.1,0.3995,7.990,1292,-0.2643,3
65.6600,20.00,1.1828,-141919,7.7,0.3443,6.886,1287,-0.3805,3
65.6800,20.00,1.1592,-137199,7.3,0.3487,6.973,1312,-0.3712,3
65.7000,20.00,1.1265,-130665,6.8,0.3700,7.400,1310,-0.3263,3
65.7200,20.00,1.1727,-139898,6.4,0.3366,6.732,1300,-0.3967,3
65.7400,20.00,1.1417,-133709,9.8,0.3493,6.986,1316,-0.3699,3
65.7600,19.99,1.1433,-134032,9.3,0.3469,6.938,1310,-0.3749,3
65.7800,20.00,1.1150,-128363,8.9,0.3700,7.401,1311,-0.3262,3
65.8000,20.00,1.1044,-126256,8.4,0.3817,7.635,1300,-0.3016,3
65.8200,20.01,1.0771,-120792,7.9,0.4054,8.108,1295,-0.2518,3
65.8400,20.02,1.1153,-128428,7.5,0.3880,7.759,1284,-0.2885,3
65.8600,19.98,1.1018,-125730,7.0,0.4000,8.001,1292,-0.2631,3
65.8800,20.00,1.1200,-129356,6.5,0.3887,7.775,1286,-0.2869,3
65.9000,20.00,1.1619,-137743,6.1,0.3572,7.145,1292,-0.3532,3
65.9200,20.00,1.1252,-130396,5.7,0.3785,7.571,1306,-0.3083,3
65.9400,20.00,1.2048,-146329,5.1,0.3224,6.448,1296,-0.4265,3
65.9600,20.00,1.1224,-129843,8.7,0.3641,7.283,1322,-0.3386,3
65.9800,20.00,1.1364,-132647,8.1,0.3565,7.130,1303,-0.3548,3
66.0000,20.00,1.1158,-128524,7.7,0.3738,7.476,1307,-0.3183,3
66.0200,20.00,1.1010,-125558,7.2,0.3880,7.760,1298,-0.2885,3
66.0400,20.00,1.1473,-134828,6.8,0.3606,7.212,1292,-0.3462,3
66.0600,20.00,1.0771,-120796,6.3,0.4051,8.101,1305,-0.2525,3
66.0800,20.00,1.1418,-133716,5.8,0.3706,7.412,1284,-0.3250,3
66.1000,20.00,1.0884,-123050,5.4,0.4039,8.078,1300,-0.2550,3
66.1200,20.00,1.1204,-129446,4.9,0.3885,7.769,1285,-0.2875,3
66.1400,20.00,1.0941,-124188,4.5,0.4058,8.116,1292,-0.2509,3
66.1600,20.00,1.1505,-135470,4.0,0.3712,7.424,1284,-0.3238,3
66.1800,20.00,1.1208,-129531,7.5,0.3876,7.753,1300,-0.2892,3
66.2000,20.00,1.1367,-132697,7.0,0.3765,7.530,1292,-0.3126,3
66.2200,20.00,1.1207,-129506,6.5,0.3857,7.715,1297,-0.2932,3
66.2400,20.00,1.1441,-134186,6.1,0.3701,7.402,1293,-0.3261,3
66.2600,20.00,1.1277,-130910,5.6,0.3790,7.581,1300,-0.3073,3
66.2800,20.00,1.1377,-132899,5.1,0.3714,7.428,1296,-0.3233,3
66.3000,20.00,1.1700,-139370,4.6,0.3450,6.900,1300,-0.3790,3
66.3200,20.00,1.1117,-127700,4.2,0.3785,7.570,1312,-0.3084,3
66.3400,20.00,1.1887,-143097,3.8,0.3302,6.604,1296,-0.4101,3
66.3600,20.00,1.0723,-119827,3.3,0.3969,7.939,1319,-0.2696,3
66.3800,20.00,1.1375,-132864,2.8,0.3683,7.367,1288,-0.3298,3
66.4000,20.00,1.0864,-122647,6.3,0.4009,8.019,1301,-0.2612,3
66.4200,20.00,1.1124,-127846,5.9,0.3915,7.829,1286,-0.2811,3
66.4400,20.00,1.0892,-123208,5.4,0.4086,8.172,1290,-0.2451,3
66.4600,20.00,1.0938,-124125,4.9,0.4104,8.208,1282,-0.2413,3
66.4800,20.00,1.1458,-134531,4.4,0.3804,7.609,1282,-0.3044,3
66.5000,20.00,1.1480,-134966,3.9,0.3762,7.523,1295,-0.3133,3
66.5200,20.00,1.1187,-129111,3.5,0.3894,7.788,1298,-0.2855,3
66.5400,20.00,1.1567,-136703,3.1,0.3667,7.335,1291,-0.3332,3
66.5600,20.00,1.1479,-134952,2.6,0.3668,7.337,1302,-0.3330,3
66.5800,20.00,1.1510,-135557,2.1,0.3599,7.198,1302,-0.3475,3
66.6000,20.00,1.1360,-132571,1.7,0.3679,7.357,1305,-0.3308,3
66.6200,20.02,1.1532,-136000,5.1,0.3543,7.086,1301,-0.3593,3
66.6400,19.99,1.1048,-126330,4.7,0.3833,7.666,1308,-0.2984,3
66.6600,20.00,1.1366,-132678,4.2,0.3706,7.412,1294,-0.3251,3
66.6800,20.00,1.1487,-135109,3.7,0.3622,7.244,1300,-0.3428,3
66.7000,20.00,1.1069,-126742,3.3,0.3857,7.714,1304,-0.2933,3
66.7200,20.00,1.1328,-131923,2.8,0.3754,7.508,1293,-0.3150,3
66.7400,20.00,1.1138,-128116,2.3,0.3872,7.744,1298,-0.2901,3
66.7600,20.00,1.1053,-126430,1.9,0.3947,7.893,1292,-0.2744,3
66.7800,20.00,1.0936,-124093,1.4,0.4071,8.143,1289,-0.2481,3
66.8000,20.00,1.1435,-134061,1.0,0.3829,7.658,1283,-0.2991,3
66.8200,20.00,1.1136,-128082,0.5,0.3971,7.942,1294,-0.2693,3
66.8400,20.00,1.1761,-140577,4.0,0.3601,7.201,1288,-0.3472,3
66.8600,20.00,1.1231,-129993,3.5,0.3842,7.684,1305,-0.2964,3
66.8800,20.00,1.1813,-141628,3.0,0.3470,6.939,1294,-0.3748,3
66.9000,20.00,1.1381,-132993,2.6,0.3671,7.343,1311,-0.3323,3
66.9200,20.00,1.1213,-129634,2.1,0.3762,7.523,1302,-0.3133,3
66.9400,20.00,1.1156,-128488,1.6,0.3832,7.665,1298,-0.2985,3
66.9600,20.00,1.1367,-132698,1.1,0.3751,7.503,1294,-0.3155,3
66.9800,20.00,1.1436,-134094,0.7,0.3715,7.430,1298,-0.3232,3
67.0000,20.00,1.1235,-130062,0.3,0.3809,7.619,1300,-0.3033,3
67.0200,20.00,1.1550,-136368,12.0,0.3644,7.288,1295,-0.3381,3
67.0400,20.00,1.1387,-133111,11.5,0.3707,7.415,1303,-0.3248,3
67.0600,20.00,1.1630,-137961,2.8,0.3529,7.059,1300,-0.3622,3
67.0800,20.00,1.1172,-128810,2.3,0.3786,7.572,1308,-0.3083,3
67.1000,20.00,1.1658,-138519,1.9,0.3507,7.014,1296,-0.3670,3
67.1200,20.00,1.1222,-129801,1.4,0.3753,7.506,1309,-0.3152,3
67.1400,20.00,1.1564,-136645,0.9,0.3561,7.122,1298,-0.3556,3
67.1600,20.00,1.1280,-130964,0.4,0.3723,7.445,1307,-0.3216,3
67.1800,20.00,1.1212,-129612,12.3,0.3785,7.571,1299,-0.3083,3
67.2000,20.00,1.1189,-129152,11.8,0.3846,7.692,1296,-0.2956,3
67.2200,20.00,1.1060,-126562,11.3,0.3967,7.933,1294,-0.2702,3
67.2400,20.00,1.1291,-131182,10.8,0.3880,7.761,1288,-0.2884,3
67.2600,20.00,1.1089,-127153,10.3,0.4011,8.022,1292,-0.2608,3
67.2800,20.00,1.1174,-128840,1.7,0.3995,7.989,1286,-0.2643,3
67.3000,20.00,1.1476,-134875,1.1,0.3831,7.663,1287,-0.2987,3
67.3200,20.00,1.1425,-133870,0.7,0.3814,7.629,1294,-0.3022,3
67.3400,20.00,1.1252,-130396,0.2,0.3898,7.797,1295,-0.2845,3
67.3600,20.00,1.1473,-134823,8.1,0.3769,7.538,1291,-0.3118,3
67.3800,20.00,1.1401,-133380,7.6,0.3783,7.565,1297,-0.3089,3
67.4000,20.00,1.1475,-134871,11.1,0.3719,7.439,1296,-0.3222,3
67.4200,20.00,1.1836,-142077,10.6,0.3430,6.861,1299,-0.3831,3
67.4400,20.00,1.1416,-133692,10.1,0.3625,7.250,1313,-0.3421,3
67.4600,20.00,1.1488,-135121,9.6,0.3573,7.147,1304,-0.3530,3
67.4800,20.00,1.1070,-126758,9.1,0.3852,7.704,1306,-0.2943,3
67.5000,20.00,1.1000,-125357,0.5,0.3988,7.975,1293,-0.2658,3
67.5200,20.00,1.0930,-123973,8.2,0.4108,8.216,1287,-0.2404,3
67.5400,20.00,1.0976,-124891,7.8,0.4147,8.294,1281,-0.2322,3
67.5600,20.00,1.0647,-118315,7.4,0.4377,8.754,1280,-0.1838,3
67.5800,20.00,1.0829,-121951,6.9,0.4360,8.719,1269,-0.1875,3
67.6000,19.99,1.0722,-119805,6.5,0.4467,8.933,1270,-0.1649,3
67.6200,20.00,1.1077,-126913,9.9,0.4298,8.596,1265,-0.2004,3
67.6400,20.00,1.1156,-128484,9.4,0.4250,8.500,1272,-0.2105,3
67.6600,20.00,1.1267,-130706,8.9,0.4182,8.365,1275,-0.2248,3
67.6800,20.00,1.1426,-133879,8.5,0.4080,8.160,1278,-0.2463,3
67.7000,20.00,1.1487,-135095,8.0,0.4007,8.014,1283,-0.2616,3
67.7200,20.00,1.1892,-143202,7.5,0.3691,7.383,1286,-0.3281,3
67.7400,20.00,1.2018,-145712,7.1,0.3380,6.761,1301,-0.3936,3
67.7600,20.00,1.2007,-145493,6.6,0.3200,6.400,1315,-0.4316,3
67.7800,20.00,1.1928,-143912,6.1,0.3116,6.231,1324,-0.4494,3
67.8000,20.00,1.1760,-140557,5.7,0.3160,6.320,1327,-0.4400,3
67.8200,20.00,1.1115,-127669,5.3,0.3628,7.256,1325,-0.3414,3
67.8400,20.00,1.0736,-120094,8.7,0.3954,7.907,1304,-0.2729,3
67.8600,20.00,1.0583,-117033,8.3,0.4231,8.461,1288,-0.2146,3
67.8800,20.00,1.0118,-107722,7.8,0.4705,9.410,1276,-0.1148,3
67.9000,20.00,1.0212,-109620,7.3,0.4885,9.769,1254,-0.0769,3
67.9200,20.00,1.0622,-117803,6.8,0.4722,9.445,1245,-0.1111,3
67.9400,20.00,1.0565,-116675,6.3,0.4796,9.591,1253,-0.0957,3
67.9600,20.00,1.0764,-120655,5.9,0.4694,9.387,1250,-0.1171,3
67.9800,20.00,1.0853,-122426,5.6,0.4627,9.255,1254,-0.1311,3
68.0000,20.00,1.1364,-132638,5.0,0.4336,8.672,1257,-0.1925,3
68.0200,20.00,1.1441,-134189,4.6,0.4224,8.448,1271,-0.2160,3
68.0400,20.00,1.0908,-123531,4.1,0.4445,8.889,1276,-0.1696,3
68.0600,20.00,1.1600,-137357,7.6,0.4123,8.247,1266,-0.2372,3
68.0800,20.00,1.1116,-127684,7.1,0.4287,8.573,1281,-0.2028,3
68.1000,20.00,1.1050,-126369,6.6,0.4320,8.640,1273,-0.1957,3
68.1200,20.00,1.0867,-122716,6.1,0.4433,8.867,1272,-0.1719,3
68.1400,20.00,1.0853,-122427,5.7,0.4488,8.975,1266,-0.1605,3
68.1600,20.00,1.0707,-119505,5.2,0.4599,9.198,1264,-0.1371,3
68.1800,20.00,1.1202,-129401,4.7,0.4386,8.772,1259,-0.1819,3
68.2000,20.00,1.1365,-132656,4.3,0.4265,8.530,1269,-0.2074,3
68.2200,20.00,1.1597,-137306,3.8,0.4115,8.231,1274,-0.2389,3
68.2400,20.00,1.1538,-136124,3.4,0.4070,8.140,1281,-0.2484,3
68.2600,20.00,1.0961,-124593,2.9,0.4303,8.607,1283,-0.1993,3
68.2800,20.00,1.1117,-127713,6.4,0.4276,8.552,1272,-0.2051,3
68.3000,20.00,1.1499,-135349,5.9,0.4098,8.195,1274,-0.2426,3
68.3200,20.00,1.1283,-131024,5.5,0.4154,8.308,1282,-0.2307,3
68.3400,20.00,1.1537,-136112,5.0,0.4001,8.002,1279,-0.2629,3
68.3600,20.00,1.1227,-129898,4.5,0.4113,8.225,1286,-0.2394,3
68.3800,20.00,1.0921,-123789,4.0,0.4308,8.615,1281,-0.1984,3
68.4000,20.00,1.0913,-123617,3.6,0.4386,8.771,1272,-0.1820,3
68.4200,20.00,1.1257,-130505,3.1,0.4264,8.527,1269,-0.2077,3
68.4400,20.00,1.1275,-130860,2.7,0.4247,8.495,1274,-0.2111,3
68.4600,20.00,1.1364,-132646,2.2,0.4179,8.359,1275,-0.2254,3
68.4800,20.00,1.0604,-117457,1.8,0.4549,9.098,1278,-0.1476,3
68.5000,20.00,1.0569,-116747,5.3,0.4685,9.370,1261,-0.1190,3
68.5200,20.00,1.0990,-125165,4.8,0.4577,9.155,1255,-0.1416,3
68.5400,20.00,1.1234,-130040,4.3,0.4439,8.877,1260,-0.1708,3
68.5600,20.00,1.1144,-128247,3.8,0.4461,8.921,1266,-0.1662,3
68.5800,20.00,1.1333,-132025,3.3,0.4351,8.702,1265,-0.1892,3
68.6000,20.00,1.0678,-118923,2.9,0.4644,9.289,1270,-0.1275,3
68.6200,19.99,1.0792,-121213,2.4,0.4687,9.374,1256,-0.1185,3
68.6400,20.00,1.1077,-126911,2.0,0.4594,9.187,1255,-0.1382,3
68.6600,20.00,1.1071,-126777,1.5,0.4584,9.168,1259,-0.1403,3
68.6800,20.00,1.1141,-128179,1.1,0.4543,9.086,1259,-0.1488,3
68.7000,20.00,1.0574,-116846,0.6,0.4801,9.603,1261,-0.0945,3
68.7200,20.00,1.0517,-115717,4.1,0.4917,9.835,1249,-0.0701,3
68.7400,20.00,1.1097,-127302,3.6,0.4733,9.465,1244,-0.1089,3
68.7600,20.00,1.1528,-135930,3.1,0.4441,8.882,1252,-0.1703,3
68.7800,20.00,1.1928,-143931,2.6,0.4131,8.261,1266,-0.2357,3
68.8000,20.00,1.1835,-142072,2.1,0.3982,7.963,1280,-0.2670,3
68.8200,20.00,1.1576,-136888,1.7,0.3998,7.996,1287,-0.2636,3
68.8400,20.00,1.1784,-141051,1.2,0.3814,7.628,1286,-0.3023,3
68.8600,20.00,1.1120,-127761,0.8,0.4104,8.207,1295,-0.2413,3
68.8800,20.00,1.0621,-117793,0.4,0.4489,8.977,1282,-0.1603,3
68.9000,20.00,1.0400,-113364,12.0,0.4779,9.557,1264,-0.0992,3
68.9200,20.00,1.0081,-106994,11.6,0.5128,10.256,1250,-0.0257,3
68.9400,20.00,1.0252,-110415,2.9,0.5190,10.380,1234,-0.0126,3
68.9600,20.00,1.0331,-111989,2.4,0.5230,10.459,1231,-0.0043,3
68.9800,20.00,1.0566,-116679,2.0,0.5164,10.328,1229,-0.0182,3
69.0000,20.00,1.1283,-131026,1.5,0.4860,9.719,1232,-0.0822,3
69.0200,20.00,1.1581,-136974,1.0,0.4605,9.211,1246,-0.1357,3
69.0400,20.00,1.1908,-143515,0.5,0.4311,8.621,1258,-0.1978,3
69.0600,20.00,1.2139,-148136,0.0,0.3992,7.984,1272,-0.2649,3
69.0800,20.00,1.2110,-147563,11.9,0.3716,7.431,1287,-0.3230,3
69.1000,20.00,1.1937,-144094,11.4,0.3614,7.228,1300,-0.3445,3
69.1200,20.00,1.1836,-142077,10.9,0.3602,7.204,1304,-0.3470,3
69.1400,20.00,1.1395,-133261,10.4,0.3866,7.732,1305,-0.2914,3
69.1600,20.00,1.0042,-106213,1.7,0.4693,9.385,1293,-0.1174,3
69.1800,20.00,0.9546,-96302,1.3,0.5295,10.590,1254,0.0094,3
69.2000,20.00,0.9240,-90177,0.8,0.5820,11.641,1226,0.1201,3
69.2200,20.00,0.9754,-100461,0.3,0.5820,11.639,1202,0.1199,3
69.2400,20.00,0.9919,-103754,8.1,0.5858,11.716,1202,0.1279,3
69.2600,20.00,1.0611,-117596,7.7,0.5469,10.938,1200,0.0461,3
69.2800,20.00,1.0968,-124718,11.1,0.5251,10.502,1218,0.0003,3
69.3000,20.00,1.1390,-133169,10.7,0.4988,9.977,1228,-0.0551,3
69.3200,20.00,1.2296,-151284,10.2,0.4433,8.866,1240,-0.1720,3
69.3400,20.00,1.2666,-158681,9.7,0.4026,8.052,1266,-0.2577,3
69.3600,20.00,1.2649,-158330,9.3,0.3528,7.056,1285,-0.3626,3
69.3800,20.00,1.2712,-159595,0.6,0.3220,6.439,1308,-0.4274,3
69.4000,20.00,1.1780,-140956,0.1,0.3550,7.100,1323,-0.3579,3
69.4202,20.16,1.1411,-133585,8.0,0.3819,7.638,1307,-0.3013,3
69.4400,19.84,1.0705,-119458,7.5,0.4363,8.726,1295,-0.1867,3
69.4600,20.00,0.9681,-98987,7.0,0.5078,10.157,1269,-0.0362,3
69.4800,19.99,0.9320,-91769,6.5,0.5659,11.317,1236,0.0860,3
69.5000,20.01,0.9121,-87795,10.0,0.6054,12.107,1209,0.1692,3
69.5200,20.00,0.9319,-91749,9.5,0.6200,12.399,1191,0.1999,3
69.5400,20.00,0.9906,-103482,9.1,0.6105,12.210,1184,0.1800,3
69.5600,20.00,1.1140,-128165,8.5,0.5418,10.835,1189,0.0353,3
69.5800,20.00,1.2048,-146313,8.1,0.4847,9.695,1221,-0.0848,3
69.6000,20.00,1.2062,-146607,7.6,0.4630,9.261,1247,-0.1304,3
69.6200,20.00,1.2339,-152133,7.1,0.4317,8.635,1257,-0.1963,3
69.6400,20.00,1.2557,-156493,6.7,0.3857,7.714,1272,-0.2933,3
69.6600,20.00,1.2185,-149059,6.3,0.3675,7.350,1293,-0.3316,3
69.6800,20.00,1.1530,-135958,5.8,0.3986,7.972,1301,-0.2661,3
69.7000,20.00,1.1069,-126751,5.4,0.4352,8.704,1287,-0.1890,3
69.7200,20.00,1.0352,-112415,8.8,0.4878,9.757,1270,-0.0782,3
69.7400,20.00,0.9797,-101319,8.3,0.5378,10.757,1246,0.0270,3
69.7600,20.00,0.9495,-95281,7.9,0.5855,11.710,1222,0.1274,3
69.7800,20.00,0.9592,-97221,7.4,0.6048,12.096,1200,0.1680,3
69.8000,20.00,0.9813,-101634,6.9,0.6112,12.223,1191,0.1814,3
69.8200,20.00,1.0468,-114721,6.4,0.5988,11.976,1188,0.1554,3
69.8400,20.00,1.1104,-127453,6.0,0.5603,11.206,1194,0.0743,3
69.8600,20.00,1.1738,-140128,5.5,0.5125,10.250,1212,-0.0263,3
69.8800,20.00,1.2723,-159820,5.1,0.4452,8.905,1234,-0.1679,3
69.9000,20.00,1.2786,-161081,4.6,0.4027,8.055,1266,-0.2574,3
69.9200,20.00,1.1856,-142483,4.1,0.4062,8.125,1285,-0.2500,3
69.9400,20.00,1.1852,-142408,7.7,0.4024,8.047,1284,-0.2582,3
69.9600,20.00,1.1038,-126125,7.1,0.4522,9.044,1285,-0.1532,3
69.9800,20.00,1.0503,-115425,6.7,0.4982,9.963,1262,-0.0565,3
70.0000,20.00,1.0136,-108082,6.2,0.5295,10.591,1241,0.0096,3
70.0200,20.00,0.9857,-102516,5.7,0.5698,11.397,1226,0.0944,3
70.0400,20.00,0.9668,-98743,5.2,0.6021,12.041,1208,0.1622,3
70.0600,20.00,0.9726,-99894,4.8,0.6188,12.376,1193,0.1975,3
70.0800,20.00,1.0753,-120433,4.4,0.5962,11.925,1185,0.1500,3
70.1000,20.00,1.1288,-131132,3.9,0.5614,11.228,1195,0.0766,3
70.1200,20.00,1.1504,-135451,3.5,0.5357,10.714,1211,0.0225,3
70.1400,20.00,1.1885,-143064,3.0,0.5003,10.006,1224,-0.0520,3
70.1600,20.00,1.2253,-150417,2.6,0.4591,9.182,1240,-0.1388,3
70.1800,20.00,1.1879,-142938,6.0,0.4505,9.011,1259,-0.1568,3
70.2000,20.00,1.1886,-143084,5.6,0.4378,8.756,1263,-0.1835,3
70.2200,20.00,1.1594,-137248,5.1,0.4450,8.899,1269,-0.1685,3
70.2400,20.00,1.0779,-120953,4.6,0.4934,9.868,1266,-0.0665,3
70.2600,20.00,1.0009,-105556,4.1,0.5357,10.714,1243,0.0225,3
70.2800,20.00,0.9724,-99856,3.6,0.5811,11.623,1224,0.1182,3
70.3000,20.00,0.9640,-98175,3.2,0.6114,12.229,1202,0.1819,3
70.3200,20.00,0.9836,-102089,2.8,0.6266,12.532,1188,0.2139,3
70.3400,20.00,1.0272,-110814,2.3,0.6259,12.518,1181,0.2125,3
70.3600,20.00,1.0837,-122111,1.8,0.6098,12.195,1182,0.1784,3
70.3800,20.00,1.1568,-136722,1.4,0.5692,11.384,1189,0.0931,3
70.4000,20.00,1.1737,-140094,4.8,0.5416,10.833,1208,0.0350,3
70.4200,20.00,1.1565,-136664,4.3,0.5274,10.548,1221,0.0051,3
70.4400,20.00,1.1595,-137268,3.9,0.5144,10.289,1227,-0.0222,3
70.4600,20.00,1.1694,-139246,3.4,0.5009,10.017,1233,-0.0508,3
70.4800,20.00,1.1417,-133705,2.9,0.4988,9.976,1240,-0.0551,3
70.5000,20.00,1.1073,-126825,2.5,0.5075,10.149,1240,-0.0369,3
70.5200,20.00,1.0949,-124345,2.0,0.5160,10.320,1237,-0.0189,3
70.5400,20.00,1.0628,-117938,1.6,0.5360,10.720,1233,0.0232,3
70.5600,20.00,1.0702,-119415,1.1,0.5483,10.966,1223,0.0490,3
70.5800,20.00,1.0662,-118606,0.7,0.5613,11.225,1217,0.0763,3
70.6000,20.01,1.0649,-118349,0.2,0.5735,11.471,1211,0.1022,3
70.6200,20.00,1.0650,-118369,3.7,0.5829,11.658,1206,0.1218,3
70.6400,20.00,1.0552,-116418,3.2,0.5937,11.874,1201,0.1446,3
70.6600,20.00,1.1103,-127422,2.7,0.5832,11.664,1197,0.1226,3
70.6800,20.00,1.1164,-128653,2.3,0.5711,11.422,1201,0.0970,3
70.7000,20.00,1.0965,-124665,1.8,0.5689,11.377,1207,0.0924,3
70.7200,20.00,1.1034,-126044,1.3,0.5652,11.303,1208,0.0846,3
70.7400,20.00,1.1144,-128237,0.9,0.5588,11.175,1210,0.0711,3
70.7600,20.00,1.1319,-131735,0.4,0.5487,10.975,1213,0.0500,3
70.7800,20.00,1.1305,-131466,12.1,0.5404,10.808,1217,0.0324,3
70.8000,20.00,1.1041,-126191,11.7,0.5424,10.848,1221,0.0366,3
70.8200,20.00,1.0849,-122354,11.1,0.5529,11.059,1220,0.0588,3
70.8400,20.00,1.0679,-118939,2.5,0.5688,11.376,1215,0.0923,3
70.8600,20.00,1.0488,-115128,2.0,0.5883,11.767,1208,0.1334,3
70.8800,20.00,1.0803,-121427,1.6,0.5908,11.816,1199,0.1386,3
70.9000,20.00,1.0752,-120410,1.1,0.5953,11.907,1198,0.1481,3
70.9200,20.00,1.1189,-129147,0.6,0.5870,11.739,1196,0.1304,3
70.9400,20.00,1.0993,-125235,0.1,0.5848,11.696,1200,0.1258,3
70.9600,20.00,1.0857,-122513,11.9,0.5885,11.770,1201,0.1337,3
70.9800,20.00,1.0818,-121720,11.5,0.5928,11.856,1199,0.1428,3
71.0000,20.00,1.1120,-127762,11.0,0.5890,11.780,1197,0.1347,3
71.0200,20.00,1.1332,-132008,10.5,0.5774,11.549,1199,0.1104,3
71.0400,20.00,1.1518,-135728,10.0,0.5605,11.211,1204,0.0748,3
71.0600,20.00,1.1402,-133409,1.3,0.5499,10.999,1212,0.0525,3
71.0800,20.00,1.1415,-133673,0.9,0.5434,10.867,1217,0.0386,3
71.1000,20.00,1.1049,-126353,0.4,0.5489,10.978,1220,0.0503,3
71.1200,20.00,1.0991,-125194,8.2,0.5561,11.121,1217,0.0654,3
71.1400,20.00,1.0584,-117040,7.8,0.5782,11.564,1214,0.1120,3
71.1600,20.00,1.0361,-112582,7.3,0.6010,12.020,1204,0.1600,3
71.1800,20.00,1.0476,-114880,10.8,0.6142,12.283,1193,0.1877,3
71.2000,20.00,1.0714,-119652,10.3,0.6205,12.411,1187,0.2012,3
71.2200,20.00,1.0960,-124576,9.8,0.6210,12.421,1184,0.2022,3
71.2400,20.00,1.0947,-124299,9.4,0.6202,12.404,1184,0.2004,3
71.2600,20.00,1.0958,-124521,8.9,0.6193,12.387,1184,0.1986,3
71.2800,20.00,1.1088,-127124,0.2,0.6158,12.316,1185,0.1912,3
71.3000,20.00,1.0997,-125301,8.0,0.6146,12.292,1186,0.1886,3
71.3200,20.00,1.1748,-140318,7.5,0.5967,11.933,1187,0.1508,3
71.3400,20.00,1.1725,-139870,7.1,0.5816,11.631,1195,0.1191,3
71.3600,20.00,1.1291,-131184,6.6,0.5796,11.593,1202,0.1150,3
71.3800,20.00,1.0751,-120387,6.1,0.5904,11.807,1203,0.1376,3
71.4000,20.00,1.1429,-133947,9.6,0.5874,11.747,1198,0.1313,3
71.4200,20.00,1.1685,-139072,9.1,0.5769,11.537,1199,0.1092,3
71.4400,20.00,1.0957,-124499,8.7,0.5853,11.705,1204,0.1269,3
71.4600,20.01,1.1074,-126855,8.1,0.5902,11.803,1200,0.1372,3
71.4800,19.98,1.0986,-125094,7.7,0.5953,11.907,1198,0.1481,3
71.5000,20.00,1.1020,-125776,7.3,0.5995,11.991,1196,0.1569,3
71.5200,20.00,1.0938,-124129,6.8,0.6047,12.093,1194,0.1677,3
71.5400,20.00,1.0970,-124765,6.4,0.6092,12.185,1192,0.1773,3
71.5600,20.00,1.0990,-125164,5.9,0.6132,12.263,1189,0.1856,3
71.5800,20.00,1.0957,-124502,5.5,0.6174,12.348,1188,0.1945,3
71.6000,20.00,1.0780,-120975,5.0,0.6248,12.496,1185,0.2101,3
71.6200,20.00,1.1093,-127216,8.4,0.6264,12.528,1182,0.2135,3
71.6400,20.00,1.1120,-127756,7.9,0.6261,12.523,1181,0.2129,3
71.6600,20.00,1.0761,-120580,7.5,0.6328,12.656,1182,0.2270,3
71.6800,20.00,1.1368,-132724,7.0,0.6297,12.593,1178,0.2203,3
71.7000,20.00,1.1336,-132092,6.5,0.6250,12.500,1180,0.2105,3
71.7200,20.00,1.0949,-124354,6.1,0.6275,12.551,1182,0.2158,3
71.7400,20.00,1.0806,-121489,5.6,0.6343,12.686,1181,0.2301,3
71.7600,20.00,1.0973,-124819,5.1,0.6383,12.765,1178,0.2384,3
71.7800,20.00,1.1297,-131314,4.7,0.6368,12.737,1176,0.2354,3
71.8000,20.00,1.1507,-135506,4.3,0.6324,12.648,1176,0.2261,3
71.8200,20.00,1.1152,-128415,3.8,0.6304,12.608,1179,0.2219,3
71.8400,20.00,1.1022,-125801,7.2,0.6328,12.656,1179,0.2269,3
71.8600,20.00,1.1619,-137749,6.8,0.6288,12.576,1178,0.2185,3
71.8800,20.00,1.1765,-140670,6.1,0.6175,12.349,1180,0.1946,3
71.9000,20.00,1.1550,-136354,5.8,0.6150,12.300,1185,0.1895,3
71.9200,20.00,1.1628,-137929,5.4,0.6102,12.204,1187,0.1793,3
71.9400,19.99,1.1192,-129213,4.9,0.6125,12.251,1189,0.1843,3
71.9600,20.00,1.1207,-129500,4.4,0.6161,12.323,1188,0.1919,3
71.9800,20.00,1.1206,-129483,4.0,0.6197,12.394,1186,0.1993,3
72.0000,20.00,1.1089,-127146,3.5,0.6238,12.475,1185,0.2079,3
72.0200,20.00,1.1055,-126475,3.1,0.6286,12.571,1182,0.2180,3
72.0400,20.00,1.0867,-122699,2.7,0.6365,12.731,1180,0.2348,3
72.0600,20.00,1.1028,-125932,6.1,0.6416,12.832,1177,0.2455,3
72.0800,20.00,1.1082,-126996,5.6,0.6453,12.905,1174,0.2532,3
72.1000,20.00,1.1039,-126140,5.1,0.6486,12.971,1172,0.2601,3
72.1200,20.00,1.0840,-122174,4.7,0.6551,13.101,1171,0.2738,3
72.1400,20.00,1.1420,-133768,4.1,0.6561,13.122,1168,0.2760,3
72.1600,20.00,1.1201,-129386,3.7,0.6555,13.109,1168,0.2747,3
72.1800,20.00,1.1492,-135199,3.3,0.6517,13.034,1168,0.2668,3
72.2000,20.00,1.1068,-126734,2.8,0.6521,13.043,1170,0.2677,3
72.2200,20.00,1.1577,-136898,2.4,0.6482,12.964,1169,0.2593,3
72.2400,20.00,1.1763,-140616,1.9,0.6378,12.756,1171,0.2375,3
72.2600,20.00,1.1435,-134074,1.5,0.6390,12.781,1176,0.2401,3
72.2800,20.00,1.1467,-134703,5.0,0.6386,12.772,1176,0.2391,3
72.3000,20.00,1.1054,-126442,4.5,0.6408,12.816,1176,0.2438,3
72.3200,20.00,1.0969,-124737,4.0,0.6461,12.921,1175,0.2548,3
72.3400,20.00,1.1537,-136095,3.5,0.6474,12.948,1172,0.2577,3
72.3600,20.00,1.1261,-130583,3.0,0.6495,12.989,1172,0.2620,3
72.3800,20.00,1.0987,-125107,2.6,0.6525,13.051,1171,0.2685,3
72.4000,20.00,1.1127,-127910,2.1,0.6572,13.145,1169,0.2784,3
72.4200,20.00,1.1415,-133671,1.7,0.6587,13.174,1167,0.2815,3
72.4400,20.00,1.1219,-129736,1.2,0.6599,13.198,1166,0.2840,3
72.4600,20.00,1.1009,-125544,0.8,0.6623,13.246,1166,0.2890,3
72.4800,20.00,1.1274,-130847,0.3,0.6655,13.311,1165,0.2959,3
72.5000,20.00,1.1638,-138127,3.8,0.6574,13.148,1163,0.2787,3
72.5200,20.00,1.1746,-140276,3.3,0.6482,12.965,1167,0.2595,3
72.5400,20.00,1.1333,-132021,2.8,0.6524,13.047,1171,0.2681,3
72.5600,20.00,1.1128,-127921,2.4,0.6557,13.115,1169,0.2753,3
72.5800,20.00,1.1312,-131614,1.9,0.6593,13.187,1168,0.2828,3
72.6000,20.00,1.1757,-140507,1.4,0.6488,12.975,1166,0.2606,3
72.6200,20.00,1.1928,-143912,1.0,0.6363,12.726,1171,0.2343,3
72.6400,20.00,1.1677,-138905,0.5,0.6358,12.715,1177,0.2332,3
72.6600,20.00,1.1127,-127908,0.1,0.6421,12.842,1177,0.2465,3
72.6800,20.00,1.0988,-125129,11.7,0.6493,12.986,1174,0.2617,3
72.7000,20.00,1.1394,-133241,11.3,0.6556,13.112,1171,0.2750,3
72.7200,20.00,1.1123,-127831,2.6,0.6593,13.187,1168,0.2828,3
72.7400,20.00,1.1193,-129226,2.1,0.6636,13.271,1166,0.2917,3
72.7600,20.00,1.1063,-126630,1.7,0.6674,13.349,1164,0.2999,3
72.7800,20.00,1.1127,-127912,1.2,0.6717,13.434,1162,0.3089,3
72.8000,20.00,1.1516,-135693,0.7,0.6685,13.369,1160,0.3020,3
72.8200,20.00,1.1382,-133007,0.2,0.6690,13.379,1162,0.3031,3
72.8400,20.00,1.1470,-134759,12.0,0.6663,13.325,1162,0.2974,3
72.8600,20.00,1.1159,-128553,11.5,0.6695,13.390,1163,0.3043,3
72.8800,20.00,1.1332,-132005,11.1,0.6710,13.420,1161,0.3074,3
72.9000,20.00,1.1118,-127726,10.6,0.6739,13.479,1161,0.3135,3
72.9200,20.00,1.1697,-139301,10.1,0.6649,13.298,1159,0.2945,3
72.9400,20.00,1.1076,-126889,1.4,0.6707,13.413,1163,0.3066,3
72.9600,20.00,1.0852,-122401,1.0,0.6769,13.538,1161,0.3198,3
72.9800,20.00,1.1247,-130309,0.5,0.6823,13.645,1158,0.3311,3
73.0000,20.00,1.1517,-135695,8.3,0.6776,13.552,1155,0.3213,3
73.0200,20.00,1.1204,-129436,7.9,0.6810,13.621,1158,0.3285,3
73.0400,20.00,1.1331,-131994,7.4,0.6813,13.627,1156,0.3291,3
73.0600,20.00,1.0979,-124953,10.9,0.6848,13.697,1156,0.3365,3
73.0800,20.00,1.1318,-131729,10.4,0.6859,13.719,1154,0.3388,3
73.1000,20.00,1.1802,-141404,9.9,0.6716,13.432,1154,0.3087,3
73.1200,20.00,1.1829,-141940,9.4,0.6633,13.266,1160,0.2912,3
73.1400,20.00,1.1343,-132220,8.9,0.6708,13.415,1164,0.3068,3
73.1600,20.00,1.1317,-131699,0.3,0.6740,13.480,1161,0.3137,3
73.1800,20.00,1.1396,-133284,8.0,0.6747,13.495,1159,0.3153,3
73.2000,20.00,1.1356,-132490,7.6,0.6760,13.521,1159,0.3180,3
73.2200,20.00,1.1530,-135971,7.1,0.6724,13.448,1158,0.3103,3
73.2400,20.00,1.1885,-143056,6.7,0.6595,13.190,1160,0.2831,3
73.2600,20.00,1.1908,-143518,6.2,0.6508,13.017,1166,0.2649,3
73.2800,20.00,1.1272,-130804,9.7,0.6610,13.219,1170,0.2863,3
73.3000,20.00,1.1078,-126918,9.2,0.6682,13.364,1165,0.3015,3
73.3200,20.00,1.1166,-128676,8.7,0.6752,13.503,1162,0.3161,3
73.3400,20.00,1.1395,-133261,8.2,0.6772,13.543,1159,0.3203,3
73.3600,20.00,1.1361,-132585,7.8,0.6784,13.569,1158,0.3231,3
73.3800,20.00,1.1278,-130927,7.3,0.6807,13.614,1157,0.3278,3
73.4000,20.00,1.1249,-130341,6.9,0.6831,13.661,1156,0.3327,3
73.4200,20.00,1.1074,-126843,6.4,0.6874,13.747,1155,0.3418,3
73.4400,20.00,1.1479,-134943,6.0,0.6843,13.686,1153,0.3354,3
73.4600,20.00,1.1563,-136633,5.5,0.6798,13.595,1154,0.3258,3
73.4800,20.00,1.1387,-133101,5.1,0.6823,13.646,1156,0.3311,3
73.5000,20.00,1.1796,-141279,8.5,0.6703,13.406,1155,0.3059,3
73.5200,20.00,1.2059,-146541,8.0,0.6565,13.130,1161,0.2769,3
73.5400,20.00,1.2100,-147368,7.6,0.6455,12.910,1167,0.2536,3
73.5600,20.00,1.1547,-136294,7.1,0.6527,13.055,1172,0.2689,3
73.5800,20.00,1.1675,-138863,6.6,0.6513,13.026,1169,0.2659,3
73.6000,20.00,1.1220,-129757,6.1,0.6604,13.208,1170,0.2851,3
73.6200,20.00,1.1329,-131946,5.7,0.6669,13.338,1166,0.2987,3
73.6400,20.00,1.1471,-134783,5.3,0.6672,13.344,1163,0.2994,3
73.6600,20.00,1.1602,-137411,4.8,0.6638,13.276,1163,0.2922,3
73.6800,20.00,1.1685,-139070,4.4,0.6595,13.189,1164,0.2831,3
73.7000,20.00,1.1513,-135627,3.9,0.6619,13.238,1166,0.2882,3
73.7200,20.00,1.1518,-135717,7.3,0.6626,13.253,1165,0.2898,3
73.7400,20.00,1.1629,-137944,6.9,0.6596,13.192,1165,0.2834,3
73.7600,20.00,1.1813,-141631,6.4,0.6521,13.042,1166,0.2676,3
73.7800,20.00,1.2094,-147241,5.9,0.6388,12.777,1169,0.2396,3
73.8000,20.00,1.1677,-138896,5.4,0.6427,12.854,1176,0.2478,3
73.8200,20.00,1.1895,-143269,5.0,0.6365,12.729,1174,0.2347,3
73.8400,20.00,1.1825,-141858,4.5,0.6344,12.689,1177,0.2304,3
73.8600,20.00,1.2073,-146822,4.1,0.6227,12.455,1178,0.2057,3
73.8800,19.99,1.1698,-139324,3.6,0.6290,12.579,1183,0.2189,3
73.9000,20.00,1.1811,-141590,3.1,0.6267,12.534,1180,0.2141,3
73.9200,20.00,1.2022,-145795,2.7,0.6170,12.340,1181,0.1937,3
73.9400,20.00,1.1583,-137029,6.2,0.6254,12.508,1186,0.2114,3
73.9600,20.00,1.2029,-145951,5.7,0.6145,12.291,1182,0.1885,3
73.9800,20.00,1.1657,-138504,5.2,0.6210,12.419,1187,0.2020,3
74.0000,20.00,1.2067,-146692,4.8,0.6089,12.177,1184,0.1766,3
74.0200,20.01,1.1819,-141747,4.3,0.6104,12.209,1189,0.1799,3
74.0400,20.00,1.1973,-144823,3.8,0.6042,12.083,1189,0.1667,3
74.0600,20.00,1.1486,-135090,3.3,0.6142,12.284,1192,0.1877,3
74.0800,20.00,1.0775,-120877,2.9,0.6241,12.481,1187,0.2086,3
74.1000,20.00,1.1703,-139430,2.5,0.6309,12.617,1182,0.2229,3
74.1200,20.00,1.1750,-140368,2.0,0.6289,12.578,1179,0.2188,3
74.1400,20.00,1.1879,-142944,1.6,0.6215,12.430,1180,0.2031,3
74.1600,20.00,1.1489,-135138,5.0,0.6277,12.554,1184,0.2162,3
74.1800,20.00,1.1710,-139571,4.6,0.6257,12.513,1181,0.2119,3
74.2000,20.00,1.1687,-139108,4.1,0.6246,12.493,1182,0.2098,3
74.2200,20.00,1.1786,-141091,3.6,0.6198,12.396,1182,0.1996,3
74.2400,20.00,1.2004,-145433,3.1,0.6083,12.167,1184,0.1754,3
74.2600,20.00,1.1492,-135204,2.7,0.6165,12.331,1190,0.1927,3
74.2800,20.00,1.1994,-145245,2.2,0.6055,12.109,1186,0.1694,3
74.3000,20.00,1.1963,-144627,1.8,0.5991,11.982,1191,0.1560,3
74.3200,20.00,1.1680,-138970,1.3,0.6026,12.051,1194,0.1633,3
74.3400,20.00,1.1636,-138077,0.8,0.6056,12.112,1192,0.1696,3
74.3600,20.00,1.1730,-139955,0.4,0.6052,12.104,1191,0.1689,3
74.3800,20.00,1.1877,-142900,3.9,0.5991,11.983,1191,0.1561,3
74.4000,20.00,1.1448,-134329,3.4,0.6066,12.132,1194,0.1718,3
74.4200,20.00,1.1621,-137779,2.9,0.6082,12.165,1191,0.1752,3
74.4400,20.00,1.1584,-137049,2.4,0.6101,12.203,1190,0.1793,3
74.4600,20.00,1.2063,-146621,2.0,0.5950,11.901,1189,0.1474,3
74.4800,20.00,1.1937,-144095,1.5,0.5905,11.810,1196,0.1379,3
74.5000,20.00,1.1856,-142476,1.0,0.5886,11.772,1198,0.1339,3
74.5200,20.00,1.2277,-150896,0.6,0.5697,11.395,1199,0.0942,3
74.5400,20.00,1.1788,-141116,0.1,0.5761,11.522,1208,0.1076,3
74.5600,20.00,1.1883,-143026,11.9,0.5758,11.516,1205,0.1069,3
74.5800,20.00,1.1452,-134396,11.4,0.5822,11.644,1205,0.1204,3
74.6000,20.00,1.1495,-135271,2.7,0.5878,11.757,1202,0.1323,3
74.6200,20.00,1.1630,-137972,2.2,0.5895,11.790,1199,0.1358,3
74.6400,20.00,1.1531,-135979,1.7,0.5926,11.853,1198,0.1424,3
74.6600,20.00,1.1415,-133656,1.3,0.5980,11.961,1197,0.1537,3
74.6800,20.00,1.1580,-136963,0.8,0.5986,11.972,1195,0.1550,3
74.7000,20.00,1.1669,-138737,0.3,0.5969,11.938,1194,0.1514,3
74.7200,20.00,1.1676,-138886,12.1,0.5952,11.904,1195,0.1478,3
74.7400,20.00,1.1890,-143165,11.6,0.5877,11.754,1196,0.1320,3
74.7600,20.00,1.2089,-147148,11.1,0.5754,11.508,1199,0.1061,3
74.7800,20.00,1.2165,-148654,10.7,0.5629,11.257,1205,0.0797,3
74.8000,20.00,1.2055,-146467,10.1,0.5579,11.158,1211,0.0693,3
74.8200,20.00,1.1734,-140036,1.5,0.5628,11.255,1213,0.0795,3
74.8400,20.00,1.1787,-141102,1.0,0.5637,11.274,1211,0.0815,3
74.8600,20.00,1.1953,-144413,0.6,0.5587,11.174,1211,0.0710,3
74.8800,20.00,1.1561,-136593,0.1,0.5647,11.294,1213,0.0835,3
74.9000,20.00,1.1801,-141383,7.9,0.5637,11.274,1210,0.0815,3
74.9200,20.00,1.1589,-137152,7.5,0.5666,11.333,1211,0.0877,3
74.9400,20.00,1.1590,-137170,10.9,0.5687,11.374,1209,0.0920,3
74.9600,20.00,1.1635,-138068,10.5,0.5694,11.388,1208,0.0935,3
74.9800,20.00,1.1574,-136848,10.0,0.5710,11.419,1208,0.0968,3
75.0000,20.00,1.1685,-139067,9.5,0.5700,11.400,1207,0.0948,3
75.0200,20.00,1.1740,-140169,9.1,0.5680,11.361,1208,0.0906,3
75.0400,20.00,1.1782,-140993,0.3,0.5654,11.308,1208,0.0851,3
75.0600,20.01,1.1862,-142598,8.1,0.5614,11.229,1210,0.0767,3
75.0800,19.99,1.2098,-147320,7.7,0.5489,10.979,1211,0.0504,3
75.1000,20.00,1.2105,-147468,7.2,0.5390,10.780,1217,0.0295,3
75.1200,20.00,1.1870,-142753,6.8,0.5390,10.779,1222,0.0294,3
75.1400,20.00,1.1898,-143315,6.3,0.5367,10.734,1222,0.0246,3
75.1600,20.00,1.1730,-139969,9.8,0.5398,10.795,1223,0.0311,3
75.1800,20.00,1.1652,-138402,9.3,0.5437,10.875,1221,0.0394,3
75.2000,20.00,1.1677,-138904,8.8,0.5458,10.916,1220,0.0438,3
75.2200,20.00,1.1793,-141220,8.3,0.5438,10.876,1219,0.0396,3
75.2400,20.00,1.1666,-138681,7.9,0.5457,10.914,1220,0.0435,3
75.2600,20.00,1.1819,-141749,7.4,0.5424,10.849,1219,0.0367,3
75.2800,20.00,1.1493,-135214,6.9,0.5478,10.955,1220,0.0479,3
75.3000,20.00,1.1528,-135921,6.5,0.5507,11.014,1218,0.0541,3
75.3200,20.00,1.2053,-146427,6.1,0.5395,10.790,1217,0.0306,3
75.3400,20.00,1.2134,-148049,5.6,0.5262,10.525,1222,0.0026,3
75.3600,20.00,1.1647,-138294,5.1,0.5319,10.639,1228,0.0146,3
75.3800,20.00,1.1976,-144876,8.6,0.5249,10.498,1225,-0.0002,3
75.4000,20.00,1.1740,-140160,8.1,0.5266,10.532,1228,0.0034,3
75.4200,20.00,1.1801,-141391,7.6,0.5255,10.510,1228,0.0010,3
75.4400,20.00,1.1848,-142322,7.1,0.5227,10.454,1228,-0.0049,3
75.4600,20.00,1.1709,-139542,6.7,0.5244,10.487,1230,-0.0013,3
75.4800,20.00,1.1539,-136151,6.2,0.5305,10.609,1229,0.0115,3
75.5000,20.00,1.2034,-146048,5.8,0.5194,10.387,1226,-0.0118,3
75.5200,20.00,1.1866,-142681,5.4,0.5166,10.333,1231,-0.0176,3
75.5400,20.00,1.1703,-139425,4.9,0.5191,10.382,1232,-0.0124,3
75.5600,20.00,1.1834,-142045,4.5,0.5165,10.330,1231,-0.0179,3
75.5800,20.00,1.1616,-137683,4.0,0.5203,10.407,1232,-0.0098,3
75.6000,20.00,1.1612,-137595,7.4,0.5230,10.460,1230,-0.0042,3
75.6200,20.00,1.1632,-138006,7.0,0.5243,10.487,1229,-0.0014,3
75.6400,20.00,1.1507,-135501,6.5,0.5290,10.579,1229,0.0084,3
75.6600,20.00,1.1749,-140342,6.0,0.5254,10.508,1227,0.0008,3
75.6800,20.00,1.1767,-140712,5.6,0.5219,10.438,1228,-0.0065,3
75.7000,20.00,1.1398,-133316,5.1,0.5286,10.571,1230,0.0075,3
75.7200,20.00,1.1640,-138173,4.6,0.5284,10.567,1227,0.0071,3
75.7400,20.00,1.2266,-150676,4.1,0.5065,10.130,1227,-0.0390,3
75.7600,20.00,1.2390,-153163,3.7,0.4885,9.769,1237,-0.0769,3
75.7800,20.00,1.2333,-152011,3.3,0.4801,9.601,1245,-0.0946,3
75.8000,20.00,1.1427,-133907,2.8,0.5033,10.065,1249,-0.0458,3
75.8200,20.00,1.1432,-134002,6.3,0.5119,10.238,1238,-0.0276,3
75.8400,20.00,1.1584,-137037,5.8,0.5134,10.268,1234,-0.0245,3
75.8600,20.00,1.1759,-140534,5.3,0.5098,10.197,1234,-0.0319,3
75.8800,20.00,1.1710,-139566,4.8,0.5096,10.193,1235,-0.0323,3
75.9000,20.00,1.1742,-140203,4.4,0.5084,10.169,1236,-0.0349,3
75.9200,20.00,1.1778,-140920,3.9,0.5066,10.132,1236,-0.0387,3
75.9400,20.00,1.1612,-137608,3.4,0.5098,10.197,1237,-0.0319,3
75.9600,20.00,1.1874,-142849,3.0,0.5037,10.075,1235,-0.0448,3
75.9800,20.00,1.1928,-143927,2.5,0.4985,9.969,1238,-0.0559,3
76.0000,20.00,1.1926,-143875,2.1,0.4951,9.901,1241,-0.0630,3
76.0200,20.00,1.1849,-142335,1.7,0.4949,9.899,1242,-0.0633,3
76.0400,20.00,1.2146,-148276,5.1,0.4831,9.663,1242,-0.0881,3
76.0600,20.00,1.2254,-150448,4.6,0.4704,9.409,1248,-0.1149,3
76.0800,20.00,1.2123,-147819,4.1,0.4685,9.370,1254,-0.1190,3
76.1000,20.00,1.1798,-141332,3.7,0.4787,9.574,1255,-0.0975,3
76.1200,20.00,1.1343,-132220,3.2,0.4944,9.888,1250,-0.0644,3
76.1400,20.00,1.1128,-127925,2.7,0.5072,10.144,1243,-0.0375,3
76.1600,20.00,1.1228,-129917,2.3,0.5109,10.218,1237,-0.0297,3
76.1800,20.00,1.1281,-130990,1.8,0.5131,10.262,1235,-0.0250,3
76.2000,20.00,1.1506,-135492,1.4,0.5117,10.234,1234,-0.0280,3
76.2200,20.00,1.1357,-132510,0.9,0.5142,10.284,1235,-0.0227,3
76.2400,20.00,1.1573,-136816,0.5,0.5128,10.255,1234,-0.0257,3
76.2600,20.00,1.1736,-140075,3.9,0.5077,10.155,1234,-0.0363,3
76.2800,20.00,1.1779,-140950,3.5,0.5037,10.075,1237,-0.0448,3
76.3000,20.00,1.1587,-137096,3.0,0.5059,10.117,1238,-0.0403,3
76.3200,20.00,1.1632,-138010,2.5,0.5054,10.108,1237,-0.0412,3
76.3400,20.00,1.1738,-140124,2.0,0.5021,10.042,1237,-0.0482,3
76.3600,20.00,1.1669,-138734,1.5,0.5020,10.039,1239,-0.0485,3
76.3800,20.00,1.1977,-144900,1.1,0.4925,9.850,1239,-0.0685,3
76.4000,20.00,1.1886,-143081,0.7,0.4900,9.800,1243,-0.0737,3
76.4200,20.00,1.1737,-140107,0.2,0.4925,9.850,1245,-0.0684,3
76.4400,20.00,1.1874,-142841,11.9,0.4880,9.759,1243,-0.0780,3
76.4600,20.00,1.1986,-145086,11.4,0.4816,9.631,1246,-0.0914,3
76.4800,20.00,1.1620,-137766,2.8,0.4898,9.797,1249,-0.0741,3
76.5000,20.00,1.1866,-142680,2.3,0.4846,9.691,1245,-0.0851,3
76.5200,20.00,1.1336,-132082,1.8,0.4958,9.916,1247,-0.0615,3
76.5400,20.00,1.1736,-140076,1.4,0.4923,9.846,1242,-0.0688,3
76.5600,20.00,1.1789,-141140,0.9,0.4890,9.780,1243,-0.0758,3
76.5800,20.00,1.1223,-129822,0.4,0.5008,10.016,1245,-0.0510,3
76.6000,20.00,1.1528,-135932,12.2,0.4994,9.989,1240,-0.0538,3
76.6200,20.00,1.1825,-141871,11.7,0.4927,9.853,1240,-0.0681,3
76.6400,20.00,1.1292,-131208,11.2,0.5017,10.033,1243,-0.0491,3
76.6600,20.00,1.1890,-143169,10.7,0.4917,9.834,1239,-0.0701,3
76.6800,20.00,1.1559,-136553,10.3,0.4956,9.911,1244,-0.0620,3
76.7000,20.00,1.1493,-135221,1.6,0.4981,9.962,1242,-0.0567,3
76.7200,20.00,1.2216,-149690,1.1,0.4729,9.458,1241,-0.1097,3
76.7400,20.00,1.2024,-145841,0.6,0.4721,9.441,1253,-0.1114,3
76.7600,20.00,1.1921,-143779,0.1,0.4733,9.466,1253,-0.1088,3
76.7800,20.02,1.1599,-137348,8.0,0.4825,9.649,1252,-0.0896,3
76.8000,19.97,1.1546,-136289,7.6,0.4870,9.739,1248,-0.0801,3
76.8200,20.00,1.1347,-132306,11.0,0.4936,9.871,1246,-0.0662,3
76.8400,20.00,1.1549,-136341,10.6,0.4927,9.854,1243,-0.0680,3
76.8600,20.00,1.1595,-137260,10.1,0.4921,9.842,1243,-0.0693,3
76.8800,20.00,1.1668,-138721,9.6,0.4906,9.811,1244,-0.0725,3
76.9000,20.00,1.1390,-133170,0.9,0.4956,9.912,1244,-0.0618,3
76.9200,20.00,1.1417,-133708,0.4,0.4976,9.952,1242,-0.0577,3
76.9400,20.00,1.1494,-135252,8.2,0.4973,9.947,1241,-0.0583,3
76.9600,20.00,1.1983,-145019,7.7,0.4832,9.665,1241,-0.0879,3
76.9800,20.00,1.1847,-142311,7.3,0.4818,9.637,1248,-0.0909,3
77.0000,20.00,1.1812,-141601,6.9,0.4805,9.610,1248,-0.0936,3
77.0200,20.00,1.1731,-139980,10.4,0.4812,9.625,1249,-0.0921,3
77.0400,20.00,1.1838,-142116,9.9,0.4773,9.546,1249,-0.1005,3
77.0600,20.00,1.2008,-145528,9.4,0.4647,9.295,1250,-0.1269,3
77.0800,20.00,1.1993,-145216,8.9,0.4571,9.142,1256,-0.1429,3
77.1000,20.00,1.1731,-139991,8.4,0.4663,9.327,1260,-0.1235,3
77.1200,20.00,1.1631,-137991,8.0,0.4736,9.471,1256,-0.1083,3
77.1400,20.00,1.1140,-128169,7.5,0.4901,9.801,1252,-0.0735,3
77.1600,20.00,1.1511,-135588,7.0,0.4876,9.752,1245,-0.0787,3
77.1800,20.00,1.1512,-135596,6.6,0.4878,9.755,1246,-0.0784,3
77.2000,20.00,1.1509,-135535,6.1,0.4884,9.769,1246,-0.0770,3
77.2200,20.00,1.1587,-137098,5.7,0.4871,9.741,1245,-0.0798,3
77.2400,20.00,1.1698,-139325,9.1,0.4843,9.687,1246,-0.0856,3
77.2648,24.79,1.1793,-141222,13.5,0.4794,9.588,1247,-0.0960,3
77.2800,15.21,1.1691,-139189,8.2,0.4797,9.594,1250,-0.0953,3
77.3000,20.00,1.1744,-140251,7.7,0.4774,9.548,1250,-0.1002,3
77.3200,20.00,1.1147,-128309,7.3,0.4925,9.850,1250,-0.0684,3
77.3400,20.00,1.1435,-134069,6.8,0.4910,9.820,1243,-0.0715,3
77.3600,20.00,1.1148,-128327,6.3,0.5002,10.004,1244,-0.0522,3
77.3800,20.00,1.1484,-135045,5.9,0.4954,9.908,1240,-0.0623,3
77.4000,20.00,1.1667,-138712,5.5,0.4893,9.785,1242,-0.0752,3
77.4200,20.00,1.1786,-141085,5.0,0.4839,9.677,1245,-0.0866,3
77.4400,20.00,1.1651,-138391,4.5,0.4839,9.678,1247,-0.0865,3
77.4600,20.00,1.1761,-140584,8.0,0.4801,9.603,1247,-0.0945,3
77.4800,20.00,1.1620,-137756,7.5,0.4815,9.629,1249,-0.0916,3
77.5000,20.00,1.1620,-137758,7.0,0.4815,9.630,1249,-0.0916,3
77.5200,20.00,1.1548,-136327,6.6,0.4831,9.662,1249,-0.0883,3
77.5400,20.00,1.1624,-137843,6.1,0.4818,9.637,1248,-0.0909,3
77.5600,20.00,1.1408,-133519,5.6,0.4867,9.734,1248,-0.0807,3
77.5800,20.01,1.1234,-130047,5.1,0.4949,9.898,1246,-0.0634,3
77.6000,20.00,1.1381,-132981,4.8,0.4947,9.894,1242,-0.0638,3
77.6200,20.00,1.1352,-132409,4.3,0.4966,9.931,1243,-0.0599,3
77.6400,20.00,1.1216,-129676,3.8,0.5013,10.026,1242,-0.0499,3
77.6600,20.00,1.1105,-127467,3.4,0.5061,10.121,1239,-0.0398,3
77.6800,20.00,1.1244,-130245,6.8,0.5062,10.124,1237,-0.0395,3
77.7000,20.00,1.1463,-134620,6.4,0.5022,10.044,1237,-0.0480,3
77.7200,20.00,1.1373,-132828,5.9,0.5025,10.051,1239,-0.0473,3
77.7400,20.00,1.1059,-126547,5.4,0.5111,10.221,1239,-0.0293,3
77.7600,20.00,1.1388,-133122,4.9,0.5069,10.138,1235,-0.0381,3
77.7800,20.00,1.1565,-136666,4.5,0.5019,10.038,1237,-0.0486,3
77.8000,20.00,1.1730,-139965,4.0,0.4939,9.879,1239,-0.0654,3
77.8200,20.00,1.1011,-125595,3.5,0.5092,10.185,1243,-0.0332,3
77.8400,20.00,1.0932,-124015,3.1,0.5187,10.374,1236,-0.0132,3
77.8600,20.00,1.0491,-115182,2.7,0.5429,10.859,1231,0.0378,3
77.8800,20.00,1.0531,-115990,2.1,0.5622,11.243,1220,0.0782,3
77.9000,20.01,1.0842,-122213,5.7,0.5652,11.304,1211,0.0847,3
77.9200,19.99,1.1006,-125495,5.2,0.5630,11.260,1210,0.0800,3
77.9400,20.00,1.0938,-124136,4.7,0.5654,11.307,1211,0.0850,3
77.9600,20.00,1.1479,-134944,4.2,0.5509,11.017,1210,0.0544,3
77.9800,20.00,1.1901,-143389,3.7,0.5257,10.513,1216,0.0014,3
78.0000,20.00,1.1798,-141316,3.3,0.5126,10.253,1228,-0.0260,3
78.0200,20.00,1.1596,-137280,2.8,0.5081,10.162,1234,-0.0355,3
78.0400,20.00,1.1339,-132146,2.4,0.5093,10.187,1236,-0.0329,3
78.0600,20.00,1.1544,-136235,2.0,0.5068,10.137,1236,-0.0383,3
78.0800,20.00,1.1189,-129153,1.5,0.5122,10.243,1237,-0.0270,3
78.1000,20.00,1.0613,-117634,1.0,0.5355,10.710,1234,0.0221,3
78.1200,20.00,1.0423,-113822,4.5,0.5603,11.207,1224,0.0744,3
78.1400,20.00,1.0257,-110516,4.0,0.5891,11.782,1212,0.1350,3
78.1600,20.00,1.0257,-110501,3.6,0.6096,12.191,1199,0.1780,3
78.1800,20.00,1.0460,-114578,3.1,0.6187,12.373,1189,0.1972,3
78.2000,20.00,1.1344,-132242,2.6,0.6054,12.108,1185,0.1692,3
78.2200,20.00,1.1214,-129642,2.1,0.5949,11.897,1191,0.1471,3
78.2400,20.00,1.1389,-133144,1.7,0.5800,11.600,1196,0.1157,3
78.2600,20.00,1.1075,-126865,1.2,0.5769,11.538,1203,0.1092,3
78.2800,20.00,1.1424,-133852,0.8,0.5635,11.271,1204,0.0811,3
78.3000,20.01,1.1822,-141794,0.3,0.5440,10.880,1211,0.0400,3
78.3200,19.99,1.1645,-138269,12.0,0.5348,10.696,1220,0.0206,3
78.3400,20.00,1.1237,-130105,11.6,0.5363,10.726,1224,0.0238,3
78.3600,20.00,1.0768,-120734,2.9,0.5521,11.042,1223,0.0570,3
78.3800,19.99,1.0663,-118635,2.4,0.5701,11.401,1216,0.0948,3
78.4000,20.00,1.0635,-118070,1.9,0.5850,11.700,1208,0.1264,3
78.4200,20.00,1.0440,-114173,1.4,0.6035,12.070,1201,0.1653,3
78.4400,20.00,1.0535,-116063,1.0,0.6149,12.298,1192,0.1893,3
78.4600,20.00,1.0617,-117714,0.5,0.6241,12.482,1187,0.2087,3
78.4800,20.00,1.0362,-112618,0.1,0.6402,12.805,1182,0.2426,3
78.5000,20.00,1.0421,-113784,11.8,0.6502,13.004,1175,0.2636,3
78.5200,20.00,1.0783,-121034,11.3,0.6515,13.031,1170,0.2664,3
78.5400,20.00,1.1421,-133781,10.9,0.6356,12.712,1170,0.2328,3
78.5600,20.00,1.1703,-139423,10.4,0.6128,12.257,1177,0.1849,3
78.5800,20.00,1.1647,-138305,1.7,0.5984,11.967,1188,0.1544,3
78.6000,20.00,1.1649,-138339,1.2,0.5864,11.728,1194,0.1293,3
78.6200,20.00,1.1617,-137698,0.7,0.5769,11.539,1200,0.1094,3
78.6400,20.00,1.1688,-139128,0.3,0.5671,11.342,1204,0.0887,3
78.6600,20.00,1.1324,-131847,8.1,0.5680,11.360,1209,0.0905,3
78.6800,20.00,1.0797,-121314,7.7,0.5826,11.652,1208,0.1213,3
78.7000,20.00,1.0150,-108372,11.1,0.6090,12.180,1202,0.1769,3
78.7200,20.00,1.0346,-112281,10.7,0.6261,12.522,1189,0.2129,3
78.7400,20.00,1.0542,-116218,10.1,0.6408,12.817,1182,0.2438,3
78.7600,20.00,1.0336,-112091,9.7,0.6578,13.155,1175,0.2795,3
78.7800,20.00,1.0291,-111199,9.2,0.6718,13.436,1167,0.3091,3
78.8000,20.00,1.0834,-122056,0.5,0.6733,13.467,1160,0.3123,3
78.8200,20.01,1.1198,-129324,0.0,0.6646,13.293,1159,0.2940,3
78.8400,20.00,1.1326,-131891,7.8,0.6552,13.104,1164,0.2741,3
78.8600,20.00,1.1779,-140942,7.4,0.6344,12.688,1168,0.2303,3
78.8800,20.00,1.1444,-134240,7.0,0.6283,12.566,1178,0.2175,3
78.9000,20.00,1.1800,-141354,6.5,0.6132,12.264,1180,0.1856,3
78.9200,20.00,1.1489,-135139,10.0,0.6107,12.214,1188,0.1804,3
78.9400,20.00,1.1489,-135142,9.5,0.6079,12.159,1189,0.1746,3
78.9600,20.00,1.1268,-130721,9.0,0.6088,12.176,1190,0.1765,3
78.9800,20.00,1.1221,-129794,8.5,0.6110,12.221,1189,0.1811,3
79.0000,20.00,1.1113,-127631,8.0,0.6147,12.294,1188,0.1889,3
79.0200,20.00,1.0461,-114588,7.6,0.6290,12.581,1187,0.2190,3
79.0400,20.00,1.0631,-117996,7.1,0.6417,12.834,1180,0.2457,3
79.0600,20.00,1.0334,-112053,6.7,0.6583,13.166,1174,0.2806,3
79.0800,20.00,1.0376,-112891,6.2,0.6756,13.512,1166,0.3171,3
79.1000,20.00,1.0926,-123888,5.8,0.6794,13.589,1159,0.3251,3
79.1200,20.00,1.1071,-126782,5.3,0.6781,13.562,1157,0.3223,3
79.1400,20.00,1.0996,-125277,8.8,0.6772,13.544,1157,0.3204,3
79.1600,20.00,1.0952,-124402,8.3,0.6775,13.549,1158,0.3210,3
79.1800,20.00,1.1104,-127438,7.8,0.6765,13.531,1158,0.3190,3
79.2000,20.00,1.1161,-128595,7.4,0.6752,13.503,1158,0.3162,3
79.2200,20.00,1.1031,-125981,6.9,0.6747,13.494,1159,0.3151,3
79.2400,20.00,1.1106,-127477,6.4,0.6751,13.501,1159,0.3159,3
79.2600,20.00,1.1150,-128373,6.0,0.6752,13.504,1159,0.3162,3
79.2800,20.00,1.1032,-126009,5.5,0.6758,13.516,1159,0.3175,3
79.3000,20.00,1.1178,-128933,5.1,0.6768,13.537,1158,0.3196,3
79.3200,20.00,1.1497,-135297,4.6,0.6708,13.416,1158,0.3069,3
79.3400,20.00,1.1392,-133208,4.1,0.6685,13.371,1161,0.3022,3
79.3600,20.00,1.1001,-125380,7.6,0.6702,13.404,1162,0.3057,3
79.3800,20.00,1.0720,-119771,7.1,0.6769,13.537,1161,0.3197,3
79.4000,20.00,1.0890,-123164,6.6,0.6827,13.654,1158,0.3320,3
79.4200,20.00,1.1042,-126216,6.1,0.6863,13.726,1155,0.3395,3
79.4400,20.00,1.0754,-120441,5.7,0.6914,13.829,1153,0.3504,3
79.4600,20.00,1.0909,-123554,5.2,0.6948,13.895,1151,0.3574,3
79.4800,20.00,1.0690,-119166,4.8,0.7002,14.004,1150,0.3688,3
79.5000,20.00,1.0927,-123916,4.4,0.7028,14.057,1147,0.3744,3
79.5200,20.00,1.1106,-127486,3.9,0.7026,14.052,1146,0.3739,3
79.5400,20.00,1.1099,-127338,3.4,0.7024,14.048,1146,0.3734,3
79.5600,20.00,1.1426,-133875,3.0,0.6974,13.947,1146,0.3629,3
79.5800,20.00,1.1113,-127618,6.4,0.6987,13.975,1148,0.3658,3
79.6000,20.00,1.1136,-128082,6.0,0.6994,13.988,1148,0.3672,3
79.6200,20.00,1.0841,-122196,5.5,0.7030,14.061,1147,0.3748,3
79.6400,20.00,1.0846,-122292,5.0,0.7070,14.141,1146,0.3833,3
79.6600,20.00,1.0794,-121253,4.5,0.7113,14.226,1144,0.3922,3
79.6800,20.00,1.0737,-120114,4.1,0.7159,14.318,1142,0.4018,3
79.7000,20.00,1.1182,-128996,3.6,0.7154,14.307,1140,0.4008,3
79.7200,20.00,1.0738,-120121,3.1,0.7190,14.380,1140,0.4084,3
79.7400,20.00,1.0833,-122025,2.7,0.7221,14.443,1138,0.4150,3
79.7600,20.00,1.1269,-130738,2.3,0.7203,14.406,1137,0.4111,3
79.7800,20.00,1.1250,-130363,1.8,0.7186,14.372,1138,0.4075,3
79.8000,20.00,1.1147,-128308,5.3,0.7186,14.373,1139,0.4077,3
79.8200,20.00,1.1123,-127820,4.8,0.7190,14.381,1139,0.4085,3
79.8400,20.00,1.1134,-128053,4.4,0.7192,14.385,1138,0.4089,3
79.8600,20.00,1.0881,-122979,3.9,0.7205,14.409,1138,0.4115,3
79.8800,20.00,1.0541,-116183,3.4,0.7252,14.504,1138,0.4215,3
79.9000,20.00,1.0695,-119273,2.9,0.7299,14.598,1136,0.4314,3
79.9200,20.00,1.0866,-122697,2.5,0.7324,14.648,1133,0.4367,3
79.9400,20.00,1.1224,-129844,2.0,0.7318,14.636,1132,0.4353,3
79.9600,20.00,1.1318,-131716,1.6,0.7295,14.590,1132,0.4305,3
79.9800,20.00,1.0767,-120700,1.1,0.7315,14.630,1134,0.4347,3
80.0000,20.00,1.0891,-123178,0.7,0.7335,14.670,1133,0.4390,3
80.0200,20.00,1.1633,-138027,4.1,0.7269,14.538,1132,0.4251,3
80.0400,20.00,1.1372,-132802,3.7,0.7259,14.518,1135,0.4229,3
80.0600,20.00,1.0934,-124048,3.1,0.7289,14.578,1135,0.4293,3
80.0800,20.00,1.0627,-117903,2.7,0.7358,14.717,1134,0.4439,3
80.1000,20.00,1.0606,-117489,2.2,0.7420,14.839,1130,0.4567,3
80.1200,20.00,1.1452,-134410,1.7,0.7355,14.711,1128,0.4432,3
80.1400,20.00,1.1608,-137516,1.3,0.7292,14.584,1131,0.4299,3
80.1600,20.00,1.1159,-128548,0.8,0.7328,14.657,1134,0.4375,3
80.1800,20.00,1.1263,-130623,0.4,0.7329,14.658,1132,0.4376,3
80.2000,20.00,1.0969,-124740,12.1,0.7360,14.720,1132,0.4443,3
80.2200,20.01,1.1208,-129526,11.6,0.7363,14.726,1130,0.4449,3
80.2400,20.00,1.1773,-140821,2.9,0.7262,14.525,1130,0.4236,3
80.2600,20.00,1.1354,-132435,2.5,0.7288,14.576,1135,0.4291,3
80.2800,20.00,1.0905,-123466,2.0,0.7346,14.693,1134,0.4414,3
80.3000,20.00,1.0991,-125179,1.5,0.7382,14.764,1131,0.4489,3
80.3200,20.00,1.1321,-131790,1.0,0.7367,14.735,1130,0.4458,3
80.3400,20.00,1.2019,-145739,0.6,0.7242,14.485,1130,0.4194,3
80.3600,20.00,1.1479,-134940,0.1,0.7258,14.516,1136,0.4227,3
80.3800,20.00,1.1527,-135910,11.9,0.7245,14.490,1135,0.4200,3
80.4000,20.00,1.1246,-130295,11.4,0.7290,14.579,1136,0.4294,3
80.4200,20.00,1.1530,-135959,10.9,0.7256,14.512,1134,0.4223,3
80.4400,20.00,1.1327,-131905,2.3,0.7283,14.565,1135,0.4279,3
80.4600,20.00,1.1431,-133981,1.8,0.7274,14.549,1134,0.4262,3
80.4800,20.00,1.1134,-128055,1.3,0.7324,14.648,1134,0.4366,3
80.5000,20.00,1.1267,-130695,0.8,0.7334,14.668,1132,0.4388,3
80.5200,19.99,1.0934,-124052,0.3,0.7384,14.768,1132,0.4492,3
80.5400,20.01,1.1442,-134208,8.2,0.7352,14.703,1129,0.4424,3
80.5600,20.00,1.1387,-133106,11.7,0.7349,14.698,1131,0.4419,3
80.5800,20.00,1.1892,-143192,11.2,0.7261,14.521,1131,0.4233,3
80.6000,20.00,1.1681,-138981,10.7,0.7236,14.472,1135,0.4181,3
80.6200,20.00,1.1700,-139365,10.2,0.7211,14.422,1136,0.4128,3
80.6400,20.00,1.1428,-133931,9.8,0.7245,14.491,1137,0.4201,3
80.6600,20.00,1.2020,-145759,1.1,0.7156,14.312,1136,0.4012,3
80.6800,20.00,1.1456,-134485,0.6,0.7199,14.398,1140,0.4103,3
80.7000,20.00,1.1669,-138752,0.1,0.7171,14.343,1138,0.4045,3
80.7200,19.99,1.1242,-130215,8.0,0.7243,14.485,1139,0.4195,3
80.7400,20.00,1.1143,-128222,7.5,0.7293,14.586,1136,0.4301,3
80.7600,20.00,1.0974,-124853,7.1,0.7344,14.688,1134,0.4408,3
80.7800,20.00,1.1277,-130902,10.5,0.7351,14.702,1131,0.4423,3
80.8000,20.00,1.1689,-139149,9.5,0.7280,14.560,1131,0.4274,3
80.8200,20.00,1.1941,-144178,9.6,0.7212,14.424,1134,0.4131,3
80.8400,20.00,1.1428,-133923,9.1,0.7251,14.502,1137,0.4213,3
80.8600,20.00,1.1197,-129312,8.6,0.7307,14.614,1136,0.4330,3
80.8800,20.00,1.1633,-138016,8.1,0.7253,14.507,1133,0.4218,3
80.9000,20.00,1.1852,-142396,7.7,0.7198,14.396,1135,0.4101,3
80.9200,20.00,1.1765,-140671,7.2,0.7170,14.341,1138,0.4043,3
80.9400,20.00,1.1288,-131117,6.8,0.7242,14.484,1139,0.4194,3
80.9600,20.00,1.1360,-132568,6.3,0.7261,14.522,1136,0.4233,3
80.9800,20.00,1.1403,-133423,5.9,0.7267,14.534,1135,0.4247,3
81.0000,20.00,1.1337,-132103,9.3,0.7288,14.577,1135,0.4291,3
81.0200,20.00,1.0969,-124739,8.9,0.7352,14.704,1134,0.4425,3
81.0400,20.00,1.1118,-127727,8.4,0.7383,14.767,1131,0.4491,3
81.0600,20.00,1.1360,-132571,7.9,0.7369,14.739,1129,0.4462,3
81.0800,20.00,1.1434,-134050,7.4,0.7353,14.707,1130,0.4428,3
81.1000,20.00,1.1441,-134185,6.9,0.7345,14.691,1131,0.4411,3
81.1200,20.00,1.0946,-124290,6.5,0.7414,14.829,1131,0.4556,3
81.1400,20.00,1.1407,-133504,6.1,0.7391,14.781,1128,0.4506,3
81.1600,20.00,1.1549,-136342,5.6,0.7355,14.710,1129,0.4432,3
81.1800,20.00,1.1533,-136025,5.1,0.7339,14.679,1131,0.4399,3
81.2000,20.00,1.1561,-136574,4.7,0.7322,14.643,1131,0.4361,3
81.2200,20.00,1.1428,-133927,8.1,0.7335,14.670,1132,0.4389,3
81.2400,20.00,1.1831,-141979,7.7,0.7269,14.538,1132,0.4251,3
81.2600,20.00,1.1382,-132998,7.2,0.7309,14.619,1135,0.4335,3
81.2800,20.00,1.1488,-135122,6.7,0.7303,14.607,1133,0.4323,3
81.3000,20.00,1.1288,-131118,6.2,0.7341,14.682,1133,0.4402,3
81.3200,20.00,1.1763,-140626,5.8,0.7274,14.547,1131,0.4260,3
81.3400,20.00,1.1556,-136482,5.3,0.7277,14.554,1134,0.4267,3
81.3600,20.00,1.1507,-135503,4.9,0.7283,14.567,1134,0.4281,3
81.3800,20.00,1.1297,-131297,4.5,0.7325,14.650,1134,0.4369,3
81.4000,20.00,1.1401,-133383,4.0,0.7328,14.655,1132,0.4374,3
81.4200,20.00,1.1641,-138187,3.6,0.7286,14.573,1132,0.4287,3
81.4400,19.99,1.1535,-136055,7.0,0.7289,14.577,1134,0.4292,3
81.4600,20.00,1.1750,-140366,6.5,0.7246,14.492,1134,0.4203,3
81.4800,20.00,1.1602,-137405,6.0,0.7248,14.495,1136,0.4206,3
81.5000,20.00,1.1231,-129979,5.6,0.7315,14.629,1136,0.4347,3
81.5200,20.01,1.1073,-126835,5.1,0.7370,14.739,1133,0.4462,3
81.5400,20.00,1.1288,-131132,4.7,0.7377,14.754,1130,0.4478,3
81.5600,20.00,1.1596,-137286,4.1,0.7329,14.659,1130,0.4378,3
81.5800,20.00,1.1463,-134625,3.8,0.7336,14.671,1132,0.4391,3
81.6000,20.00,1.1170,-128758,3.3,0.7390,14.780,1132,0.4506,3
81.6200,20.00,1.0869,-122757,2.8,0.7454,14.907,1129,0.4639,3
81.6400,20.00,1.0998,-125319,2.4,0.7492,14.984,1126,0.4720,3
81.6600,20.00,1.2019,-145751,5.9,0.7362,14.723,1124,0.4446,3
81.6800,20.00,1.1790,-141154,5.4,0.7318,14.636,1130,0.4354,3
81.7000,20.00,1.1991,-145182,4.9,0.7256,14.513,1132,0.4224,3
81.7200,20.00,1.1518,-135733,4.4,0.7282,14.565,1135,0.4278,3
81.7400,20.00,1.1034,-126041,4.0,0.7371,14.741,1134,0.4465,3
81.7600,20.00,1.1571,-136791,3.5,0.7329,14.657,1130,0.4376,3
81.7800,20.00,1.1856,-142489,3.0,0.7272,14.543,1132,0.4256,3
81.8000,20.00,1.1773,-140832,2.6,0.7243,14.487,1135,0.4197,3
81.8200,20.00,1.1598,-137315,2.1,0.7251,14.503,1136,0.4214,3
81.8400,20.00,1.1237,-130115,1.7,0.7320,14.640,1136,0.4357,3
81.8600,20.00,1.1406,-133485,1.2,0.7323,14.646,1132,0.4365,3
81.8800,20.00,1.1737,-140095,4.7,0.7270,14.539,1132,0.4252,3
81.9000,20.00,1.1417,-133710,4.2,0.7304,14.609,1135,0.4325,3
81.9200,20.00,1.1498,-135316,3.7,0.7302,14.605,1133,0.4321,3
81.9400,20.00,1.1453,-134417,3.2,0.7312,14.624,1133,0.4341,3
81.9600,20.00,1.1787,-141098,2.8,0.7259,14.517,1133,0.4229,3
81.9800,20.00,1.1416,-133680,2.3,0.7296,14.593,1135,0.4308,3
82.0000,20.00,1.1208,-129531,1.9,0.7350,14.700,1134,0.4421,3
82.0200,20.00,1.1920,-143756,1.4,0.7260,14.521,1131,0.4232,3
82.0400,20.00,1.1688,-139113,1.0,0.7242,14.485,1135,0.4194,3
82.0600,20.00,1.1454,-134445,0.5,0.7275,14.550,1136,0.4263,3
82.0800,20.00,1.1370,-132759,4.0,0.7304,14.609,1134,0.4325,3
82.1000,20.00,1.1417,-133711,3.5,0.7312,14.624,1133,0.4341,3
82.1200,20.00,1.1721,-139776,3.0,0.7261,14.523,1133,0.4235,3
82.1400,20.00,1.1355,-132455,2.6,0.7308,14.617,1135,0.4333,3
82.1600,20.00,1.1297,-131296,2.1,0.7339,14.679,1133,0.4399,3
82.1800,20.00,1.1440,-134155,1.6,0.7332,14.664,1131,0.4383,3
82.2000,20.00,1.1546,-136285,1.1,0.7313,14.625,1132,0.4342,3
82.2200,20.00,1.1475,-134862,0.7,0.7318,14.636,1133,0.4354,3
82.2400,20.00,1.1625,-137860,0.3,0.7290,14.580,1132,0.4295,3
82.2600,20.01,1.1770,-140767,12.0,0.7251,14.502,1134,0.4213,3
82.2800,19.99,1.1743,-140222,11.5,0.7228,14.455,1136,0.4164,3
82.3000,20.00,1.1678,-138929,2.8,0.7220,14.440,1137,0.4147,3
82.3200,20.00,1.1587,-137104,2.3,0.7229,14.458,1137,0.4166,3
82.3400,20.00,1.1725,-139858,1.9,0.7202,14.403,1137,0.4109,3
82.3600,20.00,1.1647,-138299,1.4,0.7202,14.404,1138,0.4109,3
82.3800,20.00,1.1358,-132522,0.9,0.7255,14.511,1138,0.4222,3
82.4000,20.00,1.0961,-124587,0.4,0.7338,14.676,1135,0.4396,3
82.4200,20.00,1.0969,-124751,12.3,0.7392,14.783,1131,0.4509,3
82.4400,20.00,1.1506,-135479,11.8,0.7353,14.707,1129,0.4428,3
82.4600,20.00,1.1687,-139111,11.3,0.7304,14.608,1131,0.4324,3
82.4800,20.00,1.1842,-142196,10.8,0.7257,14.514,1133,0.4226,3
82.5000,20.00,1.1622,-137808,10.3,0.7255,14.509,1135,0.4220,3
82.5200,20.00,1.1909,-143548,1.7,0.7204,14.408,1135,0.4113,3
82.5400,20.00,1.1876,-142880,1.2,0.7170,14.341,1138,0.4043,3
82.5600,20.00,1.1748,-140317,0.7,0.7158,14.316,1139,0.4016,3
82.5800,20.00,1.2018,-145715,0.2,0.7106,14.212,1140,0.3907,3
82.6000,20.00,1.2187,-149092,8.1,0.7043,14.085,1142,0.3774,3
82.6200,20.00,1.1968,-144719,7.6,0.7021,14.043,1145,0.3729,3
82.6400,20.00,1.1723,-139814,11.1,0.7042,14.083,1146,0.3772,3
82.6600,20.00,1.1907,-143498,10.6,0.7015,14.030,1145,0.3716,3
82.6800,20.00,1.1538,-136119,10.1,0.7068,14.136,1147,0.3827,3
82.7000,20.00,1.1222,-129802,9.7,0.7155,14.309,1144,0.4010,3
82.7200,20.00,1.1248,-130325,9.1,0.7200,14.400,1140,0.4105,3
82.7400,20.00,1.2017,-145707,0.5,0.7096,14.192,1138,0.3886,3
82.7600,20.01,1.1697,-139311,0.0,0.7094,14.188,1143,0.3882,3
82.7800,19.99,1.1350,-132359,7.8,0.7159,14.317,1143,0.4018,3
82.8000,20.00,1.1309,-131553,7.4,0.7198,14.396,1140,0.4101,3
82.8200,20.00,1.2071,-146775,6.9,0.7089,14.177,1138,0.3871,3
82.8400,20.00,1.2871,-162783,6.4,0.6819,13.637,1143,0.3302,3
82.8600,20.00,1.2411,-153583,9.9,0.6768,13.537,1156,0.3197,3
82.8800,20.00,1.1520,-135759,9.4,0.6924,13.848,1158,0.3524,3
82.9000,20.00,1.1679,-138938,9.0,0.6944,13.887,1151,0.3565,3
82.9200,20.00,1.2035,-146070,8.5,0.6864,13.728,1150,0.3398,3
82.9400,20.00,1.1810,-141569,8.0,0.6871,13.742,1153,0.3412,3
82.9600,20.00,1.1368,-132717,7.5,0.6983,13.967,1153,0.3649,3
82.9800,20.00,1.1681,-138984,7.1,0.6965,13.931,1148,0.3611,3
83.0000,20.00,1.1670,-138759,6.7,0.6963,13.925,1149,0.3606,3
83.0200,20.00,1.2088,-147129,6.1,0.6860,13.721,1149,0.3390,3
83.0400,20.00,1.2434,-154044,5.8,0.6718,13.436,1154,0.3090,3
83.0600,20.00,1.2319,-151743,5.3,0.6636,13.273,1160,0.2919,3
83.0800,20.00,1.2005,-145453,8.7,0.6637,13.275,1164,0.2921,3
83.1000,20.00,1.1764,-140640,8.2,0.6696,13.392,1164,0.3044,3
83.1200,20.00,1.1774,-140836,7.8,0.6716,13.433,1161,0.3087,3
83.1400,20.00,1.1649,-138340,7.3,0.6762,13.524,1160,0.3184,3
83.1600,20.00,1.1928,-143931,6.8,0.6703,13.406,1158,0.3059,3
83.1800,20.00,1.1607,-137506,6.4,0.6766,13.532,1161,0.3191,3
83.2000,20.00,1.1258,-130521,5.9,0.6864,13.728,1158,0.3398,3
83.2200,20.00,1.1845,-142265,5.5,0.6791,13.583,1153,0.3245,3
83.2400,20.00,1.2456,-154473,5.0,0.6613,13.225,1157,0.2869,3
83.2600,20.00,1.2697,-159298,4.6,0.6357,12.714,1165,0.2330,3
83.2800,20.00,1.2635,-158048,4.1,0.6165,12.330,1177,0.1926,3
83.3000,20.00,1.2061,-146580,7.5,0.6206,12.413,1186,0.2013,3
83.3200,20.00,1.1920,-143764,7.1,0.6289,12.578,1184,0.2187,3
83.3400,20.00,1.3119,-167744,6.6,0.5808,11.615,1180,0.1174,3
83.3600,20.00,1.2736,-160079,6.1,0.5619,11.239,1202,0.0778,3
83.3800,20.00,1.2208,-149526,5.7,0.5698,11.395,1211,0.0942,3
83.4000,20.00,1.1921,-143786,5.2,0.5841,11.683,1208,0.1245,3
83.4200,20.00,1.1382,-132996,4.8,0.6072,12.144,1201,0.1731,3
83.4400,20.00,1.1365,-132672,4.3,0.6250,12.500,1190,0.2105,3
83.4600,20.00,1.1593,-137230,3.9,0.6364,12.727,1182,0.2345,3
83.4800,20.00,1.1740,-140171,3.4,0.6373,12.746,1177,0.2364,3
83.5000,20.00,1.1434,-134044,6.9,0.6461,12.923,1176,0.2550,3
83.5200,20.00,1.1792,-141198,6.4,0.6417,12.835,1172,0.2458,3
83.5400,20.00,1.2137,-148107,5.9,0.6286,12.572,1174,0.2181,3
83.5600,20.00,1.2216,-149690,5.5,0.6170,12.341,1180,0.1938,3
83.5800,20.00,1.2436,-154085,5.0,0.5957,11.915,1186,0.1489,3
83.6000,20.01,1.2261,-150579,4.5,0.5891,11.781,1196,0.1349,3
83.6200,20.00,1.1847,-142294,4.0,0.5973,11.946,1199,0.1523,3
83.6400,20.00,1.1941,-144189,3.6,0.5979,11.957,1195,0.1534,3
83.6600,20.00,1.3017,-165689,3.1,0.5513,11.027,1195,0.0554,3
83.6800,20.00,1.2555,-156462,2.7,0.5378,10.756,1216,0.0269,3
83.7000,20.00,1.1868,-142729,2.3,0.5538,11.077,1222,0.0607,3
83.7200,20.00,1.1641,-138188,5.7,0.5728,11.455,1215,0.1005,3
83.7400,20.00,1.1039,-126147,5.3,0.5925,11.851,1206,0.1422,3
83.7600,20.00,1.2319,-151735,4.8,0.5782,11.564,1197,0.1120,3
83.7800,20.00,1.1965,-144653,4.3,0.5821,11.641,1204,0.1202,3
83.8000,20.00,1.1606,-137481,3.8,0.5899,11.799,1202,0.1367,3
83.8200,20.00,1.1796,-141285,3.3,0.5910,11.821,1198,0.1390,3
83.8400,20.00,1.1908,-143524,2.9,0.5892,11.785,1198,0.1352,3
83.8600,19.99,1.2104,-147435,2.5,0.5790,11.579,1199,0.1136,3
83.8800,20.00,1.2229,-149935,2.0,0.5657,11.315,1203,0.0858,3
83.9000,20.00,1.2100,-147357,1.5,0.5624,11.247,1210,0.0787,3
83.9200,20.00,1.1948,-144318,1.1,0.5635,11.270,1211,0.0811,3
83.9400,20.00,1.2101,-147373,4.6,0.5571,11.142,1211,0.0675,3
83.9600,20.00,1.1969,-144743,4.1,0.5567,11.134,1214,0.0668,3
83.9800,20.00,1.2198,-149321,3.6,0.5460,10.920,1214,0.0442,3
84.0000,20.00,1.2106,-147475,3.1,0.5419,10.839,1219,0.0357,3
84.0200,20.00,1.1703,-139424,2.6,0.5522,11.044,1221,0.0573,3
84.0400,20.00,1.1443,-134228,2.1,0.5658,11.316,1216,0.0859,3
84.0600,20.00,1.1596,-137277,1.7,0.5711,11.423,1209,0.0971,3
84.0800,20.00,1.2059,-146537,1.3,0.5614,11.227,1207,0.0765,3
84.1000,20.00,1.1931,-143973,0.8,0.5592,11.183,1211,0.0719,3
84.1200,20.00,1.1719,-139733,0.4,0.5628,11.256,1213,0.0795,3
84.1400,20.00,1.1743,-140229,12.0,0.5642,11.284,1211,0.0825,3
84.1600,20.00,1.2446,-154279,3.4,0.5357,10.713,1210,0.0224,3
84.1800,20.00,1.2517,-155699,2.9,0.5118,10.236,1224,-0.0278,3
84.2000,20.00,1.2634,-158038,2.4,0.4930,9.861,1234,-0.0673,3
84.2200,20.00,1.2179,-148932,1.9,0.4973,9.946,1243,-0.0583,3
84.2400,20.00,1.1574,-136853,1.5,0.5191,10.382,1241,-0.0124,3
84.2600,20.00,1.1231,-129978,1.0,0.5389,10.778,1231,0.0292,3
84.2800,20.00,1.1426,-133890,0.6,0.5494,10.988,1222,0.0514,3
84.3000,20.00,1.1721,-139785,0.1,0.5498,10.995,1217,0.0521,3
84.3200,20.00,1.1719,-139751,11.8,0.5499,10.998,1217,0.0524,3
84.3400,20.00,1.1556,-136475,11.4,0.5531,11.062,1217,0.0592,3
84.3600,20.00,1.1340,-132170,10.9,0.5594,11.189,1215,0.0725,3
84.3800,20.00,1.1635,-138062,2.2,0.5591,11.181,1212,0.0717,3
84.4000,20.00,1.1635,-138070,1.7,0.5586,11.172,1213,0.0707,3
84.4200,20.00,1.1952,-144392,1.2,0.5513,11.026,1213,0.0553,3
84.4400,20.00,1.2168,-148728,0.8,0.5353,10.705,1216,0.0216,3
84.4600,20.00,1.2141,-148180,0.3,0.5245,10.489,1224,-0.0011,3
84.4800,20.00,1.1829,-141942,8.1,0.5258,10.516,1229,0.0017,3
84.5000,20.00,1.2142,-148208,11.6,0.5142,10.283,1228,-0.0228,3
84.5200,20.00,1.1571,-136784,11.1,0.5247,10.494,1234,-0.0006,3
84.5400,20.00,1.2033,-146012,10.7,0.5160,10.321,1229,-0.0189,3
84.5600,20.00,1.2272,-150795,10.2,0.5021,10.043,1233,-0.0481,3
84.5800,20.00,1.1855,-142468,9.7,0.5085,10.171,1239,-0.0347,3
84.6000,20.00,1.1660,-138554,1.0,0.5161,10.323,1236,-0.0187,3
84.6200,20.00,1.1248,-130334,0.6,0.5286,10.572,1233,0.0076,3
84.6400,20.00,1.1187,-129106,0.1,0.5393,10.786,1227,0.0301,3
84.6600,20.00,1.1219,-129750,7.9,0.5471,10.942,1222,0.0465,3
84.6800,20.00,1.1879,-142946,7.5,0.5404,10.808,1218,0.0325,3
84.7000,20.00,1.1993,-145213,7.0,0.5306,10.611,1221,0.0117,3
84.7200,20.00,1.1710,-139559,10.5,0.5302,10.604,1226,0.0110,3
84.7400,20.00,1.1523,-135825,10.0,0.5342,10.684,1226,0.0194,3
84.7600,20.00,1.1867,-142695,9.5,0.5277,10.554,1224,0.0057,3
84.7800,20.00,1.1790,-141162,9.0,0.5244,10.488,1227,-0.0012,3
84.8000,20.00,1.2186,-149071,0.4,0.5082,10.164,1229,-0.0354,3
84.8200,20.00,1.2104,-147449,8.1,0.5020,10.040,1236,-0.0484,3
84.8400,20.00,1.1868,-142713,7.7,0.5045,10.090,1239,-0.0431,3
84.8600,20.00,1.1916,-143681,7.2,0.5026,10.053,1238,-0.0471,3
84.8800,20.00,1.2177,-148893,6.8,0.4916,9.832,1239,-0.0703,3
84.9000,20.00,1.2320,-151766,6.3,0.4784,9.568,1244,-0.0981,3
84.9200,20.00,1.1819,-141745,9.8,0.4896,9.792,1250,-0.0745,3
84.9400,20.00,1.1601,-137378,9.3,0.5001,10.002,1245,-0.0525,3
84.9600,20.00,1.1640,-138169,8.8,0.5040,10.079,1240,-0.0443,3
84.9800,20.00,1.1983,-145027,8.3,0.4951,9.902,1238,-0.0630,3
85.0000,20.00,1.1984,-145043,7.9,0.4907,9.814,1242,-0.0722,3
85.0200,20.00,1.1861,-142572,7.4,0.4922,9.844,1244,-0.0690,3
85.0400,20.00,1.1409,-133539,7.0,0.5041,10.083,1244,-0.0439,3
85.0600,20.00,1.1837,-142103,6.5,0.4989,9.978,1238,-0.0550,3
85.0800,20.00,1.1953,-144413,6.1,0.4927,9.854,1240,-0.0680,3
85.1000,20.00,1.1705,-139466,5.6,0.4974,9.949,1243,-0.0581,3
85.1200,20.00,1.1495,-135262,5.1,0.5040,10.079,1241,-0.0443,3
85.1400,20.00,1.1463,-134620,8.6,0.5077,10.153,1238,-0.0365,3
85.1600,20.00,1.2145,-148266,8.1,0.4902,9.805,1237,-0.0732,3
85.1800,20.01,1.2476,-154886,7.7,0.4635,9.269,1245,-0.1296,3
85.2000,19.99,1.2150,-148358,7.2,0.4660,9.319,1257,-0.1243,3
85.2200,20.00,1.1730,-139963,6.7,0.4804,9.608,1256,-0.0939,3
85.2400,20.00,1.1219,-129749,6.2,0.4977,9.953,1249,-0.0575,3
85.2600,20.00,1.0934,-124040,5.8,0.5128,10.255,1241,-0.0258,3
85.2800,20.00,1.1893,-143221,5.4,0.4999,9.997,1234,-0.0529,3
85.3000,20.00,1.2581,-156971,4.9,0.4598,9.195,1240,-0.1374,3
85.3200,20.00,1.2401,-153386,4.5,0.4492,8.983,1259,-0.1597,3
85.3400,20.00,1.2129,-147944,4.0,0.4525,9.049,1264,-0.1527,3
85.3600,20.00,1.2293,-151226,7.5,0.4390,8.781,1262,-0.1810,3
85.3800,20.00,1.1619,-137742,7.0,0.4635,9.270,1268,-0.1295,3
85.4000,20.00,1.1670,-138755,6.5,0.4750,9.501,1257,-0.1052,3
85.4200,20.00,1.1550,-136373,6.0,0.4832,9.663,1252,-0.0881,3
85.4400,20.01,1.1509,-135550,5.6,0.4881,9.762,1248,-0.0777,3
85.4600,19.99,1.1658,-138525,5.1,0.4880,9.759,1246,-0.0780,3
85.4800,20.00,1.1529,-135947,4.6,0.4912,9.824,1246,-0.0712,3
85.5000,20.00,1.1771,-140784,4.1,0.4866,9.733,1244,-0.0808,3
85.5200,20.00,1.2001,-145372,3.7,0.4751,9.502,1246,-0.1051,3
85.5400,20.00,1.1859,-142535,3.3,0.4761,9.522,1252,-0.1029,3
85.5600,20.00,1.1773,-140819,2.8,0.4778,9.557,1251,-0.0993,3
85.5800,20.00,1.2285,-151065,6.3,0.4482,8.963,1250,-0.1618,3
85.6000,20.00,1.2705,-159467,5.8,0.4087,8.174,1264,-0.2448,3
85.6200,20.00,1.2556,-156480,5.3,0.3934,7.869,1282,-0.2770,3
85.6400,20.01,1.2170,-148764,4.9,0.4026,8.052,1289,-0.2577,3
85.6600,20.00,1.1621,-137784,4.4,0.4334,8.669,1285,-0.1927,3
85.6800,20.00,1.0919,-123751,3.9,0.4835,9.671,1271,-0.0873,3
85.7000,20.00,1.1522,-135807,3.4,0.4781,9.562,1248,-0.0988,3
85.7200,20.00,1.1932,-144005,3.0,0.4618,9.235,1250,-0.1331,3
85.7400,20.00,1.1721,-139792,2.6,0.4666,9.331,1258,-0.1230,3
85.7600,20.00,1.1577,-136894,2.1,0.4730,9.459,1256,-0.1095,3
85.7800,20.00,1.1315,-131667,1.7,0.4836,9.673,1253,-0.0871,3
85.8000,19.99,1.1193,-129228,5.1,0.4925,9.849,1248,-0.0685,3
85.8200,20.00,1.1704,-139447,4.6,0.4838,9.676,1243,-0.0867,3
85.8400,20.00,1.1796,-141278,4.1,0.4765,9.531,1247,-0.1020,3
85.8600,20.00,1.2283,-151019,3.7,0.4443,8.886,1251,-0.1699,3
85.8800,20.00,1.2550,-156351,3.2,0.4091,8.181,1266,-0.2441,3
85.9000,20.00,1.2068,-146720,2.7,0.4153,8.305,1282,-0.2310,3
85.9200,20.00,1.1521,-135776,2.3,0.4467,8.934,1279,-0.1648,3
85.9400,20.00,1.1429,-133945,1.8,0.4634,9.267,1265,-0.1297,3
85.9600,20.00,1.1658,-138520,1.4,0.4633,9.267,1257,-0.1298,3
85.9800,20.00,1.1661,-138586,0.9,0.4639,9.278,1257,-0.1286,3
86.0000,20.00,1.1147,-128306,0.5,0.4828,9.656,1257,-0.0888,3
86.0200,20.00,1.1320,-131757,3.9,0.4856,9.713,1248,-0.0828,3
86.0400,20.00,1.1307,-131512,3.5,0.4890,9.779,1247,-0.0759,3
86.0600,20.00,1.1815,-141670,3.0,0.4726,9.452,1245,-0.1103,3
86.0800,20.00,1.2360,-152562,2.5,0.4346,8.691,1253,-0.1904,3
86.1000,20.00,1.2109,-147548,2.0,0.4268,8.536,1270,-0.2068,3
86.1200,20.00,1.1657,-138500,1.6,0.4462,8.923,1274,-0.1660,3
86.1400,20.00,1.1755,-140459,1.1,0.4479,8.958,1265,-0.1624,3
86.1600,20.00,1.1319,-131739,0.7,0.4694,9.387,1264,-0.1171,3
86.1800,20.00,1.1277,-130902,0.2,0.4790,9.579,1254,-0.0969,3
86.2000,20.00,1.1257,-130509,11.9,0.4851,9.702,1250,-0.0839,3
86.2200,20.00,1.1404,-133441,11.5,0.4843,9.686,1247,-0.0857,3
86.2400,20.00,1.1566,-136686,2.8,0.4797,9.594,1247,-0.0953,3
86.2600,20.00,1.1729,-139945,2.3,0.4710,9.420,1250,-0.1137,3
86.2800,20.00,1.2186,-149072,1.8,0.4412,8.824,1253,-0.1764,3
86.3000,20.00,1.1592,-137213,1.3,0.4579,9.158,1267,-0.1412,3
86.3200,20.00,1.1673,-138826,0.9,0.4600,9.199,1259,-0.1369,3
86.3400,20.00,1.1096,-127288,0.4,0.4844,9.689,1259,-0.0854,3
86.3600,20.00,1.1109,-127551,12.2,0.4924,9.849,1247,-0.0686,3
86.3800,20.00,1.1101,-127393,11.7,0.4975,9.949,1243,-0.0580,3
86.4000,20.00,1.1573,-136822,11.2,0.4863,9.725,1241,-0.0815,3
86.4200,20.00,1.1514,-135645,10.8,0.4840,9.679,1246,-0.0864,3
86.4400,20.00,1.1723,-139830,10.3,0.4749,9.498,1247,-0.1055,3
86.4600,20.00,1.1392,-133201,1.6,0.4824,9.649,1252,-0.0896,3
86.4800,20.00,1.1495,-135269,1.1,0.4818,9.635,1248,-0.0910,3
86.5000,20.00,1.1877,-142907,0.7,0.4642,9.285,1248,-0.1279,3
86.5200,20.00,1.2375,-152858,0.2,0.4258,8.517,1257,-0.2088,3
86.5400,20.00,1.2312,-151606,8.1,0.4059,8.117,1274,-0.2508,3
86.5600,20.00,1.2794,-161231,7.6,0.3647,7.293,1284,-0.3376,3
86.5800,20.00,1.2185,-149056,11.0,0.3718,7.436,1303,-0.3225,3
86.6000,20.00,1.1360,-132557,10.6,0.4281,8.561,1299,-0.2041,3
86.6200,20.00,1.0523,-115827,10.1,0.4917,9.835,1273,-0.0700,3
86.6400,20.00,1.0731,-119987,9.6,0.5013,10.026,1244,-0.0499,3
86.6600,20.00,1.0437,-114114,9.1,0.5188,10.377,1239,-0.0130,3
86.6800,20.00,1.0685,-119060,0.5,0.5241,10.481,1231,-0.0020,3
86.7000,20.00,1.1162,-128606,8.2,0.5162,10.324,1229,-0.0185,3
86.7200,20.00,1.1703,-139415,7.8,0.4993,9.986,1233,-0.0542,3
86.7400,20.00,1.2052,-146391,7.3,0.4680,9.361,1240,-0.1199,3
86.7600,20.00,1.2411,-153575,6.9,0.4325,8.650,1255,-0.1948,3
86.7800,20.00,1.2200,-149370,6.4,0.4202,8.405,1271,-0.2205,3
86.8000,20.00,1.2468,-154721,9.9,0.3918,7.836,1277,-0.2804,3
86.8200,20.00,1.1947,-144304,9.4,0.4035,8.070,1290,-0.2558,3
86.8400,20.00,1.1601,-137393,8.9,0.4269,8.537,1285,-0.2066,3
86.8600,20.00,1.1483,-135015,8.4,0.4437,8.874,1274,-0.1712,3
86.8800,20.00,1.1224,-129853,8.0,0.4677,9.353,1266,-0.1207,3
86.9000,20.00,1.1093,-127231,7.5,0.4821,9.642,1255,-0.0903,3
86.9200,20.00,1.1123,-127832,7.1,0.4879,9.759,1248,-0.0780,3
86.9400,20.00,1.1053,-126419,6.6,0.4959,9.918,1246,-0.0613,3
86.9600,20.00,1.1510,-135559,6.1,0.4833,9.666,1242,-0.0878,3
86.9800,19.99,1.1833,-142025,5.7,0.4630,9.260,1248,-0.1306,3
87.0000,20.00,1.1805,-141457,9.1,0.4572,9.145,1257,-0.1426,3
87.0200,20.00,1.1782,-140994,8.7,0.4528,9.056,1260,-0.1520,3
87.0400,20.00,1.2079,-146932,8.2,0.4300,8.599,1262,-0.2001,3
87.0600,20.00,1.2092,-147207,7.7,0.4147,8.294,1272,-0.2322,3
87.0800,20.00,1.1810,-141570,7.3,0.4215,8.431,1280,-0.2178,3
87.1000,20.00,1.1828,-141913,6.8,0.4209,8.419,1276,-0.2191,3
87.1200,20.00,1.1240,-130174,6.3,0.4592,9.184,1277,-0.1385,3
87.1400,20.00,1.1620,-137769,5.9,0.4485,8.970,1259,-0.1610,3
87.1600,20.00,1.1946,-144276,5.4,0.4276,8.552,1264,-0.2050,3
87.1800,20.00,1.1825,-141857,5.0,0.4242,8.485,1274,-0.2121,3
87.2000,20.00,1.2059,-146545,4.5,0.4063,8.127,1275,-0.2498,3
87.2200,20.00,1.1807,-141501,8.0,0.4116,8.231,1283,-0.2388,3
87.2400,20.00,1.1448,-134331,7.6,0.4364,8.727,1281,-0.1866,3
87.2600,20.00,1.2184,-149045,7.1,0.4020,8.040,1269,-0.2590,3
87.2800,20.00,1.2044,-146240,6.6,0.3931,7.862,1285,-0.2777,3
87.3000,20.00,1.1593,-137230,6.1,0.4142,8.284,1290,-0.2332,3
87.3200,20.00,1.1436,-134077,5.6,0.4331,8.662,1280,-0.1935,3
87.3400,20.00,1.1806,-141481,5.1,0.4194,8.388,1271,-0.2223,3
87.3600,20.00,1.1117,-127702,4.8,0.4623,9.246,1277,-0.1320,3
87.3800,20.00,1.1103,-127425,4.3,0.4760,9.521,1257,-0.1031,3
87.4000,20.00,1.1509,-135540,3.8,0.4585,9.171,1251,-0.1399,3
87.4200,20.00,1.1385,-133056,3.4,0.4637,9.273,1259,-0.1291,3
87.4400,20.00,1.1337,-132107,6.9,0.4691,9.382,1257,-0.1176,3
87.4600,20.00,1.1980,-144967,6.4,0.4356,8.711,1254,-0.1883,3
87.4800,20.00,1.1814,-141635,5.9,0.4300,8.600,1270,-0.2000,3
87.5000,20.00,1.1971,-144783,5.4,0.4151,8.302,1272,-0.2314,3
87.5200,20.00,1.2304,-151440,4.9,0.3874,7.748,1279,-0.2897,3
87.5400,20.00,1.2169,-148737,4.4,0.3766,7.532,1292,-0.3125,3
87.5600,20.00,1.1957,-144509,4.0,0.3807,7.615,1297,-0.3037,3
87.5800,20.00,1.1862,-142592,3.6,0.3873,7.747,1295,-0.2898,3
87.6000,20.00,1.1826,-141877,3.1,0.3910,7.820,1292,-0.2822,3
87.6200,20.00,1.1226,-129892,2.7,0.4323,8.646,1291,-0.1951,3
87.6400,20.00,1.1248,-130325,2.2,0.4444,8.888,1271,-0.1697,3
87.6600,20.00,1.1398,-133318,5.7,0.4425,8.851,1266,-0.1736,3
87.6800,20.00,1.1174,-128844,5.2,0.4638,9.275,1267,-0.1289,3
87.7000,20.00,1.1494,-135243,4.7,0.4503,9.006,1257,-0.1572,3
87.7200,20.00,1.1360,-132573,4.2,0.4575,9.150,1263,-0.1421,3
87.7400,20.00,1.1521,-135793,3.8,0.4501,9.001,1260,-0.1578,3
87.7600,20.00,1.1458,-134531,3.3,0.4519,9.038,1263,-0.1539,3
87.7800,20.00,1.1775,-140870,2.9,0.4340,8.681,1262,-0.1915,3
87.8000,20.00,1.1592,-137198,2.4,0.4355,8.710,1271,-0.1884,3
87.8200,20.00,1.2013,-145630,2.0,0.4127,8.253,1270,-0.2365,3
87.8400,20.00,1.2023,-145814,1.5,0.3991,7.982,1281,-0.2651,3
87.8600,20.00,1.1887,-143095,1.1,0.3980,7.959,1287,-0.2674,3
87.8800,20.00,1.2028,-145931,4.5,0.3873,7.746,1287,-0.2899,3
87.9000,20.00,1.1860,-142570,4.0,0.3898,7.795,1292,-0.2847,3
87.9200,20.01,1.1506,-135475,3.6,0.4122,8.244,1291,-0.2375,3
87.9400,20.00,1.1422,-133810,3.1,0.4257,8.514,1281,-0.2090,3
87.9600,20.00,1.1372,-132811,2.6,0.4345,8.690,1275,-0.1905,3
87.9800,20.00,1.1309,-131540,2.1,0.4443,8.886,1270,-0.1699,3
88.0000,20.00,1.1481,-134984,1.7,0.4387,8.773,1266,-0.1818,3
88.0200,20.00,1.1579,-136940,1.2,0.4326,8.653,1269,-0.1945,3
88.0400,20.00,1.1561,-136582,0.8,0.4318,8.635,1271,-0.1963,3
88.0600,20.00,1.1756,-140479,0.3,0.4213,8.426,1272,-0.2183,3
88.0800,20.00,1.1777,-140910,12.0,0.4144,8.288,1276,-0.2329,3
88.1000,19.99,1.1883,-143017,3.3,0.4039,8.077,1280,-0.2550,3
88.1200,20.00,1.1592,-137196,2.9,0.4158,8.317,1285,-0.2298,3
88.1400,20.00,1.1664,-138637,2.4,0.4142,8.284,1279,-0.2333,3
88.1600,20.00,1.1656,-138475,1.9,0.4138,8.276,1280,-0.2341,3
88.1800,20.00,1.1704,-139435,1.4,0.4107,8.215,1280,-0.2406,3
88.2000,20.00,1.1837,-142097,0.9,0.4014,8.027,1282,-0.2603,3
88.2200,20.00,1.1275,-130857,0.5,0.4334,8.668,1286,-0.1929,3
88.2400,20.00,1.1721,-139779,0.1,0.4166,8.331,1271,-0.2283,3
88.2600,20.00,1.1433,-134031,11.8,0.4288,8.575,1279,-0.2026,3
88.2800,20.00,1.1091,-127188,11.3,0.4569,9.139,1273,-0.1433,3
88.3000,20.00,1.2080,-146959,10.9,0.4110,8.221,1260,-0.2399,3
88.3200,20.00,1.1313,-131616,2.1,0.4371,8.742,1281,-0.1850,3
88.3400,20.00,1.1694,-139244,1.7,0.4215,8.429,1269,-0.2179,3
88.3600,20.01,1.1341,-132178,1.2,0.4389,8.777,1276,-0.1813,3
88.3800,19.99,1.1154,-128450,0.7,0.4581,9.161,1268,-0.1409,3
88.4000,20.00,1.1466,-134690,0.3,0.4456,8.911,1259,-0.1672,3
88.4200,20.00,1.1281,-130978,8.1,0.4559,9.118,1265,-0.1455,3
88.4400,20.00,1.1730,-139955,11.6,0.4326,8.652,1260,-0.1946,3
88.4600,20.00,1.2003,-145428,11.1,0.4082,8.164,1271,-0.2459,3
88.4800,20.00,1.1932,-144000,10.7,0.3984,7.967,1283,-0.2666,3
88.5000,20.00,1.2223,-149827,10.1,0.3729,7.458,1287,-0.3203,3
88.5200,20.00,1.1836,-142075,9.7,0.3825,7.650,1299,-0.3000,3
88.5400,20.00,1.1396,-133284,1.0,0.4141,8.283,1295,-0.2334,3
88.5600,20.00,1.1840,-142158,0.5,0.3967,7.935,1280,-0.2700,3
88.5800,20.00,1.1050,-126361,0.1,0.4422,8.843,1288,-0.1744,3
88.6000,20.00,1.1228,-129924,7.9,0.4465,8.929,1267,-0.1653,3
88.6200,20.00,1.1577,-136906,7.4,0.4295,8.589,1265,-0.2011,3
88.6400,20.00,1.1057,-126516,7.0,0.4605,9.211,1273,-0.1357,3
88.6600,20.00,1.1741,-140178,10.4,0.4296,8.592,1258,-0.2009,3
88.6800,20.00,1.1547,-136300,10.0,0.4295,8.590,1273,-0.2010,3
88.7000,20.00,1.1371,-132777,9.5,0.4410,8.820,1273,-0.1769,3
88.7200,20.00,1.1581,-136983,9.0,0.4305,8.610,1267,-0.1990,3
88.7400,20.00,1.1254,-130443,8.5,0.4498,8.996,1272,-0.1583,3
88.7600,20.00,1.1521,-135787,8.1,0.4382,8.764,1263,-0.1827,3
88.7800,20.00,1.1657,-138500,7.6,0.4266,8.533,1269,-0.2071,3
88.8000,20.00,1.1674,-138852,7.1,0.4204,8.408,1274,-0.2202,3
88.8200,20.00,1.1842,-142208,6.7,0.4076,8.152,1277,-0.2471,3
88.8400,20.00,1.1723,-139832,6.3,0.4072,8.144,1283,-0.2480,3
88.8600,20.00,1.2166,-148686,5.8,0.3790,7.581,1283,-0.3073,3
88.8800,20.00,1.1685,-139067,9.3,0.3943,7.885,1296,-0.2752,3
88.9000,20.00,1.1629,-137938,8.8,0.4016,8.032,1289,-0.2598,3
88.9200,20.00,1.1601,-137392,8.3,0.4058,8.115,1286,-0.2510,3
88.9400,20.00,1.1838,-142128,7.8,0.3929,7.859,1284,-0.2780,3
88.9600,20.00,1.1331,-131990,7.4,0.4211,8.422,1290,-0.2188,3
88.9800,19.99,1.1762,-140604,6.9,0.4036,8.073,1277,-0.2555,3
89.0000,20.00,1.1082,-126999,6.4,0.4423,8.846,1285,-0.1741,3
89.0200,20.00,1.1568,-136728,6.0,0.4243,8.486,1267,-0.2120,3
89.0400,20.00,1.1267,-130696,5.6,0.4410,8.820,1275,-0.1769,3
89.0600,20.00,1.1878,-142918,5.1,0.4107,8.214,1267,-0.2406,3
89.0800,20.00,1.1310,-131570,4.6,0.4341,8.683,1282,-0.1913,3
89.1000,20.00,1.1683,-139015,8.1,0.4172,8.345,1271,-0.2269,3
89.1200,20.00,1.1582,-136996,7.7,0.4180,8.360,1279,-0.2252,3
89.1400,20.00,1.2111,-147579,7.1,0.3867,7.733,1278,-0.2912,3
89.1600,20.04,1.2366,-152683,6.7,0.3559,7.118,1293,-0.3560,3
89.1800,19.96,1.1913,-143621,6.1,0.3666,7.332,1307,-0.3335,3
89.2000,20.00,1.2009,-145549,5.7,0.3599,7.197,1302,-0.3477,3
89.2200,20.00,1.1345,-132266,5.3,0.4027,8.055,1305,-0.2574,3
89.2400,20.00,1.1451,-134393,4.8,0.4069,8.138,1285,-0.2486,3
89.2600,20.00,1.1273,-130825,4.4,0.4233,8.465,1283,-0.2142,3
89.2800,20.00,1.0995,-125269,3.9,0.4511,9.022,1275,-0.1556,3
89.3000,20.00,1.1214,-129644,3.5,0.4495,8.990,1263,-0.1590,3
89.3200,20.00,1.1187,-129104,6.9,0.4547,9.094,1263,-0.1480,3
89.3400,20.00,1.1298,-131328,6.5,0.4517,9.035,1261,-0.1542,3
89.3600,20.00,1.1883,-143021,6.0,0.4177,8.353,1263,-0.2260,3
89.3800,20.00,1.2091,-147188,5.5,0.3895,7.791,1278,-0.2852,3
89.4000,20.00,1.2015,-145667,5.0,0.3769,7.539,1291,-0.3117,3
89.4200,20.00,1.2218,-149725,4.6,0.3586,7.171,1297,-0.3504,3
89.4400,20.00,1.2063,-146621,4.1,0.3564,7.129,1306,-0.3549,3
89.4600,20.00,1.2303,-151419,3.7,0.3405,6.810,1307,-0.3884,3
89.4800,20.00,1.1886,-143077,3.2,0.3555,7.109,1314,-0.3569,3
89.5000,20.00,1.1673,-138827,2.8,0.3693,7.386,1307,-0.3278,3
89.5200,20.01,1.0942,-124215,2.3,0.4250,8.499,1301,-0.2106,3
89.5400,20.00,1.1313,-131632,5.8,0.4200,8.400,1275,-0.2211,3
89.5600,20.00,1.0988,-125121,5.3,0.4468,8.936,1277,-0.1646,3
89.5800,20.00,1.1321,-131794,4.8,0.4372,8.745,1265,-0.1848,3
89.6000,20.00,1.1294,-131239,4.3,0.4403,8.806,1269,-0.1784,3
89.6200,20.00,1.1550,-136360,3.9,0.4254,8.508,1268,-0.2097,3
89.6400,20.00,1.1866,-142672,3.4,0.4020,8.041,1275,-0.2589,3
89.6600,20.00,1.1541,-136192,3.0,0.4126,8.253,1285,-0.2366,3
89.6800,20.00,1.1848,-142313,2.5,0.3935,7.869,1281,-0.2769,3
89.7000,20.00,1.1957,-144498,2.1,0.3774,7.548,1289,-0.3107,3
89.7200,20.00,1.2107,-147498,1.6,0.3613,7.227,1297,-0.3446,3
89.7400,20.00,1.1755,-140458,1.1,0.3743,7.486,1304,-0.3172,3
89.7600,20.00,1.1625,-137854,4.6,0.3854,7.709,1298,-0.2938,3
89.7800,20.00,1.1250,-130356,4.1,0.4136,8.273,1293,-0.2344,3
89.8000,20.00,1.1841,-142183,3.7,0.3861,7.721,1280,-0.2925,3
89.8200,20.00,1.1193,-129226,3.1,0.4205,8.410,1293,-0.2200,3
89.8400,20.00,1.1495,-135261,2.7,0.4123,8.245,1277,-0.2373,3
89.8600,20.00,1.1376,-132886,2.2,0.4202,8.404,1281,-0.2206,3
89.8800,20.00,1.1349,-132337,1.8,0.4259,8.518,1277,-0.2086,3
89.9000,20.00,1.1600,-137366,1.4,0.4122,8.244,1274,-0.2375,3
89.9200,20.00,1.1454,-134437,0.9,0.4186,8.371,1281,-0.2241,3
89.9400,20.00,1.1342,-132203,0.5,0.4279,8.558,1278,-0.2044,3
89.9600,20.00,1.1403,-133426,12.1,0.4275,8.549,1273,-0.2053,3
89.9800,20.00,1.2090,-147166,3.4,0.3858,7.716,1274,-0.2930,3
90.0000,20.00,1.2326,-151884,2.9,0.3548,7.096,1293,-0.3583,3
90.0200,20.00,1.2050,-146360,2.5,0.3551,7.102,1307,-0.3576,3
90.0400,20.01,1.1955,-144459,2.0,0.3562,7.125,1307,-0.3553,3
90.0600,19.99,1.1795,-141254,1.5,0.3635,7.271,1307,-0.3399,3
90.0800,20.00,1.1768,-140721,1.1,0.3657,7.313,1303,-0.3354,3
90.1000,20.00,1.1292,-131203,0.6,0.4005,8.010,1302,-0.2621,3
90.1200,20.00,1.1330,-131967,0.1,0.4077,8.154,1286,-0.2470,3
90.1400,20.00,1.1389,-133136,11.9,0.4100,8.201,1283,-0.2420,3
90.1600,20.00,1.1125,-127871,11.4,0.4314,8.629,1282,-0.1970,3
90.1800,20.00,1.1020,-125770,2.7,0.4489,8.978,1272,-0.1602,3
90.2000,20.00,1.1438,-134127,2.3,0.4297,8.594,1264,-0.2007,3
90.2200,20.00,1.1563,-136624,1.8,0.4182,8.363,1273,-0.2249,3
90.2400,20.00,1.2122,-147802,1.3,0.3794,7.589,1278,-0.3065,3
90.2600,20.00,1.1973,-144819,0.8,0.3702,7.403,1296,-0.3260,3
90.2800,20.00,1.2406,-153488,0.4,0.3412,6.824,1300,-0.3869,3
90.3000,20.00,1.2216,-149684,12.1,0.3367,6.734,1314,-0.3965,3
90.3200,20.00,1.1639,-138148,11.7,0.3659,7.317,1316,-0.3350,3
90.3400,20.00,1.1907,-143510,11.2,0.3531,7.063,1302,-0.3618,3
90.3600,20.00,1.1511,-135587,10.7,0.3767,7.535,1308,-0.3121,3
90.3800,20.00,1.1147,-128302,10.3,0.4095,8.191,1297,-0.2431,3
90.4000,20.00,1.1081,-126977,1.6,0.4256,8.512,1282,-0.2092,3
90.4200,20.00,1.1151,-128383,1.1,0.4317,8.634,1275,-0.1964,3
90.4400,20.00,1.1229,-129950,0.6,0.4331,8.661,1272,-0.1935,3
90.4600,20.00,1.1594,-137235,0.1,0.4119,8.238,1271,-0.2381,3
90.4800,20.00,1.1418,-133728,8.0,0.4184,8.369,1281,-0.2244,3
90.5000,20.00,1.1942,-144194,7.5,0.3854,7.708,1278,-0.2939,3
90.5200,20.00,1.2014,-145636,11.0,0.3673,7.347,1293,-0.3319,3
90.5400,20.00,1.2171,-148775,10.5,0.3501,7.003,1301,-0.3682,3
90.5600,20.00,1.2125,-147869,10.0,0.3433,6.867,1310,-0.3824,3
90.5800,20.00,1.1512,-135610,9.6,0.3763,7.526,1313,-0.3131,3
90.6000,20.00,1.1693,-139232,9.1,0.3713,7.425,1297,-0.3237,3
90.6200,20.00,1.1277,-130912,0.4,0.4007,8.013,1300,-0.2618,3
90.6400,20.00,1.1312,-131605,8.1,0.4073,8.146,1286,-0.2478,3
90.6600,20.00,1.1032,-126014,7.7,0.4313,8.625,1283,-0.1973,3
90.6800,20.00,1.1116,-127679,7.3,0.4376,8.751,1272,-0.1841,3
90.7000,20.00,1.1319,-131743,6.8,0.4300,8.599,1269,-0.2001,3
90.7200,20.00,1.1460,-134556,6.4,0.4216,8.433,1272,-0.2176,3
90.7400,20.00,1.1657,-138496,9.8,0.4060,8.120,1276,-0.2505,3
90.7600,20.00,1.1705,-139461,9.3,0.3960,7.920,1284,-0.2716,3
90.7800,20.00,1.1877,-142894,8.9,0.3789,7.578,1288,-0.3076,3
90.8000,20.00,1.2099,-147348,8.4,0.3578,7.155,1296,-0.3521,3
90.8200,20.00,1.2029,-145941,7.9,0.3523,7.047,1306,-0.3635,3
90.8400,20.00,1.2579,-156940,7.4,0.3203,6.407,1308,-0.4309,3
90.8600,20.00,1.1472,-134805,7.0,0.3685,7.370,1323,-0.3294,3
90.8800,20.00,1.1894,-143244,6.5,0.3500,7.000,1301,-0.3684,3
90.9000,20.00,1.0783,-121021,6.1,0.4223,8.446,1310,-0.2162,3
90.9200,20.00,1.1102,-127403,5.7,0.4231,8.462,1276,-0.2145,3
90.9400,20.00,1.1183,-129031,5.1,0.4254,8.507,1276,-0.2098,3
90.9600,20.00,1.0591,-117187,8.7,0.4661,9.323,1275,-0.1239,3
90.9800,20.00,1.1618,-137716,8.1,0.4260,8.520,1256,-0.2084,3
91.0000,20.00,1.1108,-127528,7.7,0.4487,8.975,1274,-0.1606,3
91.0200,20.00,1.2497,-155292,7.2,0.3770,7.539,1264,-0.3116,3
91.0400,20.00,1.1593,-137226,6.7,0.3910,7.820,1297,-0.2821,3
91.0600,20.00,1.2360,-152551,6.3,0.3467,6.934,1291,-0.3754,3
91.0800,20.00,1.2256,-150489,5.8,0.3346,6.693,1311,-0.4008,3
91.1000,20.00,1.1548,-136314,5.4,0.3699,7.398,1317,-0.3265,3
91.1200,20.00,1.1815,-141669,4.9,0.3581,7.163,1300,-0.3513,3
91.1400,20.00,1.1245,-130256,4.5,0.3958,7.916,1306,-0.2720,3
91.1600,20.00,1.1381,-132986,4.1,0.3979,7.958,1288,-0.2676,3
91.1800,20.00,1.1234,-130043,7.5,0.4114,8.227,1287,-0.2392,3
91.2000,20.00,1.1062,-126609,7.0,0.4291,8.583,1281,-0.2018,3
91.2200,20.00,1.1292,-131196,6.5,0.4232,8.464,1273,-0.2143,3
91.2400,20.00,1.1051,-126392,6.1,0.4418,8.837,1276,-0.1751,3
91.2600,20.00,1.1610,-137569,5.6,0.4138,8.276,1267,-0.2341,3
91.2800,20.00,1.1985,-145056,5.1,0.3818,7.635,1280,-0.3016,3
91.3000,20.00,1.1614,-137641,4.7,0.3909,7.818,1295,-0.2823,3
91.3200,20.00,1.1715,-139661,4.2,0.3838,7.675,1291,-0.2974,3
91.3400,20.01,1.1928,-143912,3.8,0.3658,7.317,1294,-0.3351,3
91.3600,19.99,1.1833,-142015,3.3,0.3647,7.294,1302,-0.3374,3
91.3800,20.00,1.1374,-132842,2.9,0.3935,7.870,1303,-0.2768,3
91.4000,20.00,1.1615,-137654,6.3,0.3844,7.687,1289,-0.2961,3
91.4200,20.00,1.1382,-133003,5.9,0.3998,7.995,1294,-0.2637,3
91.4400,20.00,1.1299,-131335,5.4,0.4096,8.192,1286,-0.2429,3
91.4600,20.00,1.1470,-134771,4.9,0.4028,8.055,1282,-0.2573,3
91.4800,20.00,1.1160,-128559,4.4,0.4232,8.465,1285,-0.2143,3
91.5000,19.99,1.1868,-142719,3.9,0.3849,7.699,1276,-0.2949,3
91.5200,20.00,1.1156,-128493,3.5,0.4210,8.419,1293,-0.2190,3
91.5400,20.00,1.1690,-139153,3.1,0.3936,7.872,1277,-0.2766,3
91.5600,19.99,1.1149,-128352,2.6,0.4239,8.479,1289,-0.2128,3
91.5800,20.00,1.0617,-117714,2.1,0.4643,9.286,1275,-0.1278,3
91.6000,20.00,1.1486,-135078,1.7,0.4332,8.664,1256,-0.1933,3
91.6200,20.00,1.2219,-149733,5.1,0.3828,7.655,1271,-0.2995,3
91.6400,20.00,1.2000,-145360,4.7,0.3660,7.321,1294,-0.3347,3
91.6600,20.00,1.1010,-125575,4.2,0.4244,8.488,1302,-0.2118,3
91.6800,20.00,1.1000,-125371,3.7,0.4400,8.800,1275,-0.1789,3
91.7000,20.00,1.1492,-135208,3.3,0.4167,8.333,1268,-0.2281,3
91.7200,20.01,1.2097,-147304,2.8,0.3753,7.505,1279,-0.3152,3
91.7400,19.99,1.1726,-139889,2.3,0.3805,7.609,1298,-0.3043,3
91.7600,20.00,1.0918,-123730,1.9,0.4327,8.654,1295,-0.1943,3
91.7800,20.00,1.0440,-114164,1.4,0.4738,9.476,1271,-0.1078,3
91.8000,20.00,1.1508,-135529,1.0,0.4363,8.725,1252,-0.1868,3
91.8200,20.00,1.2744,-160240,0.6,0.3611,7.221,1269,-0.3451,3
91.8400,20.00,1.2509,-155538,4.0,0.3314,6.628,1304,-0.4076,3
91.8600,20.00,1.1398,-133322,3.5,0.3836,7.672,1318,-0.2977,3
91.8800,20.00,1.0846,-122281,3.0,0.4296,8.593,1294,-0.2007,3
91.9000,20.00,1.0776,-120878,2.6,0.4520,9.041,1273,-0.1536,3
91.9200,20.00,1.1025,-125860,2.1,0.4500,8.999,1262,-0.1580,3
91.9400,20.00,1.0750,-120367,1.6,0.4717,9.434,1263,-0.1122,3
91.9600,19.99,1.0866,-122693,1.1,0.4783,9.566,1253,-0.0983,3
91.9800,20.00,1.0918,-123725,0.8,0.4833,9.665,1250,-0.0879,3
92.0000,20.00,1.1161,-128589,0.3,0.4760,9.520,1248,-0.1031,3
92.0200,20.00,1.1374,-132838,12.0,0.4630,9.261,1251,-0.1304,3
92.0400,20.00,1.0817,-121701,11.5,0.4872,9.745,1257,-0.0795,3
92.0600,20.00,1.0998,-125331,2.8,0.4864,9.727,1246,-0.0813,3
92.0800,20.00,1.0979,-124945,2.4,0.4899,9.797,1246,-0.0740,3
92.1000,20.00,1.0529,-115944,1.9,0.5149,10.297,1245,-0.0213,3
92.1200,20.00,1.0669,-118741,1.4,0.5168,10.336,1233,-0.0172,3
92.1400,20.00,1.0824,-121840,0.9,0.5146,10.293,1232,-0.0218,3
92.1600,20.00,1.0703,-119431,0.5,0.5231,10.461,1233,-0.0041,3
92.1800,20.00,1.0748,-120319,12.3,0.5256,10.512,1229,0.0013,3
92.2000,20.00,1.0850,-122367,11.8,0.5232,10.465,1228,-0.0037,3
92.2200,20.00,1.0708,-119527,11.3,0.5327,10.655,1229,0.0163,3
92.2400,20.00,1.0648,-118331,10.8,0.5405,10.811,1225,0.0327,3
92.2600,20.00,1.1292,-131202,10.3,0.5083,10.165,1221,-0.0352,3
92.2800,20.00,1.0816,-121680,1.7,0.5282,10.564,1236,0.0068,3
92.3000,20.00,1.0762,-120610,1.2,0.5348,10.695,1227,0.0206,3
92.3200,20.00,1.1253,-130430,0.7,0.5096,10.192,1224,-0.0324,3
92.3400,20.00,1.1432,-133998,0.2,0.4917,9.833,1236,-0.0702,3
92.3600,20.00,1.1231,-129981,8.1,0.4949,9.898,1244,-0.0634,3
92.3800,20.00,1.0174,-108844,7.6,0.5493,10.986,1242,0.0512,3
92.4000,20.00,0.9652,-98408,11.1,0.5936,11.873,1217,0.1445,3
92.4200,19.99,1.0765,-120675,10.6,0.5647,11.295,1197,0.0836,3
92.4400,20.00,1.1626,-137878,10.1,0.5143,10.287,1210,-0.0225,3
92.4600,20.00,1.0799,-121341,9.6,0.5441,10.881,1233,0.0401,3
92.4800,20.00,0.9635,-98073,1.0,0.5999,11.997,1220,0.1576,3
92.5000,20.00,1.0736,-120082,0.5,0.5780,11.559,1194,0.1115,3
92.5200,20.00,1.1345,-132258,0.0,0.5432,10.865,1204,0.0384,3
92.5400,20.00,1.1184,-129050,7.8,0.5398,10.795,1220,0.0311,3
92.5600,20.00,1.1068,-126734,7.4,0.5387,10.774,1221,0.0289,3
92.5800,20.00,1.1306,-131484,6.9,0.5225,10.451,1222,-0.0052,3
92.6000,20.00,1.1358,-132520,6.5,0.5119,10.239,1230,-0.0275,3
92.6200,20.00,1.1061,-126583,9.9,0.5201,10.403,1234,-0.0102,3
92.6400,20.00,1.0268,-110723,9.4,0.5563,11.126,1231,0.0659,3
92.6600,20.00,1.0019,-105747,9.0,0.5914,11.827,1214,0.1397,3
92.6800,20.00,0.9683,-99040,8.5,0.6188,12.376,1198,0.1974,3
92.7000,20.00,1.0506,-115493,8.0,0.6107,12.215,1185,0.1805,3
92.7200,20.00,1.0932,-124015,7.6,0.5962,11.924,1189,0.1499,3
92.7400,20.00,1.0750,-120369,7.1,0.5989,11.978,1195,0.1556,3
92.7600,20.00,0.9370,-92778,6.7,0.6326,12.651,1194,0.2265,3
92.7800,20.00,1.0007,-105508,6.2,0.6413,12.825,1179,0.2448,3
92.8000,20.00,1.1096,-127288,5.8,0.6130,12.260,1174,0.1853,3
92.8200,20.00,1.2362,-152600,9.2,0.5311,10.622,1188,0.0129,3
92.8400,20.00,1.2235,-150063,8.8,0.5075,10.150,1226,-0.0368,3
92.8600,20.00,1.1520,-135757,8.3,0.5107,10.213,1237,-0.0302,3
92.8800,20.00,1.1302,-131411,7.8,0.5102,10.204,1235,-0.0311,3
92.9000,20.00,1.0970,-124775,7.3,0.5204,10.408,1235,-0.0097,3
92.9200,20.00,1.1067,-126712,6.9,0.5225,10.450,1230,-0.0053,3
92.9400,20.00,1.0819,-121742,6.4,0.5362,10.724,1230,0.0235,3
92.9600,20.00,1.0017,-105704,6.0,0.5823,11.646,1223,0.1206,3
92.9800,20.00,0.9495,-95270,5.5,0.6196,12.391,1202,0.1991,3
93.0000,20.00,0.9776,-100900,5.1,0.6425,12.850,1185,0.2474,3
93.0200,20.01,1.1035,-126074,4.6,0.6227,12.455,1174,0.2057,3
93.0400,20.00,1.0638,-118134,8.0,0.6239,12.478,1183,0.2082,3
93.0600,20.00,1.0028,-105924,7.6,0.6427,12.854,1182,0.2478,3
93.0800,20.00,1.0214,-109651,7.1,0.6488,12.977,1174,0.2607,3
93.1000,20.00,1.1681,-138983,6.6,0.6059,12.119,1171,0.1704,3
93.1200,20.00,1.2412,-153602,6.1,0.5497,10.994,1191,0.0520,3
93.1400,20.00,1.2175,-148851,5.7,0.5266,10.532,1217,0.0034,3
93.1600,20.00,1.1370,-132769,5.2,0.5247,10.494,1228,-0.0006,3
93.1800,20.00,1.1042,-126209,4.8,0.5314,10.628,1229,0.0135,3
93.2000,20.00,1.1468,-134715,4.4,0.5261,10.523,1225,0.0024,3
93.2200,20.00,1.1894,-143244,3.9,0.5156,10.312,1228,-0.0198,3
93.2400,20.00,1.1186,-129088,3.5,0.5197,10.395,1233,-0.0111,3
93.2600,20.00,1.0449,-114347,6.9,0.5493,10.987,1231,0.0512,3
93.2800,20.00,0.9974,-104853,6.4,0.5893,11.786,1217,0.1353,3
93.3000,20.00,0.9394,-93248,6.0,0.6302,12.604,1198,0.2214,3
93.3200,20.00,0.9723,-99829,5.5,0.6586,13.173,1180,0.2813,3
93.3400,20.00,1.0193,-109240,5.0,0.6661,13.322,1166,0.2971,3
93.3600,20.00,1.0799,-121352,4.5,0.6589,13.178,1163,0.2819,3
93.3800,20.00,1.0565,-116676,4.0,0.6592,13.183,1166,0.2825,3
93.4000,20.00,1.0586,-117093,3.6,0.6603,13.207,1166,0.2849,3
93.4200,20.00,1.1293,-131222,3.1,0.6441,12.882,1166,0.2507,3
93.4400,20.00,1.2126,-147883,2.7,0.6010,12.020,1173,0.1600,3
93.4600,20.00,1.2313,-151611,2.3,0.5630,11.260,1193,0.0800,3
93.4800,20.00,1.2149,-148347,5.7,0.5447,10.893,1211,0.0414,3
93.5000,20.00,1.2403,-153421,5.2,0.5200,10.400,1219,-0.0105,3
93.5200,20.00,1.2019,-145748,4.8,0.5146,10.293,1231,-0.0218,3
93.5400,20.00,1.1250,-130366,4.3,0.5272,10.545,1233,0.0047,3
93.5600,20.00,1.0455,-114464,3.8,0.5566,11.131,1227,0.0664,3
93.5826,22.63,1.0381,-112993,6.0,0.5812,11.623,1214,0.1183,3
93.6000,17.37,1.0639,-118155,2.9,0.5914,11.828,1202,0.1398,3
93.6200,20.00,1.0497,-115300,2.5,0.6061,12.121,1198,0.1706,3
93.6400,20.00,1.0147,-108313,2.0,0.6345,12.691,1191,0.2306,3
93.6600,20.00,0.9718,-99732,1.5,0.6662,13.324,1178,0.2973,3
93.6800,20.00,1.0207,-109517,1.1,0.6787,13.574,1163,0.3236,3
93.7000,20.00,1.0478,-114925,4.6,0.6831,13.662,1157,0.3328,3
93.7200,20.00,1.0770,-120766,4.1,0.6819,13.637,1155,0.3302,3
93.7400,20.00,1.1653,-138418,3.6,0.6532,13.064,1156,0.2699,3
93.7600,20.00,1.1759,-140542,3.1,0.6355,12.709,1169,0.2325,3
93.7800,20.00,1.2547,-156304,2.6,0.5907,11.815,1177,0.1384,3
93.8000,20.00,1.2450,-154364,2.1,0.5630,11.260,1198,0.0800,3
93.8200,20.00,1.1471,-134785,1.7,0.5699,11.397,1211,0.0944,3
93.8400,20.00,1.0937,-124100,1.3,0.5843,11.687,1208,0.1249,3
93.8600,19.99,1.1228,-129927,0.8,0.5906,11.812,1201,0.1381,3
93.8800,20.00,1.1354,-132441,0.4,0.5926,11.852,1198,0.1423,3
93.9000,20.00,1.1234,-130039,12.1,0.5958,11.916,1197,0.1490,3
93.9200,20.00,1.1060,-126568,3.4,0.6005,12.010,1195,0.1590,3
93.9400,20.00,1.0395,-113260,2.9,0.6174,12.347,1193,0.1944,3
93.9600,20.00,1.0382,-113014,2.4,0.6347,12.694,1185,0.2309,3
93.9800,20.00,1.0598,-117321,1.9,0.6488,12.976,1178,0.2606,3
94.0000,20.00,1.0978,-124918,1.5,0.6539,13.077,1171,0.2713,3
94.0200,20.00,1.1027,-125909,1.0,0.6543,13.085,1169,0.2722,3
94.0400,20.00,1.1213,-129633,0.6,0.6506,13.012,1168,0.2644,3
94.0600,20.00,1.1589,-137153,0.1,0.6410,12.820,1170,0.2443,3
94.0800,20.00,1.1811,-141586,11.9,0.6253,12.506,1175,0.2112,3
94.1000,20.00,1.1870,-142758,11.4,0.6116,12.233,1182,0.1824,3
94.1200,20.00,1.1493,-135225,10.9,0.6119,12.238,1188,0.1829,3
94.1400,20.00,1.1703,-139421,2.2,0.6060,12.121,1188,0.1706,3
94.1600,20.00,1.1520,-135767,1.8,0.6047,12.094,1191,0.1678,3
94.1800,20.00,1.1546,-136285,1.3,0.6029,12.058,1192,0.1640,3
94.2000,20.00,1.1583,-137028,0.8,0.6006,12.011,1192,0.1591,3
94.2200,20.00,1.1118,-127724,0.3,0.6057,12.115,1193,0.1700,3
94.2400,20.00,1.1258,-130525,8.1,0.6109,12.218,1191,0.1809,3
94.2600,20.00,1.1064,-126643,11.6,0.6163,12.325,1188,0.1921,3
94.2800,20.00,1.1036,-126096,11.1,0.6224,12.447,1186,0.2050,3
94.3000,20.00,1.0776,-120889,10.7,0.6325,12.649,1183,0.2262,3
94.3200,20.00,1.0972,-124805,10.2,0.6392,12.785,1179,0.2405,3
94.3400,20.00,1.1097,-127307,9.7,0.6430,12.860,1176,0.2484,3
94.3600,20.00,1.0836,-122097,1.1,0.6498,12.997,1174,0.2628,3
94.3800,20.00,1.0988,-125131,0.6,0.6542,13.084,1170,0.2720,3
94.4000,20.00,1.1776,-140875,0.1,0.6445,12.890,1169,0.2515,3
94.4200,20.00,1.1933,-144029,7.9,0.6289,12.578,1173,0.2188,3
94.4400,20.00,1.1574,-136848,7.5,0.6292,12.585,1180,0.2195,3
94.4600,20.00,1.1143,-128232,7.0,0.6315,12.630,1180,0.2243,3
94.4800,20.00,1.0678,-118929,10.5,0.6410,12.819,1179,0.2441,3
94.5000,20.00,1.0917,-123700,10.0,0.6486,12.972,1175,0.2602,3
94.5200,20.00,1.1436,-134089,9.6,0.6521,13.042,1171,0.2676,3
94.5400,20.00,1.1669,-138738,8.9,0.6437,12.875,1169,0.2500,3
94.5600,20.00,1.1174,-128847,8.6,0.6457,12.914,1173,0.2541,3
94.5800,20.00,1.0620,-117759,8.1,0.6542,13.084,1172,0.2720,3
94.6000,20.00,1.0808,-121533,7.7,0.6625,13.250,1169,0.2895,3
94.6200,20.00,1.1085,-127073,7.2,0.6677,13.354,1165,0.3004,3
94.6400,20.00,1.1359,-132545,6.8,0.6685,13.369,1162,0.3020,3
94.6600,20.00,1.1192,-129210,6.3,0.6690,13.379,1162,0.3031,3
94.6800,20.00,1.1087,-127110,5.8,0.6701,13.402,1162,0.3055,3
94.7000,20.00,1.1171,-128777,9.3,0.6719,13.438,1161,0.3092,3
94.7200,20.00,1.0982,-125001,8.9,0.6739,13.478,1160,0.3135,3
94.7400,19.99,1.1207,-129504,8.4,0.6765,13.531,1159,0.3190,3
94.7600,20.00,1.1510,-135554,7.9,0.6709,13.419,1158,0.3072,3
94.7800,20.00,1.1319,-131737,7.4,0.6712,13.423,1161,0.3077,3
94.8000,20.00,1.1409,-133541,7.0,0.6689,13.379,1161,0.3030,3
94.8200,20.00,1.1625,-137861,6.5,0.6609,13.218,1162,0.2861,3
94.8400,20.00,1.1434,-134051,6.1,0.6616,13.232,1165,0.2875,3
94.8600,20.00,1.0999,-125356,5.6,0.6652,13.303,1165,0.2951,3
94.8800,20.00,1.1312,-131599,5.1,0.6691,13.383,1163,0.3035,3
94.9000,20.00,1.1513,-135630,4.7,0.6653,13.307,1162,0.2954,3
94.9200,20.00,1.1717,-139700,8.1,0.6563,13.126,1163,0.2765,3
94.9400,19.99,1.1312,-131603,7.7,0.6615,13.230,1167,0.2874,3
94.9600,20.00,1.0981,-124980,7.2,0.6658,13.317,1165,0.2965,3
94.9800,20.00,1.0727,-119899,6.7,0.6736,13.472,1163,0.3128,3
95.0000,20.00,1.1381,-132983,6.2,0.6782,13.564,1159,0.3226,3
95.0200,20.00,1.2050,-146354,5.8,0.6576,13.152,1157,0.2792,3
95.0400,20.00,1.2082,-147003,5.3,0.6440,12.879,1167,0.2505,3
95.0600,20.00,1.1256,-130489,4.9,0.6541,13.082,1173,0.2718,3
95.0800,20.00,1.1113,-127621,4.5,0.6611,13.222,1169,0.2866,3
95.1000,20.00,1.0940,-124175,4.0,0.6680,13.360,1165,0.3010,3
95.1200,20.01,1.0974,-124850,3.5,0.6756,13.511,1162,0.3170,3
95.1400,20.00,1.1513,-135620,7.0,0.6752,13.503,1159,0.3161,3
95.1600,20.00,1.2147,-148303,6.5,0.6541,13.082,1159,0.2718,3
95.1800,20.00,1.1638,-138122,6.0,0.6551,13.102,1169,0.2738,3
95.2000,20.00,1.1549,-136349,5.6,0.6560,13.120,1168,0.2758,3
95.2200,20.00,1.2243,-150217,5.1,0.6351,12.702,1168,0.2318,3
95.2400,20.00,1.2568,-156727,4.6,0.6095,12.191,1177,0.1779,3
95.2600,20.00,1.1776,-140889,4.1,0.6170,12.340,1189,0.1937,3
95.2800,20.00,1.1461,-134587,3.8,0.6264,12.528,1186,0.2135,3
95.3000,20.00,1.1788,-141120,3.3,0.6240,12.480,1181,0.2084,3
95.3200,20.00,1.2217,-149694,2.8,0.6071,12.141,1182,0.1728,3
95.3400,20.00,1.2220,-149762,2.4,0.5936,11.871,1190,0.1443,3
95.3600,20.00,1.1918,-143728,5.8,0.5960,11.921,1197,0.1496,3
95.3800,20.00,1.2065,-146659,5.3,0.5898,11.795,1195,0.1364,3
95.4000,20.00,1.2265,-150661,4.9,0.5753,11.505,1198,0.1058,3
95.4200,20.00,1.2209,-149533,4.4,0.5678,11.356,1205,0.0901,3
95.4400,20.00,1.1794,-141247,3.9,0.5771,11.542,1208,0.1097,3
95.4600,20.00,1.1901,-143377,3.4,0.5787,11.574,1204,0.1130,3
95.4800,20.00,1.1626,-137884,3.0,0.5847,11.695,1204,0.1258,3
95.5000,20.00,1.1944,-144248,2.6,0.5828,11.656,1201,0.1217,3
95.5200,20.00,1.1551,-136388,2.1,0.5885,11.769,1201,0.1336,3
95.5400,20.00,1.1222,-129809,1.7,0.6009,12.019,1199,0.1599,3
95.5600,20.00,1.1581,-136981,5.1,0.6046,12.092,1193,0.1675,3
95.5800,20.00,1.2221,-149786,4.7,0.5859,11.718,1192,0.1282,3
95.6000,20.00,1.2277,-150896,4.1,0.5702,11.405,1200,0.0952,3
95.6200,19.99,1.1896,-143291,3.7,0.5741,11.481,1208,0.1033,3
95.6400,20.00,1.2175,-148869,3.2,0.5620,11.240,1206,0.0779,3
95.6600,20.00,1.2046,-146286,2.7,0.5591,11.182,1211,0.0717,3
95.6800,20.00,1.2267,-150694,2.3,0.5448,10.897,1213,0.0418,3
95.7000,20.00,1.2579,-156940,1.8,0.5179,10.357,1219,-0.0150,3
95.7200,20.00,1.2288,-151124,1.4,0.5129,10.259,1232,-0.0254,3
95.7400,20.00,1.1373,-132819,0.9,0.5401,10.802,1234,0.0318,3
95.7600,20.00,1.1260,-130561,0.5,0.5605,11.211,1221,0.0748,3
95.7800,20.00,1.1993,-145217,4.0,0.5559,11.119,1212,0.0651,3
95.8000,20.00,1.2001,-145389,3.5,0.5507,11.014,1214,0.0541,3
95.8200,20.00,1.1740,-140168,3.0,0.5547,11.094,1217,0.0625,3
95.8400,20.00,1.1521,-135787,2.5,0.5620,11.241,1215,0.0780,3
95.8600,20.00,1.2473,-154820,2.0,0.5325,10.651,1211,0.0159,3
95.8800,19.99,1.2669,-158742,1.6,0.5026,10.053,1225,-0.0471,3
95.9000,20.00,1.2219,-149732,1.1,0.5036,10.071,1239,-0.0451,3
95.9200,20.00,1.1650,-138368,0.7,0.5214,10.427,1238,-0.0077,3
95.9400,20.00,1.2016,-145684,0.2,0.5172,10.343,1230,-0.0165,3
95.9600,20.00,1.2272,-150794,12.0,0.5054,10.108,1232,-0.0413,3
95.9800,20.00,1.2604,-157433,11.5,0.4836,9.671,1237,-0.0872,3
96.0000,20.00,1.1815,-141669,2.8,0.5007,10.014,1248,-0.0511,3
96.0200,20.00,1.1481,-134987,2.4,0.5194,10.388,1240,-0.0117,3
96.0400,20.00,1.1776,-140882,1.8,0.5190,10.380,1231,-0.0126,3
96.0600,20.00,1.1645,-138273,1.4,0.5238,10.476,1231,-0.0026,3
96.0800,20.00,1.1982,-145009,0.9,0.5162,10.325,1229,-0.0185,3
96.1000,20.00,1.2038,-146118,0.4,0.5106,10.213,1233,-0.0302,3
96.1200,20.00,1.2187,-149092,12.2,0.5014,10.029,1235,-0.0496,3
96.1400,20.00,1.2326,-151888,11.7,0.4891,9.781,1239,-0.0756,3
96.1600,20.00,1.2172,-148800,11.3,0.4872,9.743,1245,-0.0797,3
96.1800,20.00,1.1863,-142622,10.8,0.4953,9.906,1246,-0.0625,3
96.2000,20.00,1.1940,-144163,10.3,0.4955,9.910,1242,-0.0621,3
96.2200,20.00,1.2121,-147774,1.6,0.4886,9.772,1242,-0.0767,3
96.2400,20.00,1.2206,-149488,1.1,0.4815,9.631,1245,-0.0915,3
96.2600,20.00,1.2097,-147298,0.7,0.4809,9.618,1249,-0.0928,3
96.2800,20.00,1.2038,-146127,0.2,0.4813,9.625,1249,-0.0921,3
96.3000,20.00,1.2053,-146415,8.0,0.4799,9.598,1249,-0.0950,3
96.3200,20.00,1.1905,-143463,7.6,0.4837,9.674,1249,-0.0870,3
96.3400,20.00,1.1838,-142123,11.0,0.4872,9.744,1248,-0.0796,3
96.3600,20.00,1.2507,-155507,10.6,0.4569,9.139,1246,-0.1433,3
96.3800,20.00,1.2681,-158980,10.1,0.4303,8.607,1260,-0.1993,3
96.4000,20.00,1.2059,-146532,9.6,0.4444,8.888,1272,-0.1697,3
96.4200,20.00,1.2041,-146171,9.1,0.4510,9.021,1266,-0.1557,3
96.4400,20.00,1.2062,-146594,0.5,0.4525,9.051,1263,-0.1526,3
96.4600,20.00,1.2111,-147580,8.2,0.4490,8.980,1262,-0.1600,3
96.4800,20.00,1.2204,-149438,7.8,0.4408,8.817,1264,-0.1772,3
96.5000,20.00,1.2469,-154735,7.3,0.4203,8.407,1267,-0.2204,3
96.5200,20.00,1.2086,-147074,6.9,0.4299,8.597,1277,-0.2003,3
96.5400,20.00,1.1820,-141757,6.4,0.4450,8.899,1272,-0.1685,3
96.5600,20.00,1.1863,-142624,9.9,0.4517,9.034,1266,-0.1543,3
96.5800,20.00,1.2314,-151643,9.4,0.4282,8.564,1263,-0.2038,3
96.6000,20.00,1.2004,-145445,8.9,0.4349,8.698,1273,-0.1897,3
96.6200,20.00,1.2127,-147897,8.5,0.4288,8.576,1270,-0.2025,3
96.6400,20.00,1.2120,-147760,8.0,0.4251,8.502,1273,-0.2103,3
96.6600,20.00,1.2016,-145672,7.5,0.4277,8.554,1275,-0.2049,3
96.6800,20.00,1.1730,-139954,7.0,0.4443,8.886,1274,-0.1699,3
96.7000,20.00,1.1899,-143338,6.6,0.4428,8.856,1266,-0.1731,3
96.7200,20.00,1.1966,-144678,6.1,0.4381,8.762,1266,-0.1830,3
96.7400,20.00,1.1956,-144476,5.7,0.4361,8.722,1269,-0.1871,3
96.7600,20.00,1.2562,-156590,5.3,0.3992,7.985,1270,-0.2648,3
96.7800,20.00,1.2543,-156209,8.7,0.3792,7.585,1287,-0.3069,3
96.8000,20.00,1.2365,-152652,8.3,0.3753,7.506,1296,-0.3151,3
96.8200,20.00,1.1913,-143626,7.8,0.3979,7.959,1298,-0.2675,3
96.8400,20.00,1.2083,-147018,7.3,0.3947,7.894,1287,-0.2743,3
96.8600,20.00,1.1294,-131245,6.8,0.4425,8.850,1289,-0.1737,3
96.8800,20.00,1.1822,-141797,6.3,0.4333,8.665,1267,-0.1931,3
96.9000,20.00,1.1500,-135371,5.9,0.4511,9.021,1271,-0.1557,3
96.9200,20.00,1.1930,-143961,5.4,0.4350,8.701,1263,-0.1894,3
96.9400,20.00,1.1675,-138858,5.0,0.4442,8.883,1270,-0.1702,3
96.9600,20.00,1.2003,-145421,4.5,0.4278,8.555,1266,-0.2047,3
96.9800,20.00,1.1906,-143479,4.1,0.4253,8.506,1273,-0.2099,3
97.0000,20.00,1.1502,-135408,7.6,0.4479,8.959,1275,-0.1622,3
97.0200,20.00,1.1603,-137428,7.1,0.4526,9.052,1264,-0.1524,3
97.0400,20.00,1.2057,-146509,6.6,0.4278,8.556,1262,-0.2046,3
97.0600,20.00,1.2094,-147232,6.1,0.4128,8.255,1273,-0.2363,3
97.0800,20.00,1.2309,-151539,5.6,0.3901,7.801,1280,-0.2841,3
97.1000,20.00,1.2018,-145728,5.1,0.3940,7.879,1291,-0.2759,3
97.1200,20.00,1.2217,-149695,4.7,0.3796,7.592,1289,-0.3061,3
97.1400,20.00,1.2070,-146753,4.3,0.3794,7.588,1296,-0.3065,3
97.1600,20.00,1.1888,-143113,3.8,0.3897,7.795,1296,-0.2848,3
97.1800,20.00,1.1386,-133089,3.4,0.4283,8.566,1291,-0.2036,3
97.2000,20.00,1.1526,-135887,2.9,0.4337,8.674,1273,-0.1923,3
97.2200,20.00,1.1586,-137093,6.4,0.4357,8.714,1271,-0.1880,3
97.2400,20.00,1.1733,-140024,5.9,0.4298,8.595,1270,-0.2005,3
97.2600,20.00,1.1712,-139607,5.4,0.4290,8.580,1272,-0.2021,3
97.2800,20.00,1.1974,-144849,4.9,0.4120,8.240,1273,-0.2379,3
97.3000,20.00,1.1756,-140477,4.5,0.4168,8.336,1281,-0.2277,3
97.3200,20.00,1.2142,-148207,4.0,0.3951,7.902,1279,-0.2734,3
97.3400,20.00,1.2045,-146263,3.6,0.3893,7.785,1289,-0.2858,3
97.3600,20.00,1.1809,-141538,3.1,0.3978,7.955,1291,-0.2679,3
97.3800,20.01,1.1746,-140278,2.7,0.4040,8.080,1287,-0.2548,3
97.4000,19.99,1.1707,-139508,2.1,0.4089,8.178,1285,-0.2444,3
97.4200,20.00,1.1964,-144633,1.7,0.3968,7.936,1282,-0.2699,3
97.4400,20.00,1.1631,-137987,1.3,0.4101,8.201,1288,-0.2420,3
97.4600,20.00,1.1481,-134974,4.7,0.4253,8.507,1282,-0.2098,3
97.4800,20.00,1.1556,-136485,4.3,0.4275,8.549,1275,-0.2054,3
97.5000,20.00,1.1676,-138877,3.8,0.4237,8.473,1274,-0.2133,3
97.5200,20.00,1.1962,-144603,3.3,0.4059,8.117,1275,-0.2508,3
97.5400,20.00,1.1599,-137336,2.8,0.4184,8.368,1284,-0.2244,3
97.5600,20.01,1.1242,-130202,2.4,0.4477,8.953,1278,-0.1628,3
97.5800,19.99,1.1222,-129805,1.9,0.4604,9.207,1264,-0.1361,3
97.6000,20.01,1.0913,-123633,1.5,0.4864,9.728,1258,-0.0812,3
97.6200,19.99,1.1210,-129557,1.0,0.4780,9.561,1246,-0.0989,3
97.6400,20.00,1.1447,-134306,0.6,0.4664,9.328,1250,-0.1234,3
97.6600,20.00,1.1517,-135695,0.1,0.4603,9.207,1256,-0.1361,3
97.6800,20.00,1.1239,-130153,3.5,0.4756,9.511,1258,-0.1041,3
97.7000,20.00,1.1773,-140813,3.1,0.4485,8.970,1251,-0.1611,3
97.7200,20.00,1.2090,-147157,2.6,0.4207,8.414,1264,-0.2196,3
97.7400,20.00,1.1765,-140670,2.1,0.4225,8.450,1277,-0.2157,3
97.7600,20.00,1.0882,-123012,1.7,0.4795,9.589,1276,-0.0959,3
97.7800,20.00,1.0751,-120396,1.2,0.5000,9.999,1250,-0.0527,3
97.8000,20.00,1.1159,-128544,0.8,0.4897,9.793,1240,-0.0744,3
97.8200,20.00,1.1612,-137610,0.3,0.4660,9.320,1245,-0.1242,3
97.8400,20.00,1.1610,-137565,12.0,0.4589,9.178,1256,-0.1392,3
97.8600,20.00,1.0743,-120226,11.6,0.5019,10.039,1259,-0.0485,3
97.8800,20.00,1.0130,-107970,11.1,0.5385,10.771,1239,0.0285,3
97.9000,20.00,1.1326,-131887,2.4,0.5103,10.207,1222,-0.0309,3
97.9200,20.00,1.1353,-132417,1.9,0.5048,10.097,1235,-0.0425,3
97.9400,20.00,1.0758,-120524,1.5,0.5248,10.497,1238,-0.0004,3
97.9600,20.00,1.1169,-128738,1.0,0.5165,10.330,1228,-0.0179,3
97.9800,20.00,1.1646,-138284,0.5,0.4946,9.891,1232,-0.0641,3
98.0000,20.00,1.1250,-130373,0.0,0.5010,10.020,1243,-0.0506,3
98.0200,20.00,1.0996,-125280,11.8,0.5112,10.225,1240,-0.0290,3
98.0400,20.00,1.0724,-119855,11.3,0.5265,10.529,1235,0.0031,3
98.0600,20.00,1.0404,-113452,10.9,0.5524,11.049,1228,0.0578,3
98.0800,20.00,1.0543,-116237,10.4,0.5660,11.320,1216,0.0863,3
98.1000,20.00,1.0868,-122726,9.9,0.5618,11.236,1209,0.0774,3
98.1200,20.00,1.0540,-116168,1.3,0.5799,11.598,1211,0.1156,3
98.1400,20.00,1.0835,-122060,0.7,0.5759,11.517,1203,0.1071,3
98.1600,20.00,1.1839,-142141,0.3,0.5284,10.567,1205,0.0071,3
98.1800,20.00,1.1874,-142835,8.1,0.5038,10.077,1227,-0.0446,3
98.2000,20.00,1.1568,-136720,7.7,0.5007,10.015,1238,-0.0511,3
98.2200,20.00,1.0915,-123674,7.2,0.5155,10.310,1240,-0.0200,3
98.2400,20.00,1.1517,-135709,10.6,0.5034,10.069,1233,-0.0454,3
98.2600,20.00,1.0842,-122198,10.2,0.5190,10.380,1238,-0.0126,3
98.2800,20.00,1.0515,-115661,9.7,0.5431,10.861,1231,0.0381,3
98.3000,20.00,1.0389,-113156,9.2,0.5690,11.380,1220,0.0926,3
98.3200,20.00,1.0281,-110999,8.7,0.5918,11.835,1208,0.1405,3
98.3400,20.01,1.0017,-105715,0.1,0.6154,12.309,1197,0.1904,3
98.3600,19.99,1.0320,-111777,7.8,0.6214,12.428,1186,0.2030,3
98.3800,20.00,1.0777,-120915,7.4,0.6157,12.313,1184,0.1909,3
98.4000,20.00,1.1126,-127876,6.9,0.6050,12.099,1186,0.1684,3
98.4200,20.00,1.1057,-126501,6.5,0.5973,11.946,1191,0.1522,3
98.4400,20.00,1.1079,-126938,6.1,0.5885,11.770,1195,0.1337,3
98.4600,20.00,1.1646,-138287,9.5,0.5590,11.180,1199,0.0716,3
98.4800,20.00,1.1743,-140221,9.0,0.5353,10.707,1213,0.0218,3
98.5000,20.00,1.1886,-143075,8.5,0.5152,10.305,1224,-0.0205,3
98.5200,20.00,1.0729,-119955,8.0,0.5342,10.683,1233,0.0193,3
98.5400,20.00,0.9601,-97403,7.6,0.5906,11.812,1224,0.1381,3
98.5600,20.00,0.9934,-104054,7.1,0.6207,12.413,1198,0.2014,3
98.5800,20.00,1.0557,-116515,6.7,0.6229,12.459,1184,0.2062,3
98.6000,20.00,1.0831,-121979,6.2,0.6201,12.403,1183,0.2003,3
98.6200,20.00,1.0639,-118146,5.8,0.6226,12.453,1184,0.2055,3
98.6400,20.00,1.0745,-120260,5.3,0.6233,12.465,1183,0.2069,3
98.6600,20.00,1.0406,-113497,4.9,0.6329,12.658,1183,0.2272,3
98.6800,20.00,1.0728,-119931,8.3,0.6328,12.655,1178,0.2269,3
98.7000,20.00,1.1081,-126990,7.9,0.6258,12.516,1178,0.2123,3
98.7200,20.00,1.1472,-134809,7.3,0.6063,12.125,1182,0.1711,3
98.7400,20.00,1.1292,-131197,6.9,0.5953,11.907,1191,0.1481,3
98.7600,20.00,1.0921,-123784,6.4,0.5955,11.910,1196,0.1485,3
98.7800,20.00,1.1106,-127492,6.0,0.5941,11.882,1196,0.1454,3
98.8000,20.00,1.1653,-138415,5.5,0.5764,11.529,1196,0.1083,3
98.8200,19.99,1.1519,-135741,5.1,0.5640,11.279,1205,0.0820,3
98.8400,20.00,1.0342,-112207,4.6,0.5898,11.797,1210,0.1365,3
98.8600,20.00,1.0009,-105561,4.1,0.6222,12.443,1198,0.2045,3
98.8800,20.00,0.9844,-102262,3.7,0.6543,13.085,1183,0.2721,3
98.9000,20.00,0.9628,-97928,7.1,0.6785,13.570,1168,0.3231,3
98.9200,20.00,1.0136,-108099,6.7,0.6887,13.773,1157,0.3446,3
98.9400,20.00,1.0683,-119029,6.2,0.6857,13.714,1153,0.3383,3
98.9600,20.00,1.0962,-124616,5.7,0.6771,13.541,1154,0.3201,3
98.9800,20.00,1.0605,-117475,5.3,0.6791,13.582,1158,0.3244,3
99.0000,20.00,1.0732,-120009,4.8,0.6788,13.576,1157,0.3238,3
99.0200,20.00,1.1115,-127658,4.4,0.6697,13.394,1157,0.3046,3
99.0400,20.00,1.0974,-124850,3.9,0.6670,13.340,1161,0.2989,3
99.0600,20.00,1.1345,-132263,3.4,0.6550,13.100,1163,0.2737,3
99.0800,20.01,1.1215,-129662,3.0,0.6483,12.967,1168,0.2597,3
99.1000,20.00,1.0800,-121376,2.5,0.6504,13.009,1171,0.2641,3
99.1200,20.00,1.0511,-115588,6.0,0.6608,13.217,1170,0.2860,3
99.1400,20.00,1.0278,-110925,5.5,0.6761,13.522,1165,0.3181,3
99.1600,20.00,1.0563,-116620,5.0,0.6840,13.680,1158,0.3348,3
99.1800,20.00,1.0514,-115647,4.6,0.6909,13.817,1155,0.3492,3
99.2000,20.00,1.0352,-112409,4.1,0.6996,13.993,1151,0.3677,3
99.2200,20.00,1.0877,-122905,3.6,0.6984,13.967,1147,0.3650,3
99.2400,20.00,1.1028,-125919,3.1,0.6932,13.865,1148,0.3542,3
99.2600,20.00,1.1290,-131156,2.8,0.6843,13.687,1150,0.3355,3
99.2800,20.00,1.1055,-126474,2.3,0.6828,13.656,1154,0.3322,3
99.3000,20.00,1.1694,-139244,1.8,0.6664,13.329,1155,0.2978,3
99.3200,20.00,1.1704,-139439,1.4,0.6563,13.127,1163,0.2765,3
99.3400,20.00,1.1390,-133163,4.8,0.6567,13.134,1167,0.2772,3
99.3600,20.00,1.1348,-132319,4.3,0.6560,13.120,1167,0.2758,3
99.3800,20.00,1.0710,-119568,3.9,0.6606,13.212,1168,0.2855,3
99.4000,20.00,1.0784,-121046,3.4,0.6678,13.357,1166,0.3007,3
99.4200,20.00,1.0964,-124654,2.9,0.6732,13.464,1162,0.3120,3
99.4400,20.00,1.1225,-129874,2.5,0.6763,13.525,1160,0.3185,3
99.4600,20.00,1.1321,-131784,2.0,0.6748,13.496,1158,0.3154,3
99.4800,20.00,1.1096,-127282,1.6,0.6758,13.515,1159,0.3174,3
99.5000,20.00,1.0467,-114711,1.1,0.6834,13.668,1158,0.3335,3
99.5200,20.00,1.0614,-117649,0.7,0.6919,13.838,1155,0.3514,3
99.5400,20.01,1.1168,-128722,0.2,0.6932,13.865,1151,0.3542,3
99.5600,20.00,1.1404,-133435,3.6,0.6884,13.768,1150,0.3440,3
99.5800,20.00,1.1552,-136409,3.2,0.6808,13.616,1153,0.3279,3
99.6000,20.00,1.1032,-126008,2.7,0.6850,13.700,1156,0.3369,3
99.6200,20.00,1.0803,-121427,2.2,0.6904,13.807,1154,0.3481,3
99.6400,20.01,1.0924,-123855,1.7,0.6942,13.884,1152,0.3562,3
99.6600,20.00,1.1387,-133113,1.3,0.6918,13.837,1150,0.3512,3
99.6800,20.00,1.1311,-131585,0.8,0.6909,13.818,1151,0.3493,3
99.7000,20.00,1.1227,-129911,0.4,0.6912,13.823,1151,0.3498,3
99.7200,20.00,1.1590,-137155,12.1,0.6828,13.657,1151,0.3323,3
99.7400,20.00,1.1727,-139908,11.7,0.6737,13.473,1155,0.3130,3
99.7600,20.00,1.1123,-127825,11.1,0.6811,13.622,1159,0.3287,3
99.7800,20.00,1.0573,-116837,2.5,0.6889,13.777,1156,0.3450,3
99.8000,20.00,1.1274,-130843,2.0,0.6930,13.861,1152,0.3538,3
99.8200,20.00,1.0776,-120889,1.6,0.6986,13.971,1150,0.3654,3
99.8400,20.00,1.0982,-125004,1.1,0.7032,14.064,1148,0.3752,3
99.8600,20.00,1.1067,-126699,0.6,0.7050,14.100,1146,0.3790,3
99.8800,19.99,1.1206,-129493,0.1,0.7048,14.095,1145,0.3784,3
99.9000,20.00,1.1150,-128359,11.9,0.7054,14.109,1145,0.3799,3
99.9200,20.00,1.1327,-131907,11.4,0.7038,14.076,1145,0.3764,3
99.9400,20.00,1.1314,-131638,10.9,0.7028,14.056,1145,0.3744,3
99.9600,20.00,1.1267,-130701,10.5,0.7028,14.057,1146,0.3744,3
99.9800,20.00,1.1691,-139184,10.0,0.6925,13.850,1146,0.3527,3
100.0000,20.00,1.1507,-135512,1.3,0.6923,13.846,1151,0.3522,3
100.0200,20.00,1.1518,-135727,0.9,0.6907,13.814,1151,0.3488,3
100.0400,20.00,1.1466,-134684,0.3,0.6906,13.812,1152,0.3486,3
100.0600,20.00,1.1114,-127638,8.1,0.6960,13.920,1152,0.3600,3
100.0800,20.00,1.1447,-134309,7.8,0.6946,13.892,1149,0.3570,3
100.1000,20.00,1.1353,-132425,7.3,0.6959,13.918,1150,0.3598,3
100.1200,20.00,1.1490,-135167,10.7,0.6934,13.868,1149,0.3545,3
100.1400,20.00,1.2118,-147719,10.3,0.6746,13.493,1150,0.3150,3
100.1600,20.00,1.1629,-137944,9.8,0.6772,13.544,1159,0.3205,3
100.1800,20.00,1.1019,-125746,9.3,0.6858,13.717,1158,0.3386,3
100.2000,20.00,1.1485,-135067,8.8,0.6877,13.754,1154,0.3425,3
100.2200,20.00,1.1259,-130537,0.1,0.6928,13.855,1153,0.3532,3
100.2400,20.00,1.1048,-126334,7.9,0.6981,13.962,1150,0.3644,3
100.2600,20.00,1.1010,-125573,7.5,0.7030,14.061,1148,0.3748,3
100.2800,20.00,1.1265,-130665,7.0,0.7044,14.089,1146,0.3778,3
100.3000,20.00,1.1604,-137440,6.6,0.6977,13.954,1145,0.3636,3
100.3200,20.00,1.1398,-133320,6.1,0.6992,13.985,1148,0.3668,3
100.3400,20.00,1.1532,-136002,9.6,0.6963,13.925,1148,0.3606,3
100.3600,20.00,1.1239,-130146,9.1,0.7005,14.010,1149,0.3695,3
100.3800,20.00,1.1400,-133367,8.6,0.7002,14.004,1147,0.3688,3
100.4000,20.00,1.1517,-135694,8.1,0.6973,13.946,1147,0.3627,3
100.4200,20.00,1.1725,-139863,7.7,0.6894,13.787,1148,0.3460,3
100.4400,20.00,1.2008,-145525,7.2,0.6772,13.544,1152,0.3205,3
100.4600,20.00,1.2366,-152675,6.7,0.6610,13.221,1158,0.2864,3
100.4800,20.00,1.1824,-141839,6.3,0.6623,13.247,1165,0.2892,3
100.5000,20.00,1.1344,-132240,5.9,0.6725,13.449,1165,0.3105,3
100.5200,19.99,1.1778,-140932,5.4,0.6684,13.367,1160,0.3018,3
100.5400,20.00,1.1545,-136272,5.0,0.6722,13.444,1162,0.3099,3
100.5600,20.00,1.1777,-140904,8.4,0.6675,13.350,1160,0.3000,3
100.5800,20.00,1.1471,-134789,7.9,0.6730,13.459,1162,0.3115,3
100.6000,20.00,1.1501,-135386,7.5,0.6755,13.510,1160,0.3169,3
100.6200,20.00,1.1710,-139565,7.0,0.6713,13.427,1159,0.3081,3
100.6400,20.00,1.2226,-149886,6.5,0.6553,13.105,1160,0.2742,3
100.6600,20.00,1.1952,-144411,6.0,0.6502,13.003,1168,0.2635,3
100.6800,20.00,1.1695,-139265,5.6,0.6533,13.067,1170,0.2702,3
100.7000,20.00,1.1231,-129995,5.1,0.6641,13.282,1169,0.2928,3
100.7200,20.00,1.1230,-129966,4.7,0.6731,13.462,1164,0.3118,3
100.7400,20.00,1.1683,-139017,4.2,0.6694,13.388,1160,0.3040,3
100.7600,20.00,1.2958,-164514,3.8,0.6259,12.518,1161,0.2124,3
100.7800,20.00,1.2601,-157380,7.2,0.6070,12.140,1182,0.1726,3
100.8000,20.00,1.1964,-144637,6.8,0.6153,12.306,1190,0.1901,3
100.8200,20.00,1.1411,-133586,6.3,0.6307,12.615,1186,0.2226,3
100.8400,20.00,1.1458,-134517,5.8,0.6418,12.835,1179,0.2458,3
100.8600,20.00,1.2220,-149759,5.3,0.6260,12.519,1174,0.2126,3
100.8800,20.00,1.2193,-149219,4.9,0.6153,12.305,1182,0.1900,3
100.9000,20.00,1.1754,-140447,4.4,0.6232,12.465,1186,0.2068,3
100.9200,20.00,1.1916,-143677,4.0,0.6201,12.401,1183,0.2002,3
100.9400,20.00,1.1502,-135410,3.5,0.6299,12.599,1184,0.2209,3
100.9600,20.00,1.2250,-150360,3.1,0.6128,12.256,1180,0.1849,3
100.9800,20.00,1.2759,-160544,2.6,0.5763,11.525,1188,0.1079,3
101.0000,20.00,1.2941,-164186,6.1,0.5412,10.823,1205,0.0340,3
101.0200,20.00,1.2629,-157945,5.6,0.5277,10.554,1221,0.0057,3
101.0400,20.00,1.2198,-149329,5.1,0.5323,10.645,1227,0.0153,3
101.0600,20.00,1.1551,-136378,4.6,0.5567,11.133,1225,0.0667,3
101.0800,20.00,1.1571,-136777,4.1,0.5765,11.530,1214,0.1084,3
101.1000,20.00,1.1240,-130161,3.7,0.5938,11.876,1205,0.1448,3
101.1200,20.00,1.0855,-122458,3.2,0.6084,12.169,1196,0.1757,3
101.1400,19.99,1.1118,-127719,2.8,0.6244,12.488,1190,0.2092,3
101.1600,20.00,1.1330,-131970,2.4,0.6347,12.695,1182,0.2310,3
101.1800,20.00,1.1545,-136271,2.0,0.6372,12.744,1178,0.2362,3
101.2000,20.00,1.1884,-143036,1.5,0.6264,12.528,1176,0.2135,3
101.2200,20.00,1.2737,-160102,4.9,0.5872,11.743,1181,0.1309,3
101.2400,20.00,1.3027,-165887,4.4,0.5450,10.900,1200,0.0421,3
101.2600,20.00,1.2868,-162722,3.9,0.5166,10.332,1219,-0.0177,3
101.2800,20.00,1.2606,-157482,3.5,0.5065,10.131,1232,-0.0389,3
101.3000,20.00,1.2226,-149876,3.0,0.5106,10.211,1237,-0.0304,3
101.3200,20.00,1.2022,-145800,2.5,0.5181,10.361,1235,-0.0146,3
101.3400,20.00,1.1934,-144033,2.1,0.5247,10.495,1232,-0.0006,3
101.3600,20.00,1.1459,-134548,1.6,0.5482,10.964,1229,0.0488,3
101.3800,20.00,1.1132,-128012,1.1,0.5663,11.326,1218,0.0870,3
101.4000,20.00,1.1341,-132183,0.8,0.5780,11.561,1209,0.1117,3
101.4200,20.00,1.2036,-146087,0.3,0.5718,11.435,1204,0.0984,3
101.4400,20.00,1.2297,-151293,3.7,0.5528,11.057,1207,0.0586,3
101.4600,20.00,1.2134,-148046,3.3,0.5472,10.944,1215,0.0467,3
101.4800,20.00,1.2349,-152337,2.8,0.5297,10.594,1218,0.0099,3
101.5000,20.00,1.2179,-148934,2.3,0.5239,10.479,1226,-0.0022,3
101.5200,20.00,1.2204,-149433,1.8,0.5164,10.329,1229,-0.0180,3
101.5400,20.00,1.2088,-147122,1.3,0.5154,10.307,1232,-0.0203,3
101.5600,20.00,1.1574,-136834,0.9,0.5315,10.629,1233,0.0136,3
101.5800,20.00,1.1756,-140486,0.5,0.5364,10.729,1225,0.0241,3
101.6000,20.01,1.1428,-133926,0.0,0.5498,10.997,1223,0.0523,3
101.6200,19.99,1.1586,-137080,11.7,0.5545,11.091,1217,0.0622,3
101.6400,20.00,1.2000,-145356,11.3,0.5465,10.930,1215,0.0453,3
101.6600,20.00,1.1996,-145285,2.6,0.5395,10.790,1218,0.0305,3
101.6800,20.00,1.1892,-143196,2.1,0.5371,10.742,1222,0.0255,3
101.7000,20.00,1.2160,-148564,1.6,0.5242,10.484,1223,-0.0017,3
101.7200,20.00,1.2440,-154163,1.1,0.5016,10.033,1229,-0.0492,3
101.7400,20.00,1.2091,-147187,0.7,0.5035,10.070,1239,-0.0453,3
101.7600,20.00,1.1872,-142806,0.1,0.5100,10.200,1238,-0.0316,3
101.7800,20.00,1.1957,-144501,12.0,0.5091,10.183,1235,-0.0334,3
101.8000,20.00,1.2118,-147726,11.5,0.5025,10.051,1236,-0.0473,3
101.8200,20.00,1.2008,-145526,11.0,0.5020,10.039,1239,-0.0485,3
101.8400,20.00,1.1730,-139965,10.6,0.5105,10.210,1239,-0.0305,3
101.8600,20.00,1.1724,-139833,10.1,0.5142,10.284,1235,-0.0227,3
101.8800,20.00,1.1531,-135988,1.4,0.5214,10.429,1234,-0.0075,3
101.9000,20.00,1.1670,-138770,0.9,0.5219,10.439,1230,-0.0065,3
101.9200,20.00,1.1970,-144760,0.5,0.5138,10.276,1230,-0.0236,3
101.9400,20.00,1.2024,-145848,8.3,0.5077,10.154,1234,-0.0364,3
101.9600,20.00,1.1984,-145050,7.8,0.5047,10.095,1237,-0.0427,3
101.9800,20.00,1.1717,-139699,7.4,0.5106,10.212,1238,-0.0303,3
102.0000,20.00,1.1956,-144479,10.8,0.5051,10.102,1235,-0.0419,3
102.0200,19.99,1.1891,-143179,10.3,0.5040,10.080,1238,-0.0442,3
102.0400,20.01,1.2109,-147542,9.9,0.4953,9.906,1238,-0.0625,3
102.0600,19.99,1.1845,-142265,9.4,0.4991,9.982,1242,-0.0545,3
102.0800,20.00,1.1466,-134677,8.9,0.5108,10.215,1240,-0.0300,3
102.1000,20.00,1.1867,-142692,0.3,0.5049,10.098,1235,-0.0423,3
102.1200,20.00,1.1828,-141929,8.0,0.5036,10.072,1238,-0.0451,3
102.1400,20.00,1.1866,-142684,7.5,0.5013,10.025,1238,-0.0500,3
102.1600,20.00,1.1550,-136356,7.1,0.5092,10.184,1239,-0.0333,3
102.1800,20.00,1.1829,-141951,6.7,0.5046,10.091,1236,-0.0430,3
102.2000,20.00,1.1704,-139446,6.1,0.5063,10.127,1238,-0.0393,3
102.2200,20.00,1.1783,-141018,9.7,0.5044,10.089,1237,-0.0433,3
102.2400,20.00,1.1521,-135790,9.1,0.5101,10.202,1238,-0.0313,3
102.2600,20.00,1.1583,-137024,8.7,0.5115,10.230,1235,-0.0284,3
102.2800,20.00,1.1836,-142090,8.2,0.5055,10.111,1235,-0.0410,3
102.3000,20.00,1.2323,-151824,7.8,0.4833,9.665,1237,-0.0879,3
102.3200,20.00,1.1722,-139793,7.3,0.4952,9.903,1248,-0.0628,3
102.3400,20.00,1.1306,-131492,6.8,0.5078,10.156,1242,-0.0362,3
102.3600,20.00,1.1786,-141086,6.4,0.5029,10.058,1236,-0.0466,3
102.3800,20.00,1.1862,-142606,5.9,0.4980,9.961,1239,-0.0567,3
102.4000,20.00,1.1575,-136856,5.5,0.5036,10.071,1241,-0.0451,3
102.4200,20.00,1.1579,-136943,5.0,0.5056,10.112,1238,-0.0409,3
102.4400,20.00,1.1372,-132814,8.5,0.5109,10.219,1237,-0.0296,3
102.4600,20.00,1.1622,-137809,8.0,0.5089,10.178,1235,-0.0339,3
102.4800,20.00,1.2765,-160665,7.6,0.4596,9.192,1236,-0.1377,3
102.5000,20.00,1.2568,-156728,7.1,0.4449,8.898,1259,-0.1686,3
102.5200,20.00,1.2060,-146557,6.6,0.4563,9.125,1266,-0.1447,3
102.5400,20.00,1.1905,-143452,6.1,0.4650,9.300,1260,-0.1263,3
102.5600,20.00,1.2587,-157108,5.7,0.4288,8.576,1256,-0.2025,3
102.5800,20.00,1.2042,-146208,5.2,0.4402,8.805,1273,-0.1784,3
102.6000,20.00,1.1022,-125797,4.8,0.4870,9.741,1268,-0.0799,3
102.6200,20.00,1.1077,-126899,4.3,0.5003,10.006,1246,-0.0520,3
102.6400,20.00,1.1344,-132244,3.9,0.5014,10.027,1240,-0.0498,3
102.6600,20.00,1.1226,-129879,7.3,0.5061,10.121,1239,-0.0399,3
102.6800,20.00,1.2286,-151082,6.9,0.4755,9.511,1237,-0.1041,3
102.7000,20.00,1.2298,-151320,6.4,0.4615,9.231,1251,-0.1336,3
102.7200,20.00,1.2155,-148455,5.9,0.4563,9.125,1258,-0.1447,3
102.7400,20.00,1.2185,-149065,5.4,0.4467,8.934,1260,-0.1648,3
102.7600,20.00,1.1847,-142309,4.9,0.4577,9.154,1265,-0.1417,3
102.7800,20.00,1.1837,-142095,4.5,0.4627,9.254,1260,-0.1311,3
102.8000,20.00,1.1852,-142410,4.1,0.4638,9.275,1257,-0.1289,3
102.8200,20.00,1.1937,-144093,3.6,0.4579,9.159,1257,-0.1412,3
102.8400,20.00,1.1642,-138206,3.1,0.4703,9.406,1259,-0.1152,3
102.8600,20.00,1.1836,-142078,2.7,0.4678,9.356,1254,-0.1204,3
102.8800,20.00,1.2136,-148088,6.1,0.4461,8.923,1255,-0.1660,3
102.9000,20.00,1.2142,-148206,5.7,0.4338,8.675,1265,-0.1921,3
102.9200,20.00,1.1895,-143252,5.2,0.4409,8.818,1271,-0.1770,3
102.9400,20.00,1.1684,-139051,4.7,0.4547,9.095,1267,-0.1479,3
102.9600,20.00,1.1325,-131856,4.3,0.4752,9.505,1261,-0.1048,3
102.9800,20.00,1.1183,-129032,3.8,0.4884,9.767,1252,-0.0771,3
103.0000,20.00,1.1458,-134524,3.3,0.4874,9.747,1245,-0.0793,3
103.0200,20.00,1.2187,-149097,2.9,0.4571,9.142,1246,-0.1430,3
103.0400,20.00,1.2950,-164365,2.4,0.3976,7.953,1260,-0.2681,3
103.0600,20.00,1.2769,-160738,2.0,0.3702,7.405,1288,-0.3258,3
103.0800,20.00,1.2781,-160969,1.5,0.3487,6.973,1300,-0.3712,3
103.1000,20.00,1.1739,-140147,5.0,0.3972,7.944,1310,-0.2690,3
103.1200,20.00,1.1322,-131801,4.5,0.4397,8.793,1288,-0.1797,3
103.1400,20.00,1.1612,-137596,4.0,0.4434,8.868,1268,-0.1718,3
103.1600,20.00,1.1006,-125488,3.6,0.4794,9.588,1266,-0.0960,3
103.1800,20.00,1.0865,-122673,3.1,0.4969,9.938,1250,-0.0592,3
103.2000,20.00,1.1184,-129053,2.6,0.4955,9.910,1241,-0.0622,3
103.2200,20.00,1.1491,-135189,2.2,0.4875,9.749,1242,-0.0790,3
103.2400,20.00,1.1704,-139445,1.7,0.4788,9.577,1246,-0.0972,3
103.2600,20.00,1.2279,-150941,1.3,0.4437,8.875,1250,-0.1711,3
103.2800,20.00,1.2186,-149086,0.8,0.4274,8.548,1266,-0.2055,3
103.3000,20.00,1.2452,-154396,0.4,0.3986,7.971,1274,-0.2662,3
103.3200,20.00,1.2136,-148075,3.8,0.3988,7.977,1287,-0.2656,3
103.3400,20.00,1.2406,-153473,3.3,0.3775,7.549,1287,-0.3106,3
103.3600,19.99,1.1946,-144273,2.9,0.3922,7.845,1297,-0.2795,3
103.3800,20.01,1.1622,-137805,2.4,0.4161,8.321,1290,-0.2294,3
103.4000,20.00,1.1877,-142905,1.9,0.4111,8.221,1279,-0.2399,3
103.4200,20.00,1.1418,-133730,1.4,0.4398,8.796,1281,-0.1794,3
103.4400,20.00,1.1306,-131489,1.0,0.4587,9.174,1268,-0.1396,3
103.4600,20.00,1.1083,-127022,0.5,0.4790,9.580,1259,-0.0969,3
103.4800,20.00,1.1401,-133387,0.1,0.4749,9.498,1250,-0.1055,3
103.5000,20.00,1.1359,-132548,11.8,0.4777,9.555,1252,-0.0995,3
103.5200,20.00,1.1166,-128694,11.3,0.4870,9.740,1250,-0.0800,3
103.5400,20.00,1.1766,-140686,2.7,0.4649,9.297,1246,-0.1266,3
103.5600,20.00,1.2315,-151668,2.2,0.4256,8.512,1256,-0.2093,3
103.5800,20.00,1.2291,-151172,1.7,0.4033,8.067,1275,-0.2561,3
103.6000,20.00,1.2245,-150268,1.2,0.3903,7.806,1285,-0.2836,3
103.6200,20.00,1.1850,-142368,0.8,0.4036,8.071,1291,-0.2557,3
103.6400,20.00,1.1727,-139899,0.3,0.4145,8.290,1285,-0.2326,3
103.6600,20.00,1.1567,-136696,12.1,0.4292,8.584,1280,-0.2017,3
103.6800,20.00,1.1816,-141685,11.6,0.4204,8.408,1273,-0.2203,3
103.7000,20.00,1.1842,-142196,11.1,0.4149,8.299,1277,-0.2317,3
103.7200,19.99,1.1750,-140370,10.7,0.4177,8.354,1279,-0.2259,3
103.7400,20.00,1.1544,-136248,10.1,0.4312,8.624,1278,-0.1975,3
103.7600,20.00,1.1515,-135658,1.5,0.4390,8.779,1272,-0.1812,3
103.7800,20.00,1.1323,-131828,1.0,0.4563,9.126,1268,-0.1447,3
103.8000,20.00,1.1539,-136138,0.6,0.4503,9.006,1260,-0.1572,3
103.8200,20.00,1.1681,-138991,0.1,0.4420,8.839,1263,-0.1748,3
103.8400,20.00,1.2075,-146854,7.9,0.4154,8.307,1267,-0.2308,3
103.8600,20.00,1.1977,-144897,7.5,0.4063,8.125,1279,-0.2500,3
103.8800,20.00,1.1968,-144715,10.9,0.4004,8.009,1283,-0.2622,3
103.9000,20.00,1.2092,-147191,10.4,0.3890,7.779,1286,-0.2864,3
103.9200,20.00,1.1994,-145234,10.0,0.3871,7.742,1292,-0.2903,3
103.9400,20.00,1.1844,-142239,9.5,0.3926,7.852,1292,-0.2787,3
103.9600,20.00,1.1750,-140366,9.0,0.3992,7.983,1290,-0.2649,3
103.9800,20.00,1.1814,-141638,0.3,0.3983,7.965,1287,-0.2668,3
104.0000,20.00,1.1730,-139957,8.1,0.4024,8.049,1287,-0.2580,3
104.0200,20.00,1.1277,-130905,7.6,0.4350,8.701,1285,-0.1894,3
104.0400,20.00,1.1524,-135850,7.1,0.4305,8.610,1270,-0.1990,3
104.0600,20.00,1.1328,-131918,6.7,0.4445,8.890,1272,-0.1694,3
104.0800,20.00,1.1561,-136586,6.3,0.4362,8.725,1266,-0.1868,3
104.1000,20.00,1.1551,-136384,9.7,0.4352,8.703,1270,-0.1891,3
104.1200,20.00,1.1685,-139069,9.3,0.4284,8.568,1270,-0.2034,3
104.1400,20.00,1.1390,-133156,8.8,0.4442,8.883,1273,-0.1702,3
104.1600,20.00,1.1618,-137731,8.3,0.4348,8.696,1266,-0.1899,3
104.1800,20.00,1.1518,-135721,7.9,0.4375,8.751,1270,-0.1841,3
104.2000,20.00,1.2254,-150449,7.3,0.3989,7.978,1269,-0.2655,3
104.2200,20.00,1.1576,-136877,6.9,0.4190,8.381,1287,-0.2231,3
104.2400,20.00,1.2421,-153772,6.5,0.3753,7.506,1278,-0.3152,3
104.2600,20.00,1.1600,-137355,6.0,0.4032,8.063,1298,-0.2565,3
104.2800,20.00,1.2359,-152533,5.6,0.3652,7.304,1285,-0.3364,3
104.3000,20.00,1.1258,-130517,5.1,0.4198,8.395,1303,-0.2215,3
104.3200,20.00,1.1765,-140671,4.7,0.4053,8.105,1277,-0.2521,3
104.3400,20.00,1.1184,-129038,8.1,0.4385,8.770,1284,-0.1821,3
104.3600,20.00,1.1277,-130909,7.6,0.4444,8.888,1269,-0.1697,3
104.3800,20.00,1.1350,-132374,7.1,0.4455,8.910,1266,-0.1674,3
104.4000,20.00,1.1287,-131114,6.7,0.4533,9.066,1265,-0.1510,3
104.4200,20.00,1.1643,-138218,6.2,0.4361,8.722,1262,-0.1871,3
104.4400,20.00,1.1568,-136729,5.7,0.4337,8.675,1270,-0.1921,3
104.4600,20.00,1.1802,-141409,5.3,0.4203,8.406,1271,-0.2204,3
104.4800,20.00,1.1402,-133406,4.8,0.4377,8.754,1277,-0.1838,3
104.5000,20.00,1.1543,-136217,4.4,0.4333,8.666,1269,-0.1930,3
104.5200,20.00,1.1602,-137396,4.0,0.4288,8.577,1271,-0.2024,3
104.5400,20.00,1.1692,-139206,3.5,0.4222,8.444,1273,-0.2164,3
104.5600,20.00,1.1970,-144765,6.9,0.4033,8.066,1276,-0.2562,3
104.5800,20.00,1.1278,-130922,6.5,0.4374,8.748,1285,-0.1844,3
104.6000,20.00,1.1762,-140598,6.0,0.4187,8.374,1269,-0.2238,3
104.6200,20.00,1.2047,-146297,5.5,0.3951,7.901,1278,-0.2735,3
104.6400,20.00,1.1586,-137078,5.0,0.4112,8.223,1289,-0.2396,3
104.6600,20.00,1.0832,-122001,4.5,0.4678,9.356,1281,-0.1204,3
104.6800,20.00,1.1441,-134178,4.1,0.4467,8.933,1255,-0.1649,3
104.7000,20.00,1.1994,-145248,3.7,0.4132,8.263,1265,-0.2355,3
104.7200,20.00,1.1674,-138846,3.2,0.4154,8.307,1280,-0.2308,3
104.7400,20.00,1.1737,-140104,2.8,0.4107,8.215,1279,-0.2406,3
104.7600,20.00,1.1324,-131841,2.3,0.4347,8.695,1282,-0.1900,3
104.7800,20.00,1.2235,-150061,5.8,0.3908,7.816,1270,-0.2826,3
104.8000,20.00,1.1649,-138345,5.3,0.4040,8.081,1291,-0.2547,3
104.8200,20.00,1.2124,-147846,4.8,0.3784,7.568,1285,-0.3086,3
104.8400,20.00,1.1055,-126466,4.3,0.4373,8.746,1296,-0.1846,3
104.8600,20.00,1.1596,-137274,3.9,0.4202,8.405,1269,-0.2205,3
104.8800,20.00,1.1304,-131452,3.4,0.4360,8.719,1277,-0.1875,3
104.9000,20.00,1.1759,-140546,3.0,0.4152,8.304,1270,-0.2312,3
104.9200,20.00,1.1135,-128067,2.5,0.4482,8.965,1279,-0.1616,3
104.9400,20.00,1.1794,-141242,2.1,0.4198,8.395,1264,-0.2216,3
104.9600,20.00,1.1925,-143857,1.6,0.4011,8.023,1277,-0.2608,3
104.9800,20.00,1.1687,-139105,1.1,0.4057,8.114,1286,-0.2512,3
105.0000,20.00,1.1591,-137175,4.6,0.4124,8.249,1284,-0.2370,3
105.0200,20.00,1.1763,-140627,4.1,0.4031,8.063,1281,-0.2565,3
105.0400,20.00,1.1594,-137243,3.7,0.4102,8.204,1285,-0.2417,3
105.0600,19.99,1.1342,-132197,3.1,0.4284,8.569,1282,-0.2033,3
105.0800,20.00,1.1027,-125904,2.7,0.4577,9.154,1273,-0.1416,3
105.1000,20.00,1.1380,-132969,2.2,0.4457,8.913,1260,-0.1670,3
105.1200,20.00,1.1251,-130381,1.8,0.4544,9.087,1265,-0.1487,3
105.1400,20.00,1.2160,-148568,1.4,0.4064,8.127,1261,-0.2498,3
105.1600,20.00,1.1244,-130250,0.9,0.4404,8.809,1283,-0.1780,3
105.1800,20.00,1.2044,-146241,0.5,0.4034,8.067,1268,-0.2561,3
105.2000,20.00,1.2203,-149428,12.1,0.3749,7.497,1285,-0.3161,3
105.2200,20.00,1.1952,-144405,3.5,0.3729,7.457,1298,-0.3203,3
105.2400,20.00,1.1755,-140463,2.9,0.3845,7.690,1299,-0.2958,3
105.2600,20.02,1.1321,-131777,2.5,0.4160,8.320,1294,-0.2295,3
105.2800,19.98,1.0951,-124394,2.0,0.4525,9.049,1279,-0.1527,3
105.3000,20.00,1.1062,-126602,1.5,0.4593,9.186,1262,-0.1383,3
105.3200,20.00,1.1333,-132018,1.0,0.4495,8.990,1259,-0.1590,3
105.3400,20.00,1.1158,-128531,0.6,0.4607,9.215,1263,-0.1353,3
105.3600,20.00,1.1672,-138794,0.1,0.4351,8.702,1258,-0.1892,3
105.3800,20.00,1.1713,-139621,11.9,0.4219,8.439,1270,-0.2170,3
105.4000,20.00,1.1567,-136712,11.4,0.4252,8.504,1276,-0.2101,3
105.4200,20.00,1.1835,-142067,10.9,0.4086,8.171,1275,-0.2451,3
105.4400,20.00,1.1699,-139338,2.3,0.4083,8.166,1282,-0.2457,3
105.4600,20.00,1.1930,-143966,1.8,0.3924,7.848,1282,-0.2792,3
105.4800,20.00,1.2046,-146285,1.3,0.3749,7.498,1290,-0.3160,3
105.5000,20.00,1.1463,-134622,0.9,0.4064,8.128,1298,-0.2497,3
105.5200,20.00,1.1540,-136155,0.4,0.4094,8.187,1283,-0.2434,3
105.5400,20.00,1.1002,-125399,8.2,0.4482,8.963,1282,-0.1617,3
105.5600,20.00,1.1132,-127998,11.7,0.4544,9.088,1264,-0.1487,3
105.5800,20.00,1.0949,-124345,11.2,0.4703,9.406,1261,-0.1152,3
105.6000,20.00,1.1410,-133563,10.7,0.4509,9.018,1254,-0.1560,3
105.6200,20.00,1.1713,-139622,10.2,0.4299,8.599,1263,-0.2001,3
105.6400,20.00,1.1815,-141653,9.8,0.4139,8.279,1272,-0.2338,3
105.6600,20.00,1.1333,-132015,1.1,0.4374,8.748,1280,-0.1844,3
105.6800,20.00,1.1973,-144812,0.7,0.4054,8.109,1269,-0.2517,3
105.7000,20.00,1.1580,-136961,0.1,0.4147,8.295,1284,-0.2321,3
105.7200,20.00,1.1493,-135223,8.0,0.4215,8.429,1280,-0.2180,3
105.7400,20.00,1.1857,-142497,7.5,0.4015,8.031,1276,-0.2599,3
105.7600,20.00,1.1387,-133104,7.1,0.4231,8.462,1286,-0.2146,3
105.7800,20.00,1.1605,-137457,10.5,0.4149,8.297,1276,-0.2319,3
105.8000,20.00,1.1205,-129474,10.0,0.4402,8.804,1279,-0.1786,3
105.8200,20.00,1.1359,-132546,9.5,0.4391,8.783,1268,-0.1808,3
105.8400,20.00,1.1284,-131044,9.1,0.4463,8.927,1268,-0.1656,3
105.8600,20.00,1.1713,-139613,8.6,0.4227,8.455,1265,-0.2153,3
105.8800,20.00,1.1433,-134021,8.1,0.4324,8.648,1276,-0.1950,3
105.9000,20.00,1.2102,-147402,7.7,0.3955,7.910,1271,-0.2727,3
105.9200,20.00,1.1755,-140459,7.3,0.3974,7.948,1288,-0.2686,3
105.9400,20.00,1.1777,-140905,6.8,0.3940,7.880,1288,-0.2758,3
105.9600,20.00,1.1782,-140998,6.4,0.3906,7.813,1289,-0.2829,3
105.9800,20.00,1.1630,-137958,5.9,0.3986,7.973,1291,-0.2660,3
106.0000,20.00,1.1055,-126467,9.3,0.4394,8.787,1287,-0.1803,3
106.0200,20.00,1.1284,-131040,8.9,0.4393,8.787,1268,-0.1804,3
106.0400,20.00,1.1015,-125663,8.4,0.4609,9.217,1268,-0.1350,3
106.0600,20.00,1.1720,-139767,7.9,0.4272,8.544,1258,-0.2059,3
106.0800,20.00,1.1191,-129180,7.5,0.4504,9.009,1274,-0.1570,3
106.1000,20.00,1.1283,-131021,7.0,0.4518,9.036,1263,-0.1541,3
106.1200,20.00,1.1074,-126839,6.5,0.4655,9.309,1262,-0.1253,3
106.1400,20.00,1.1315,-131665,6.1,0.4580,9.160,1256,-0.1411,3
106.1600,20.00,1.1263,-130618,5.6,0.4612,9.225,1259,-0.1342,3
106.1800,20.00,1.0995,-125263,5.1,0.4784,9.567,1258,-0.0982,3
106.2000,20.00,1.1589,-137144,4.8,0.4526,9.051,1250,-0.1525,3
106.2200,20.00,1.1713,-139625,8.2,0.4353,8.706,1262,-0.1888,3
106.2400,20.00,1.2050,-146352,7.7,0.4055,8.110,1270,-0.2516,3
106.2600,20.00,1.2068,-146724,7.3,0.3872,7.743,1284,-0.2902,3
106.2800,20.00,1.1674,-138847,6.7,0.4005,8.009,1292,-0.2622,3
106.3000,20.00,1.1899,-143349,6.3,0.3881,7.762,1286,-0.2882,3
106.3200,20.00,1.1209,-129555,5.8,0.4279,8.557,1292,-0.2045,3
106.3400,20.00,1.1550,-136361,5.3,0.4175,8.350,1273,-0.2263,3
106.3600,20.00,1.1637,-138097,4.9,0.4108,8.217,1278,-0.2404,3
106.3800,20.00,1.0643,-118236,4.5,0.4744,9.489,1281,-0.1065,3
106.4000,20.00,1.1415,-133664,4.0,0.4476,8.951,1252,-0.1630,3
106.4200,20.00,1.1156,-128480,3.6,0.4603,9.206,1264,-0.1363,3
106.4400,20.00,1.1425,-133871,7.0,0.4485,8.971,1258,-0.1610,3
106.4600,20.00,1.1435,-134065,6.6,0.4459,8.919,1264,-0.1664,3
106.4800,20.00,1.1910,-143557,6.1,0.4161,8.323,1265,-0.2292,3
106.5000,20.00,1.1817,-141706,5.6,0.4067,8.133,1279,-0.2491,3
106.5200,20.00,1.1899,-143342,5.1,0.3952,7.905,1283,-0.2732,3
106.5400,20.00,1.1174,-128847,4.7,0.4364,8.728,1289,-0.1866,3
106.5600,20.00,1.1762,-140598,4.2,0.4122,8.245,1269,-0.2374,3
106.5800,20.00,1.1651,-138376,3.8,0.4101,8.203,1281,-0.2418,3
106.6000,20.00,1.1917,-143704,3.3,0.3924,7.848,1282,-0.2792,3
106.6200,20.00,1.1510,-135559,2.8,0.4106,8.212,1290,-0.2409,3
106.6400,20.00,1.1294,-131252,2.4,0.4294,8.589,1282,-0.2012,3
106.6600,20.00,1.1825,-141859,5.9,0.4046,8.091,1273,-0.2536,3
106.6800,20.00,1.1061,-126589,5.4,0.4451,8.901,1284,-0.1683,3
106.7000,20.00,1.1310,-131563,4.9,0.4427,8.853,1266,-0.1733,3
106.7200,20.00,1.0527,-115916,4.4,0.4916,9.832,1267,-0.0703,3
106.7400,20.00,1.1413,-133631,3.9,0.4589,9.178,1244,-0.1392,3
106.7600,20.00,1.0041,-106195,3.5,0.5295,10.590,1259,0.0095,3
106.7800,20.00,1.1623,-137826,3.0,0.4755,9.509,1226,-0.1043,3
106.8000,20.00,1.1661,-138584,2.6,0.4580,9.159,1251,-0.1411,3
106.8200,20.00,1.1483,-135033,2.1,0.4565,9.129,1259,-0.1443,3
106.8400,20.00,1.2528,-155915,1.7,0.3958,7.916,1260,-0.2720,3
106.8600,20.00,1.2028,-145917,1.2,0.3860,7.721,1288,-0.2926,3
106.8800,20.00,1.2139,-148134,4.7,0.3697,7.395,1293,-0.3269,3
106.9000,20.00,1.1934,-144049,4.2,0.3716,7.431,1301,-0.3230,3
106.9200,20.00,1.1520,-135761,3.7,0.3991,7.981,1300,-0.2651,3
106.9400,20.00,1.1527,-135909,3.3,0.4061,8.123,1287,-0.2502,3
106.9600,20.00,1.1287,-131104,2.8,0.4254,8.508,1284,-0.2097,3
106.9800,20.00,1.1334,-132038,2.3,0.4310,8.620,1275,-0.1979,3
107.0000,20.00,1.0640,-118159,1.9,0.4799,9.599,1272,-0.0949,3
107.0200,20.00,1.1421,-133789,1.4,0.4503,9.005,1249,-0.1574,3
107.0400,20.00,1.1787,-141111,1.0,0.4235,8.470,1263,-0.2137,3
107.0600,20.00,1.1857,-142500,0.5,0.4077,8.155,1275,-0.2469,3
107.0800,20.00,1.1679,-138935,0.1,0.4102,8.205,1283,-0.2416,3
107.1000,20.00,1.2313,-151621,3.5,0.3709,7.418,1282,-0.3245,3
107.1200,20.00,1.2095,-147268,3.1,0.3632,7.265,1300,-0.3406,3
107.1400,20.00,1.1870,-142768,2.6,0.3699,7.398,1304,-0.3265,3
107.1600,20.00,1.1505,-135459,2.1,0.3960,7.921,1300,-0.2715,3
107.1800,20.00,1.1335,-132064,1.6,0.4148,8.295,1288,-0.2321,3
107.2000,20.00,1.1415,-133667,1.1,0.4174,8.348,1279,-0.2265,3
107.2200,20.00,1.1200,-129371,0.7,0.4359,8.719,1278,-0.1875,3
107.2400,20.00,1.1194,-129250,0.3,0.4454,8.908,1270,-0.1675,3
107.2600,20.00,1.1229,-129946,12.0,0.4496,8.991,1265,-0.1588,3
107.2800,20.00,1.1905,-143453,11.6,0.4123,8.247,1263,-0.2372,3
107.3000,20.00,1.1824,-141843,11.0,0.4003,8.005,1281,-0.2626,3
107.3200,20.00,1.1499,-135353,2.3,0.4158,8.315,1286,-0.2300,3
107.3400,20.00,1.2077,-146898,1.9,0.3839,7.677,1279,-0.2971,3
107.3600,20.00,1.2060,-146567,1.4,0.3684,7.368,1294,-0.3297,3
107.3800,20.00,1.1676,-138882,0.9,0.3861,7.722,1301,-0.2924,3
107.4000,20.00,1.1293,-131215,0.4,0.4152,8.304,1293,-0.2312,3
107.4200,20.00,1.0690,-119160,8.3,0.4667,9.333,1279,-0.1228,3
107.4400,20.00,1.1255,-130470,11.8,0.4491,8.981,1256,-0.1599,3
107.4600,20.00,1.1111,-127591,11.3,0.4593,9.187,1264,-0.1382,3
107.4800,20.00,1.1388,-133121,10.8,0.4477,8.955,1259,-0.1627,3
107.5000,20.00,1.1223,-129824,10.3,0.4570,9.141,1264,-0.1431,3
107.5200,20.00,1.1256,-130491,9.9,0.4582,9.165,1260,-0.1405,3
107.5400,20.00,1.1534,-136035,1.2,0.4430,8.860,1259,-0.1726,3
107.5600,20.00,1.1893,-143222,0.7,0.4151,8.302,1266,-0.2314,3
107.5800,20.00,1.1795,-141255,0.3,0.4057,8.114,1279,-0.2512,3
107.6000,20.00,1.2234,-150046,8.1,0.3734,7.468,1284,-0.3192,3
107.6200,20.00,1.2066,-146674,7.6,0.3659,7.318,1299,-0.3350,3
107.6400,20.00,1.2270,-150751,7.1,0.3493,6.986,1302,-0.3699,3
107.6600,20.00,1.1840,-142164,10.6,0.3645,7.290,1310,-0.3379,3
107.6800,20.01,1.1478,-134914,10.1,0.3915,7.831,1303,-0.2810,3
107.7000,20.00,1.1428,-133926,9.7,0.4024,8.048,1290,-0.2581,3
107.7200,20.00,1.1119,-127743,9.1,0.4293,8.585,1285,-0.2016,3
107.7400,20.00,1.1316,-131692,8.7,0.4285,8.570,1273,-0.2032,3
107.7600,20.00,1.1271,-130779,0.0,0.4355,8.710,1273,-0.1885,3
107.7800,19.99,1.1518,-135726,7.8,0.4233,8.465,1270,-0.2142,3
107.8000,20.00,1.1386,-133088,7.4,0.4301,8.602,1275,-0.1998,3
107.8200,20.00,1.1776,-140885,6.9,0.4076,8.152,1272,-0.2472,3
107.8400,20.00,1.1450,-134368,6.4,0.4204,8.408,1283,-0.2202,3
107.8600,20.00,1.1573,-136830,6.0,0.4151,8.301,1277,-0.2315,3
107.8800,20.00,1.1208,-129523,9.4,0.4382,8.764,1279,-0.1827,3
107.9000,20.00,1.1610,-137558,8.9,0.4191,8.383,1269,-0.2229,3
107.9200,20.00,1.1565,-136656,8.5,0.4171,8.342,1278,-0.2271,3
107.9400,20.00,1.1457,-134507,8.0,0.4231,8.461,1279,-0.2146,3
107.9600,20.00,1.1649,-138337,7.6,0.4116,8.232,1276,-0.2387,3
107.9800,20.00,1.1605,-137459,7.1,0.4107,8.215,1281,-0.2406,3
108.0000,20.00,1.1885,-143053,6.6,0.3909,7.817,1282,-0.2824,3
108.0200,20.00,1.2073,-146819,6.1,0.3698,7.395,1291,-0.3268,3
108.0400,20.00,1.1712,-139604,5.7,0.3836,7.671,1300,-0.2977,3
108.0600,20.00,1.1324,-131847,5.3,0.4117,8.233,1294,-0.2386,3
108.0800,20.01,1.1529,-135946,4.8,0.4072,8.143,1281,-0.2481,3
108.1000,20.00,1.1856,-142491,8.3,0.3859,7.719,1283,-0.2928,3
108.1200,20.00,1.1091,-127178,7.8,0.4298,8.596,1293,-0.2004,3
108.1400,20.00,1.1403,-133419,7.3,0.4238,8.476,1272,-0.2130,3
108.1600,20.00,1.1211,-129593,6.9,0.4381,8.762,1275,-0.1829,3
108.1800,20.00,1.1403,-133426,6.4,0.4316,8.633,1269,-0.1966,3
108.2000,20.00,1.1389,-133141,5.9,0.4325,8.651,1272,-0.1946,3
108.2200,20.00,1.1863,-142630,5.4,0.4038,8.077,1271,-0.2551,3
108.2400,20.01,1.1640,-138169,5.0,0.4058,8.116,1285,-0.2510,3
108.2600,20.00,1.2016,-145687,4.5,0.3799,7.599,1284,-0.3054,3
108.2800,20.00,1.1496,-135280,4.1,0.4036,8.071,1296,-0.2557,3
108.3000,20.00,1.1467,-134712,3.6,0.4105,8.211,1285,-0.2410,3
108.3200,20.00,1.1392,-133212,7.1,0.4186,8.371,1282,-0.2241,3
108.3400,20.00,1.1105,-127467,6.7,0.4420,8.840,1278,-0.1747,3
108.3600,20.00,1.1450,-134365,6.1,0.4284,8.567,1267,-0.2035,3
108.3800,20.00,1.1365,-132666,5.7,0.4324,8.649,1273,-0.1949,3
108.4000,20.00,1.1749,-140345,5.2,0.4093,8.186,1271,-0.2436,3
108.4200,20.00,1.1299,-131350,4.7,0.4308,8.616,1282,-0.1983,3
108.4400,20.00,1.1983,-145026,4.3,0.3947,7.894,1272,-0.2743,3
108.4600,20.00,1.1832,-141994,3.8,0.3860,7.720,1289,-0.2926,3
108.4800,20.00,1.1568,-136726,3.4,0.4000,7.999,1293,-0.2632,3
108.5000,20.00,1.1704,-139451,2.9,0.3926,7.853,1286,-0.2787,3
108.5200,20.00,1.1520,-135764,2.5,0.4030,8.061,1290,-0.2568,3
108.5400,20.00,1.1526,-135889,2.0,0.4060,8.119,1285,-0.2506,3
108.5600,20.00,1.1418,-133729,5.5,0.4146,8.292,1284,-0.2324,3
108.5800,20.00,1.1634,-138044,5.0,0.4038,8.075,1280,-0.2552,3
108.6000,20.00,1.1377,-132899,4.5,0.4182,8.364,1285,-0.2249,3
108.6200,20.00,1.1775,-140857,4.0,0.3972,7.945,1278,-0.2690,3
108.6400,20.00,1.1417,-133696,3.6,0.4136,8.272,1288,-0.2345,3
108.6600,20.00,1.1634,-138045,3.1,0.4037,8.074,1280,-0.2554,3
108.6800,20.00,1.1687,-139101,2.7,0.3964,7.928,1285,-0.2707,3
108.7000,20.00,1.1432,-134005,2.1,0.4114,8.228,1288,-0.2391,3
108.7200,20.00,1.1640,-138154,1.8,0.4019,8.038,1281,-0.2591,3
108.7400,20.00,1.1381,-132987,1.3,0.4165,8.330,1285,-0.2284,3
108.7600,20.00,1.1488,-135127,0.8,0.4142,8.284,1279,-0.2333,3
108.7800,20.00,1.1532,-136000,4.3,0.4116,8.231,1280,-0.2388,3
108.8000,20.00,1.1437,-134102,3.8,0.4175,8.349,1281,-0.2264,3
108.8200,20.00,1.1608,-137526,3.3,0.4080,8.160,1278,-0.2463,3
108.8400,20.00,1.1352,-132406,2.9,0.4225,8.449,1283,-0.2159,3
108.8600,20.00,1.1508,-135525,2.4,0.4166,8.331,1276,-0.2283,3
108.8800,20.00,1.1384,-133043,1.9,0.4240,8.479,1279,-0.2127,3
108.9000,20.00,1.1609,-137540,1.5,0.4114,8.228,1275,-0.2391,3
108.9200,20.00,1.1609,-137546,1.0,0.4077,8.154,1281,-0.2469,3
108.9400,20.00,1.1920,-143763,0.6,0.3839,7.678,1283,-0.2971,3
108.9600,20.00,1.1738,-140127,0.1,0.3862,7.723,1294,-0.2923,3
108.9800,20.00,1.1339,-132151,11.8,0.4128,8.256,1293,-0.2362,3
109.0000,20.00,1.1297,-131305,3.1,0.4232,8.465,1280,-0.2142,3
109.0200,20.00,1.1244,-130253,2.6,0.4324,8.648,1276,-0.1949,3
109.0400,20.00,1.1190,-129161,2.1,0.4417,8.833,1271,-0.1755,3
109.0600,20.00,1.1330,-131958,1.7,0.4376,8.751,1267,-0.1841,3
109.0800,20.00,1.1497,-135307,1.2,0.4269,8.537,1269,-0.2066,3
109.1000,20.00,1.1368,-132728,0.8,0.4329,8.659,1274,-0.1938,3
109.1200,20.00,1.1923,-143826,0.3,0.3999,7.997,1271,-0.2635,3
109.1400,20.00,1.1575,-136864,12.1,0.4080,8.159,1286,-0.2464,3
109.1600,20.00,1.2038,-146118,11.6,0.3782,7.564,1283,-0.3091,3
109.1800,20.00,1.1777,-140897,11.1,0.3815,7.629,1297,-0.3022,3
109.2000,20.00,1.1792,-141197,10.7,0.3788,7.576,1295,-0.3077,3
109.2200,20.00,1.1329,-131947,2.0,0.4088,8.175,1296,-0.2447,3
109.2400,20.00,1.1064,-126655,1.5,0.4350,8.699,1282,-0.1895,3
109.2600,20.00,1.1400,-133360,1.0,0.4241,8.482,1270,-0.2124,3
109.2800,20.00,1.0923,-123825,0.5,0.4565,9.131,1275,-0.1441,3
109.3000,20.00,1.1582,-137003,0.1,0.4262,8.523,1260,-0.2081,3
109.3200,20.00,1.1567,-136711,7.9,0.4186,8.372,1274,-0.2241,3
109.3400,20.00,1.1595,-137269,11.4,0.4133,8.267,1278,-0.2351,3
109.3600,20.00,1.1891,-143174,10.9,0.3900,7.800,1280,-0.2842,3
109.3800,20.00,1.1652,-138408,10.4,0.3960,7.920,1291,-0.2715,3
109.4000,20.00,1.2221,-149790,9.9,0.3609,7.218,1288,-0.3455,3
109.4200,20.00,1.1832,-142001,9.5,0.3695,7.389,1304,-0.3274,3
109.4400,20.00,1.1497,-135302,0.8,0.3921,7.842,1301,-0.2798,3
109.4600,20.00,1.1353,-132425,0.3,0.4074,8.149,1290,-0.2475,3
109.4800,20.00,1.1047,-126312,8.1,0.4344,8.688,1283,-0.1908,3
109.5000,20.00,1.0954,-124439,7.7,0.4537,9.073,1270,-0.1502,3
109.5200,20.00,1.1862,-142593,7.2,0.4079,8.159,1262,-0.2464,3
109.5400,20.00,1.1015,-125662,6.8,0.4465,8.930,1283,-0.1652,3
109.5600,20.00,1.1694,-139236,10.2,0.4147,8.295,1265,-0.2321,3
109.5800,20.00,1.1504,-135437,9.7,0.4172,8.344,1280,-0.2269,3
109.6000,20.00,1.1537,-136110,9.3,0.4146,8.292,1279,-0.2324,3
109.6200,20.00,1.1607,-137507,8.8,0.4085,8.170,1280,-0.2453,3
109.6400,20.00,1.1509,-135542,8.3,0.4124,8.248,1282,-0.2371,3
109.6600,20.00,1.1664,-138651,7.9,0.4024,8.048,1281,-0.2581,3
109.6800,20.00,1.1670,-138756,7.4,0.3975,7.950,1285,-0.2684,3
109.7000,20.00,1.1260,-130573,7.0,0.4228,8.457,1288,-0.2151,3
109.7200,20.00,1.1684,-139045,6.5,0.4025,8.050,1276,-0.2579,3
109.7400,20.00,1.1255,-130468,6.1,0.4257,8.513,1285,-0.2091,3
109.7600,20.00,1.1604,-137443,5.6,0.4097,8.193,1275,-0.2428,3
109.7800,20.00,1.1360,-132558,9.1,0.4222,8.444,1282,-0.2164,3
109.8000,20.00,1.1662,-138607,8.6,0.4057,8.113,1276,-0.2512,3
109.8200,20.00,1.1393,-133216,8.1,0.4188,8.376,1284,-0.2235,3
109.8400,20.00,1.1627,-137905,7.6,0.4067,8.133,1278,-0.2492,3
109.8600,20.00,1.1463,-134623,7.1,0.4140,8.280,1283,-0.2337,3
109.8800,20.01,1.1684,-139040,6.7,0.4009,8.019,1280,-0.2612,3
109.9000,19.99,1.1744,-140236,6.2,0.3906,7.811,1286,-0.2830,3
109.9200,20.00,1.1707,-139505,5.8,0.3889,7.779,1291,-0.2864,3
109.9400,20.00,1.1460,-134556,5.3,0.4049,8.098,1292,-0.2528,3
109.9600,20.00,1.1168,-128727,4.9,0.4285,8.569,1284,-0.2032,3
109.9800,20.00,1.1300,-131359,4.4,0.4292,8.584,1273,-0.2016,3
110.0000,20.00,1.1592,-137206,7.9,0.4123,8.245,1273,-0.2373,3
110.0200,20.00,1.1519,-135739,7.4,0.4130,8.259,1281,-0.2359,3
110.0400,20.00,1.1529,-135953,6.9,0.4119,8.237,1280,-0.2382,3
110.0600,20.00,1.1748,-140319,6.4,0.3961,7.922,1281,-0.2714,3
110.0800,20.00,1.1770,-140761,6.0,0.3872,7.744,1288,-0.2901,3
110.1000,20.00,1.1199,-129337,5.5,0.4227,8.455,1292,-0.2153,3
110.1200,20.00,1.1604,-137450,5.0,0.4062,8.124,1276,-0.2501,3
110.1400,20.00,1.1449,-134351,4.6,0.4129,8.259,1284,-0.2359,3
110.1600,20.00,1.1570,-136767,4.1,0.4069,8.139,1280,-0.2485,3
110.1800,20.00,1.2312,-151605,3.7,0.3596,7.192,1283,-0.3482,3
110.2000,20.00,1.1666,-138674,3.3,0.3806,7.612,1305,-0.3040,3
110.2200,20.00,1.1955,-144462,6.7,0.3635,7.271,1295,-0.3399,3
110.2400,20.00,1.1524,-135837,6.3,0.3868,7.735,1303,-0.2910,3
110.2600,20.00,1.1405,-133467,5.8,0.4007,8.013,1292,-0.2618,3
110.2800,20.00,1.1020,-125768,5.3,0.4315,8.630,1286,-0.1968,3
110.3000,20.00,1.0980,-124974,4.8,0.4483,8.966,1272,-0.1615,3
110.3200,20.00,1.1141,-128185,4.3,0.4479,8.957,1264,-0.1624,3
110.3400,20.00,1.1241,-130190,3.9,0.4465,8.930,1264,-0.1653,3
110.3600,20.00,1.1627,-137900,3.5,0.4227,8.453,1265,-0.2154,3
110.3800,20.00,1.1612,-137602,3.0,0.4147,8.294,1276,-0.2322,3
110.4000,20.00,1.1934,-144050,2.5,0.3873,7.747,1280,-0.2898,3
110.4200,20.00,1.1767,-140704,2.1,0.3861,7.722,1292,-0.2924,3
110.4400,20.00,1.1838,-142132,5.6,0.3786,7.572,1293,-0.3082,3
110.4600,20.00,1.1677,-138905,5.1,0.3844,7.688,1296,-0.2960,3
110.4800,20.00,1.1835,-142065,4.6,0.3740,7.481,1294,-0.3178,3
110.5000,20.00,1.1601,-137379,4.1,0.3857,7.713,1298,-0.2933,3
110.5200,20.00,1.1754,-140436,3.7,0.3775,7.551,1293,-0.3105,3
110.5400,20.00,1.1600,-137364,3.1,0.3855,7.710,1297,-0.2937,3
110.5600,20.00,1.1592,-137200,2.7,0.3881,7.762,1293,-0.2882,3
110.5800,20.00,1.1316,-131684,2.3,0.4087,8.173,1292,-0.2449,3
110.6000,20.00,1.1321,-131783,1.8,0.4149,8.297,1282,-0.2319,3
110.6200,20.00,1.1702,-139409,1.4,0.3937,7.874,1279,-0.2765,3
110.6400,20.00,1.1328,-131926,0.9,0.4138,8.276,1289,-0.2341,3
110.6600,20.00,1.1689,-139152,4.4,0.3952,7.904,1280,-0.2733,3
110.6800,20.00,1.1442,-134205,3.9,0.4074,8.147,1289,-0.2477,3
110.7000,20.00,1.1757,-140505,3.4,0.3880,7.761,1283,-0.2883,3
110.7200,20.00,1.1919,-143740,2.9,0.3713,7.427,1292,-0.3235,3
110.7400,20.00,1.1674,-138841,2.5,0.3808,7.616,1300,-0.3035,3
110.7600,20.00,1.1590,-137165,2.0,0.3872,7.744,1295,-0.2901,3
110.7800,20.00,1.1344,-132244,1.6,0.4064,8.128,1292,-0.2496,3
110.8000,20.00,1.1763,-140619,1.1,0.3832,7.663,1283,-0.2986,3
110.8200,20.00,1.1426,-133877,0.7,0.4015,8.029,1294,-0.2601,3
110.8400,20.00,1.1819,-141748,0.1,0.3783,7.566,1286,-0.3089,3
110.8600,20.00,1.1649,-138353,11.9,0.3832,7.665,1296,-0.2984,3
110.8800,20.00,1.1534,-136037,3.2,0.3919,7.838,1294,-0.2802,3
110.9000,20.00,1.1630,-137971,2.7,0.3873,7.746,1290,-0.2899,3
110.9200,20.00,1.1512,-135607,2.3,0.3949,7.897,1292,-0.2740,3
110.9400,20.00,1.1335,-132061,1.8,0.4091,8.182,1289,-0.2440,3
110.9600,20.00,1.1509,-135549,1.3,0.4022,8.045,1282,-0.2585,3
110.9800,20.00,1.1292,-131212,0.8,0.4163,8.326,1285,-0.2288,3
111.0000,19.99,1.1715,-139661,0.4,0.3930,7.860,1279,-0.2779,3
111.0200,20.00,1.1483,-135017,12.1,0.4033,8.066,1290,-0.2562,3
111.0400,20.00,1.1609,-137541,11.7,0.3963,7.926,1285,-0.2709,3
111.0600,20.00,1.1453,-134420,11.2,0.4050,8.100,1288,-0.2526,3
111.0800,20.00,1.1524,-135845,10.7,0.4021,8.041,1284,-0.2588,3
111.1000,20.00,1.1456,-134487,2.1,0.4063,8.127,1285,-0.2498,3
111.1200,20.00,1.1923,-143823,1.6,0.3769,7.538,1283,-0.3118,3
111.1400,20.00,1.1455,-134470,1.1,0.3984,7.968,1297,-0.2665,3
111.1600,20.00,1.1796,-141277,0.6,0.3790,7.580,1287,-0.3074,3
111.1800,20.00,1.1645,-138254,0.1,0.3833,7.667,1296,-0.2983,3
111.2000,20.00,1.1177,-128908,8.0,0.4160,8.319,1294,-0.2296,3
111.2200,20.00,1.1863,-142617,11.5,0.3809,7.617,1279,-0.3035,3
111.2400,20.00,1.1480,-134973,11.0,0.3962,7.924,1295,-0.2711,3
111.2600,20.00,1.1551,-136392,10.5,0.3950,7.900,1288,-0.2737,3
111.2800,20.00,1.1564,-136648,10.0,0.3941,7.881,1289,-0.2756,3
111.3000,20.00,1.1577,-136901,9.6,0.3929,7.859,1289,-0.2780,3
111.3200,20.00,1.1567,-136695,0.9,0.3933,7.866,1290,-0.2773,3
111.3400,20.00,1.1524,-135850,0.4,0.3964,7.927,1289,-0.2708,3
111.3600,20.00,1.1476,-134883,8.1,0.4004,8.009,1288,-0.2622,3
111.3800,20.00,1.1859,-142536,7.7,0.3758,7.517,1286,-0.3140,3
111.4000,20.00,1.1639,-138152,7.3,0.3826,7.652,1298,-0.2998,3
111.4200,20.00,1.1635,-138059,6.8,0.3829,7.657,1295,-0.2992,3
111.4400,20.00,1.1259,-130551,10.3,0.4093,8.186,1294,-0.2436,3
111.4600,20.00,1.1495,-135267,9.8,0.4005,8.010,1282,-0.2621,3
111.4800,20.00,1.1619,-137742,9.3,0.3921,7.841,1286,-0.2799,3
111.5000,20.00,1.1135,-128065,8.9,0.4221,8.443,1290,-0.2166,3
111.5200,20.00,1.1382,-133012,8.4,0.4149,8.298,1276,-0.2318,3
111.5400,20.00,1.1535,-136069,7.9,0.4049,8.097,1279,-0.2529,3
111.5600,20.00,1.0768,-120731,7.5,0.4527,9.053,1284,-0.1523,3
111.5800,20.00,1.1526,-135876,7.0,0.4225,8.451,1262,-0.2157,3
111.6000,20.00,1.1358,-132527,6.6,0.4278,8.556,1276,-0.2047,3
111.6200,20.00,1.1489,-135143,6.1,0.4193,8.386,1273,-0.2225,3
111.6400,20.00,1.1110,-127573,5.7,0.4421,8.843,1277,-0.1745,3
111.6600,20.00,1.1502,-135407,9.1,0.4238,8.477,1267,-0.2130,3
111.6800,20.00,1.1244,-130240,8.7,0.4368,8.736,1275,-0.1857,3
111.7000,20.00,1.1813,-141616,8.2,0.4031,8.061,1269,-0.2567,3
111.7200,20.00,1.1205,-129474,7.7,0.4295,8.589,1285,-0.2011,3
111.7400,20.00,1.1572,-136797,7.2,0.4120,8.240,1273,-0.2379,3
111.7600,20.00,1.1351,-132390,6.7,0.4218,8.435,1281,-0.2174,3
111.7800,20.00,1.1814,-141635,6.3,0.3932,7.865,1276,-0.2774,3
111.8000,20.00,1.1458,-134520,5.8,0.4077,8.154,1290,-0.2470,3
111.8200,20.00,1.2011,-145575,5.4,0.3738,7.475,1283,-0.3184,3
111.8400,20.00,1.1690,-139154,5.0,0.3816,7.633,1298,-0.3018,3
111.8600,20.00,1.1730,-139965,4.5,0.3784,7.568,1295,-0.3087,3
111.8800,20.00,1.1608,-137525,4.0,0.3840,7.681,1296,-0.2967,3
111.9000,20.00,1.1345,-132263,7.5,0.4043,8.087,1294,-0.2540,3
111.9200,20.00,1.1332,-132001,7.0,0.4103,8.207,1284,-0.2414,3
111.9400,20.00,1.0973,-124829,6.5,0.4385,8.770,1282,-0.1821,3
111.9600,20.00,1.1311,-131590,6.1,0.4279,8.557,1269,-0.2045,3
111.9800,20.00,1.1286,-131093,5.6,0.4309,8.618,1273,-0.1981,3
112.0000,20.00,1.1475,-134862,5.1,0.4208,8.417,1272,-0.2193,3
112.0200,20.00,1.1614,-137651,4.7,0.4083,8.165,1277,-0.2458,3
112.0400,20.00,1.2055,-146461,4.2,0.3743,7.487,1282,-0.3172,3
112.0600,20.00,1.2291,-151187,3.8,0.3471,6.942,1298,-0.3746,3
112.0800,20.00,1.1872,-142797,3.4,0.3588,7.177,1311,-0.3498,3
112.1000,20.00,1.1735,-140068,2.9,0.3654,7.307,1305,-0.3361,3
112.1200,20.00,1.1519,-135741,6.3,0.3811,7.622,1302,-0.3030,3
112.1400,20.00,1.1471,-134781,5.9,0.3891,7.781,1295,-0.2862,3
112.1600,20.00,1.1632,-138004,5.4,0.3814,7.628,1292,-0.3024,3
112.1800,20.00,1.1470,-134754,4.9,0.3922,7.845,1295,-0.2795,3
112.2000,20.00,1.0466,-114695,4.4,0.4589,9.178,1290,-0.1392,3
112.2200,20.00,1.0066,-106692,3.9,0.5025,10.051,1259,-0.0473,3
112.2400,20.00,1.0617,-117702,3.5,0.4993,9.986,1239,-0.0541,3
112.2600,20.00,1.1220,-129773,3.1,0.4799,9.598,1240,-0.0949,3
112.2800,20.00,1.1416,-133694,2.6,0.4654,9.308,1249,-0.1255,3
112.3000,19.99,1.1886,-143074,2.1,0.4306,8.613,1256,-0.1987,3
112.3200,20.00,1.2240,-150162,1.7,0.3873,7.746,1272,-0.2899,3
112.3400,20.00,1.2615,-157651,5.1,0.3407,6.813,1292,-0.3881,3
112.3600,20.00,1.2405,-153464,4.7,0.3294,6.587,1314,-0.4119,3
112.3800,20.00,1.2220,-149770,4.2,0.3285,6.570,1319,-0.4137,3
112.4000,20.00,1.1996,-145275,3.7,0.3363,6.725,1320,-0.3974,3
112.4200,20.00,1.1589,-137143,3.2,0.3599,7.198,1316,-0.3475,3
112.4400,20.00,1.1463,-134619,2.8,0.3751,7.501,1305,-0.3157,3
112.4600,20.00,1.0995,-125261,2.3,0.4141,8.282,1298,-0.2335,3
112.4800,20.00,1.0766,-120689,1.9,0.4433,8.866,1280,-0.1720,3
112.5000,20.00,1.0634,-118054,1.5,0.4650,9.299,1266,-0.1264,3
112.5200,20.00,1.0727,-119908,1.0,0.4753,9.505,1256,-0.1047,3
112.5400,20.00,1.1134,-128036,0.5,0.4669,9.339,1251,-0.1222,3
112.5600,20.00,1.1484,-135038,4.0,0.4471,8.943,1255,-0.1639,3
112.5800,20.00,1.1960,-144563,3.5,0.4095,8.189,1265,-0.2433,3
112.6000,20.00,1.2216,-149689,3.0,0.3704,7.407,1282,-0.3255,3
112.6200,19.99,1.2119,-147747,2.6,0.3557,7.115,1300,-0.3563,3
112.6400,20.00,1.1967,-144711,2.1,0.3562,7.123,1307,-0.3554,3
112.6600,20.00,1.1979,-144947,1.6,0.3509,7.017,1307,-0.3666,3
112.6800,20.00,1.1813,-141631,1.1,0.3571,7.142,1309,-0.3534,3
112.7000,20.00,1.1274,-130854,0.8,0.3940,7.880,1306,-0.2758,3
112.7200,20.00,1.1268,-130725,0.3,0.4051,8.101,1289,-0.2525,3
112.7400,20.01,1.1162,-128604,12.0,0.4182,8.365,1284,-0.2248,3
112.7600,20.00,1.1169,-128743,11.5,0.4257,8.515,1278,-0.2090,3
112.7800,20.00,1.1181,-128982,2.8,0.4311,8.622,1275,-0.1976,3
112.8000,20.00,1.1125,-127871,2.3,0.4410,8.821,1272,-0.1767,3
112.8200,20.00,1.1650,-138358,1.9,0.4123,8.247,1267,-0.2372,3
112.8400,20.00,1.1483,-135023,1.4,0.4142,8.283,1281,-0.2333,3
112.8600,20.00,1.1928,-143914,0.9,0.3834,7.667,1280,-0.2982,3
112.8800,20.00,1.1747,-140308,0.5,0.3822,7.644,1294,-0.3006,3
112.9000,20.02,1.1689,-139134,0.0,0.3828,7.656,1295,-0.2994,3
112.9200,19.98,1.1686,-139089,11.8,0.3812,7.624,1294,-0.3027,3
112.9400,20.00,1.1726,-139892,11.3,0.3772,7.543,1295,-0.3112,3
112.9600,20.00,1.1459,-134552,10.8,0.3932,7.864,1297,-0.2775,3
112.9800,20.00,1.1449,-134354,10.3,0.3985,7.970,1290,-0.2664,3
113.0000,20.00,1.1395,-133256,1.7,0.4045,8.091,1287,-0.2536,3
113.0200,20.00,1.1402,-133407,1.1,0.4067,8.135,1284,-0.2490,3
113.0400,20.00,1.0897,-123311,0.7,0.4422,8.843,1283,-0.1744,3
113.0600,20.00,1.1717,-139694,0.2,0.4032,8.064,1267,-0.2564,3
113.0800,20.00,1.1450,-134359,8.1,0.4098,8.196,1285,-0.2426,3
113.1000,20.00,1.1710,-139557,7.6,0.3924,7.848,1282,-0.2791,3
113.1200,20.00,1.1483,-135025,11.1,0.4028,8.056,1290,-0.2573,3
113.1400,20.00,1.1605,-137455,10.6,0.3957,7.914,1285,-0.2722,3
113.1600,20.00,1.1426,-133886,10.1,0.4058,8.115,1288,-0.2510,3
113.1800,20.00,1.1465,-134657,9.6,0.4053,8.105,1284,-0.2521,3
113.2000,20.00,1.1301,-131380,9.1,0.4165,8.329,1284,-0.2285,3
113.2200,20.00,1.1493,-135216,0.5,0.4077,8.154,1279,-0.2470,3
113.2400,20.00,1.1726,-139879,0.0,0.3904,7.809,1283,-0.2833,3
113.2600,20.00,1.1609,-137551,7.8,0.3928,7.857,1291,-0.2783,3
113.2800,20.00,1.2103,-147411,7.4,0.3594,7.188,1290,-0.3487,3
113.3000,20.00,1.1809,-141536,6.9,0.3656,7.312,1305,-0.3355,3
113.3200,20.00,1.1754,-140451,6.4,0.3674,7.348,1302,-0.3318,3
113.3400,20.00,1.1456,-134479,9.9,0.3871,7.741,1301,-0.2904,3
113.3600,20.00,1.1364,-132654,9.4,0.3994,7.988,1292,-0.2644,3
113.3800,20.00,1.1180,-128961,8.9,0.4161,8.322,1287,-0.2292,3
113.4000,20.00,1.1132,-128007,8.5,0.4268,8.536,1279,-0.2067,3
113.4200,20.00,1.1517,-135694,8.0,0.4077,8.155,1274,-0.2469,3
113.4400,20.00,1.1250,-130361,7.5,0.4224,8.449,1283,-0.2159,3
113.4600,20.00,1.1723,-139821,7.1,0.3956,7.911,1276,-0.2725,3
113.4800,20.00,1.1732,-140009,6.6,0.3871,7.742,1288,-0.2903,3
113.5000,20.00,1.1696,-139288,6.1,0.3846,7.692,1292,-0.2956,3
113.5200,20.00,1.2388,-153110,5.7,0.3415,6.830,1294,-0.3863,3
113.5400,20.00,1.1870,-142756,5.3,0.3544,7.088,1314,-0.3592,3
113.5600,20.00,1.2104,-147444,8.7,0.3381,6.762,1308,-0.3934,3
113.5800,20.00,1.2158,-148519,8.3,0.3291,6.582,1315,-0.4125,3
113.6000,20.00,1.2097,-147305,7.8,0.3274,6.548,1319,-0.4160,3
113.6200,20.00,1.2304,-151449,7.3,0.3133,6.266,1320,-0.4456,3
113.6400,20.00,1.2014,-145641,6.8,0.3226,6.452,1327,-0.4261,3
113.6600,20.00,1.1058,-126518,6.3,0.3861,7.722,1322,-0.2924,3
113.6800,20.00,1.0900,-123362,5.9,0.4131,8.262,1293,-0.2356,3
113.7000,20.00,1.0127,-107917,5.5,0.4712,9.423,1280,-0.1133,3
113.7200,20.00,0.9932,-104002,5.0,0.5090,10.179,1253,-0.0337,3
113.7400,20.00,1.0697,-119311,4.6,0.4959,9.918,1236,-0.0612,3
113.7600,20.01,1.1708,-139522,4.1,0.4507,9.015,1242,-0.1563,3
113.7800,19.99,1.1459,-134534,7.6,0.4490,8.980,1263,-0.1600,3
113.8000,20.00,1.1498,-135330,7.1,0.4393,8.786,1264,-0.1804,3
113.8200,20.00,1.1206,-129487,6.6,0.4506,9.011,1268,-0.1567,3
113.8400,20.00,1.1305,-131459,6.1,0.4460,8.920,1263,-0.1663,3
113.8600,20.00,1.0343,-112239,5.7,0.4966,9.932,1265,-0.0598,3
113.8800,20.00,1.0483,-115032,5.2,0.5089,10.178,1242,-0.0339,3
113.9000,20.00,1.1265,-130669,4.7,0.4825,9.650,1236,-0.0895,3
113.9200,20.00,1.2365,-152663,4.3,0.4186,8.371,1248,-0.2241,3
113.9400,20.00,1.2266,-150688,3.9,0.3792,7.585,1278,-0.3069,3
113.9600,20.00,1.2881,-162983,3.4,0.3262,6.523,1296,-0.4186,3
113.9800,20.00,1.2451,-154381,3.0,0.3196,6.392,1321,-0.4324,3
114.0000,20.00,1.2154,-148449,6.4,0.3258,6.517,1324,-0.4193,3
114.0200,20.00,1.1601,-137374,5.9,0.3558,7.116,1321,-0.3562,3
114.0400,20.00,1.1172,-128801,5.5,0.3923,7.847,1307,-0.2793,3
114.0600,20.00,1.0528,-115925,5.0,0.4467,8.933,1290,-0.1649,3
114.0800,20.00,1.1166,-128679,4.5,0.4290,8.581,1265,-0.2020,3
114.1000,20.00,1.1072,-126812,4.0,0.4379,8.758,1273,-0.1834,3
114.1200,20.00,1.0978,-124930,3.6,0.4532,9.064,1269,-0.1511,3
114.1400,20.00,1.1479,-134941,3.1,0.4303,8.607,1262,-0.1993,3
114.1600,20.00,1.1529,-135948,2.7,0.4207,8.414,1272,-0.2196,3
114.1800,20.00,1.1444,-134252,2.2,0.4208,8.415,1277,-0.2195,3
114.2000,20.00,1.1712,-139593,1.8,0.4001,8.003,1277,-0.2629,3
114.2200,20.00,1.1436,-134088,5.3,0.4108,8.215,1286,-0.2405,3
114.2400,20.00,1.1271,-130787,4.8,0.4227,8.453,1281,-0.2154,3
114.2600,20.00,1.1642,-138212,4.3,0.4021,8.041,1276,-0.2588,3
114.2800,20.00,1.1531,-135977,3.8,0.4037,8.075,1285,-0.2553,3
114.3000,20.00,1.1518,-135723,3.3,0.4035,8.070,1285,-0.2558,3
114.3200,20.00,1.1887,-143105,2.9,0.3781,7.562,1285,-0.3093,3
114.3400,20.00,1.1880,-142952,2.4,0.3693,7.385,1297,-0.3279,3
114.3600,20.00,1.1828,-141920,2.0,0.3668,7.337,1301,-0.3330,3
114.3800,20.00,1.1494,-135242,1.5,0.3864,7.728,1302,-0.2918,3
114.4000,20.00,1.1571,-136789,1.1,0.3857,7.714,1293,-0.2933,3
114.4200,19.99,1.1285,-131057,0.6,0.4066,8.132,1293,-0.2492,3
114.4400,20.00,1.1359,-132535,4.1,0.4077,8.153,1283,-0.2470,3
114.4600,20.00,1.1088,-127130,3.6,0.4282,8.564,1283,-0.2038,3
114.4800,20.00,1.1484,-135042,3.1,0.4106,8.211,1273,-0.2409,3
114.5000,20.00,1.1285,-131070,2.6,0.4214,8.429,1282,-0.2180,3
114.5200,20.00,1.1364,-132652,2.1,0.4204,8.408,1276,-0.2202,3
114.5400,20.00,1.1732,-140000,1.7,0.3961,7.922,1277,-0.2713,3
114.5600,20.00,1.1702,-139401,1.3,0.3900,7.800,1288,-0.2842,3
114.5800,20.00,1.1505,-135461,0.8,0.3997,7.995,1291,-0.2637,3
114.6000,20.00,1.1479,-134937,0.5,0.4026,8.051,1287,-0.2578,3
114.6200,20.00,1.1444,-134243,12.0,0.4056,8.112,1285,-0.2514,3
114.6400,20.00,1.1538,-136118,11.6,0.4003,8.006,1284,-0.2625,3
114.6600,19.99,1.1255,-130460,2.9,0.4180,8.360,1286,-0.2252,3
114.6800,20.00,1.1554,-136451,2.4,0.4033,8.066,1278,-0.2562,3
114.7000,20.00,1.1447,-134305,1.9,0.4078,8.156,1285,-0.2468,3
114.7200,20.00,1.1136,-128084,1.5,0.4292,8.585,1283,-0.2016,3
114.7400,20.00,1.1592,-137209,1.0,0.4069,8.137,1273,-0.2487,3
114.7600,20.00,1.1082,-126998,0.5,0.4358,8.716,1283,-0.1878,3
114.7800,20.00,1.1840,-142164,0.1,0.3971,7.943,1270,-0.2692,3
114.8000,20.00,1.1653,-138424,11.9,0.3947,7.895,1288,-0.2743,3
114.8200,20.00,1.1688,-139121,11.3,0.3887,7.774,1289,-0.2869,3
114.8400,20.00,1.1666,-138677,10.9,0.3867,7.734,1292,-0.2912,3
114.8600,20.00,1.1283,-131029,10.4,0.4115,8.231,1293,-0.2389,3
114.8800,20.00,1.1508,-135517,1.7,0.4023,8.046,1281,-0.2583,3
114.9000,20.00,1.1271,-130776,1.2,0.4173,8.345,1285,-0.2268,3
114.9200,20.00,1.1536,-136089,0.8,0.4045,8.089,1278,-0.2538,3
114.9400,20.00,1.1145,-128274,0.3,0.4280,8.560,1284,-0.2042,3
114.9600,20.00,1.1170,-128774,8.1,0.4354,8.708,1273,-0.1887,3
114.9800,19.99,1.1518,-135715,7.7,0.4178,8.355,1270,-0.2257,3
115.0000,20.00,1.1429,-133952,11.1,0.4191,8.382,1278,-0.2229,3
115.0200,20.00,1.1674,-138833,10.7,0.4017,8.033,1278,-0.2597,3
115.0400,20.00,1.1536,-136078,10.2,0.4044,8.089,1286,-0.2538,3
115.0600,20.00,1.1653,-138423,9.7,0.3954,7.907,1284,-0.2729,3
115.0800,20.00,1.1396,-133277,9.3,0.4095,8.191,1288,-0.2431,3
115.1000,20.00,1.1641,-138174,0.6,0.3956,7.913,1282,-0.2723,3
115.1200,20.00,1.1690,-139158,0.1,0.3883,7.765,1288,-0.2879,3
115.1400,20.00,1.1540,-136160,7.9,0.3957,7.914,1292,-0.2722,3
115.1600,20.00,1.1457,-134498,7.4,0.4024,8.048,1288,-0.2581,3
115.1800,20.00,1.1568,-136727,7.0,0.3967,7.934,1285,-0.2701,3
115.2000,20.00,1.1346,-132279,6.5,0.4105,8.210,1288,-0.2411,3
115.2200,20.00,1.1179,-128936,10.0,0.4255,8.511,1282,-0.2094,3
115.2400,20.00,1.1527,-135911,9.5,0.4088,8.176,1275,-0.2447,3
115.2600,20.00,1.1468,-134730,9.0,0.4093,8.186,1282,-0.2435,3
115.2800,20.00,1.1699,-139335,8.6,0.3936,7.872,1282,-0.2766,3
115.3000,20.00,1.1442,-134203,8.1,0.4064,8.128,1289,-0.2497,3
115.3200,20.00,1.1362,-132603,7.6,0.4135,8.269,1283,-0.2348,3
115.3400,20.00,1.1442,-134212,7.1,0.4109,8.217,1280,-0.2403,3
115.3600,20.00,1.1466,-134686,6.7,0.4093,8.186,1281,-0.2435,3
115.3800,20.00,1.1499,-135337,6.3,0.4069,8.138,1282,-0.2486,3
115.4000,20.00,1.1466,-134688,5.8,0.4084,8.169,1283,-0.2454,3
115.4200,20.00,1.1278,-130927,5.4,0.4214,8.427,1282,-0.2182,3
115.4400,20.00,1.1233,-130029,8.8,0.4295,8.590,1276,-0.2011,3
115.4600,20.00,1.1157,-128496,8.3,0.4400,8.800,1273,-0.1790,3
115.4800,20.00,1.1283,-131027,7.9,0.4383,8.766,1268,-0.1825,3
115.5000,20.00,1.1700,-139357,7.4,0.4114,8.228,1269,-0.2391,3
115.5200,20.00,1.1792,-141203,6.9,0.3931,7.861,1281,-0.2778,3
115.5400,20.00,1.1609,-137537,6.5,0.3978,7.955,1290,-0.2679,3
115.5600,20.00,1.1903,-143412,6.0,0.3760,7.521,1287,-0.3136,3
115.5800,20.00,1.1260,-130571,5.5,0.4125,8.251,1298,-0.2368,3
115.6000,20.01,1.1609,-137538,5.1,0.3966,7.932,1281,-0.2703,3
115.6200,20.00,1.1592,-137205,4.6,0.3951,7.903,1288,-0.2734,3
115.6400,20.00,1.1379,-132940,4.2,0.4086,8.172,1289,-0.2451,3
115.6600,20.00,1.1285,-131069,7.6,0.4183,8.365,1282,-0.2247,3
115.6800,20.00,1.1414,-133642,7.2,0.4143,8.286,1278,-0.2330,3
115.7000,20.00,1.1370,-132758,6.7,0.4177,8.353,1280,-0.2260,3
115.7200,20.00,1.1382,-133014,6.2,0.4187,8.374,1278,-0.2237,3
115.7400,20.00,1.1445,-134273,5.8,0.4157,8.314,1278,-0.2301,3
115.7600,20.00,1.1754,-140443,5.3,0.3938,7.877,1279,-0.2761,3
115.7800,20.00,1.1471,-134774,4.8,0.4065,8.130,1289,-0.2495,3
115.8000,19.99,1.1434,-134050,4.4,0.4102,8.203,1283,-0.2417,3
115.8200,20.00,1.1448,-134316,3.9,0.4107,8.213,1282,-0.2407,3
115.8400,20.00,1.1759,-140544,3.5,0.3900,7.800,1282,-0.2843,3
115.8600,20.00,1.1508,-135516,3.0,0.4013,8.026,1291,-0.2604,3
115.8800,20.00,1.1478,-134914,2.6,0.4046,8.091,1286,-0.2535,3
115.9000,20.00,1.1130,-127968,6.0,0.4285,8.570,1284,-0.2032,3
115.9200,20.00,1.1486,-135076,5.6,0.4136,8.272,1273,-0.2345,3
115.9400,20.00,1.1248,-130322,5.0,0.4273,8.545,1280,-0.2058,3
115.9600,20.00,1.1260,-130574,4.6,0.4318,8.637,1274,-0.1962,3
115.9800,20.00,1.1506,-135483,4.1,0.4189,8.377,1272,-0.2235,3
116.0000,20.00,1.1825,-141856,3.6,0.3932,7.864,1278,-0.2775,3
116.0200,20.00,1.1166,-128691,3.2,0.4277,8.553,1290,-0.2049,3
116.0400,20.00,1.1462,-134598,2.8,0.4171,8.342,1274,-0.2272,3
116.0600,19.99,1.1358,-132515,2.3,0.4226,8.452,1279,-0.2156,3
116.0800,20.00,1.1297,-131296,1.8,0.4289,8.579,1276,-0.2022,3
116.1000,20.00,1.1349,-132351,1.4,0.4287,8.573,1273,-0.2028,3
116.1200,20.00,1.1405,-133463,4.9,0.4260,8.520,1273,-0.2084,3
116.1400,20.00,1.1266,-130694,4.4,0.4352,8.703,1274,-0.1892,3
116.1600,20.00,1.1442,-134208,3.9,0.4268,8.537,1270,-0.2067,3
116.1800,20.01,1.1469,-134739,3.4,0.4227,8.454,1274,-0.2154,3
116.2000,20.00,1.1302,-131396,2.9,0.4320,8.639,1276,-0.1959,3
116.2200,20.00,1.1442,-134196,2.5,0.4255,8.510,1272,-0.2094,3
116.2400,20.00,1.1829,-141938,2.0,0.3983,7.965,1275,-0.2668,3
116.2600,20.00,1.1578,-136918,1.6,0.4035,8.070,1287,-0.2558,3
116.2800,20.00,1.1705,-139462,1.1,0.3937,7.873,1285,-0.2765,3
116.3000,20.00,1.1429,-133937,0.7,0.4089,8.178,1289,-0.2445,3
116.3200,20.00,1.1722,-139794,0.2,0.3917,7.835,1282,-0.2805,3
116.3400,20.00,1.1549,-136341,3.7,0.3989,7.977,1290,-0.2656,3
116.3600,20.00,1.1625,-137863,3.2,0.3944,7.888,1287,-0.2750,3
116.3800,20.00,1.1449,-134339,2.7,0.4051,8.103,1289,-0.2523,3
116.4000,20.00,1.1879,-142943,2.3,0.3784,7.569,1284,-0.3086,3
116.4200,20.00,1.1680,-138968,1.8,0.3829,7.657,1296,-0.2992,3
116.4400,20.00,1.1380,-132973,1.3,0.4043,8.085,1294,-0.2542,3
116.4600,19.99,1.1267,-130706,0.9,0.4168,8.335,1284,-0.2279,3
116.4800,20.00,1.1600,-137365,0.5,0.4007,8.013,1279,-0.2618,3
116.5000,20.00,1.1400,-133364,12.1,0.4107,8.214,1286,-0.2406,3
116.5200,20.00,1.1954,-144437,11.7,0.3776,7.552,1282,-0.3103,3
116.5400,20.00,1.1011,-125596,11.2,0.4293,8.585,1297,-0.2016,3
116.5600,20.00,1.1656,-138489,2.5,0.4012,8.025,1273,-0.2606,3
116.5800,20.00,1.0923,-123823,2.0,0.4436,8.872,1286,-0.1713,3
116.6000,20.00,1.1744,-140247,1.6,0.4055,8.111,1266,-0.2515,3
116.6200,20.00,1.1250,-130367,1.1,0.4262,8.525,1284,-0.2079,3
116.6400,20.00,1.1136,-128083,0.6,0.4407,8.815,1274,-0.1774,3
116.6600,20.00,1.1549,-136335,0.1,0.4199,8.399,1268,-0.2212,3
116.6800,20.00,1.1576,-136875,12.0,0.4123,8.247,1277,-0.2372,3
116.7000,20.00,1.1652,-138408,11.5,0.4029,8.059,1281,-0.2570,3
116.7200,20.00,1.1237,-130114,11.0,0.4263,8.526,1285,-0.2078,3
116.7401,20.11,1.1475,-134859,10.6,0.4173,8.347,1274,-0.2266,3
116.7600,19.88,1.1256,-130476,10.0,0.4307,8.613,1278,-0.1986,3
116.7800,20.00,1.1261,-130580,1.4,0.4354,8.709,1272,-0.1886,3
116.8000,20.00,1.1463,-134630,0.9,0.4253,8.505,1270,-0.2100,3
116.8201,20.09,1.1608,-137533,0.5,0.4126,8.252,1275,-0.2366,3
116.8400,19.91,1.1487,-135094,8.2,0.4155,8.310,1281,-0.2305,3
116.8600,20.00,1.1225,-129860,7.8,0.4329,8.657,1279,-0.1940,3
116.8800,20.00,1.1269,-130749,7.3,0.4361,8.723,1271,-0.1871,3
116.9000,20.00,1.1427,-133908,10.8,0.4286,8.572,1270,-0.2029,3
116.9200,20.00,1.1458,-134531,10.3,0.4248,8.497,1273,-0.2109,3
116.9400,20.00,1.1497,-135307,9.8,0.4204,8.407,1275,-0.2203,3
116.9601,20.14,1.1122,-127806,9.5,0.4440,8.881,1277,-0.1705,3
116.9800,19.86,1.0983,-125020,8.9,0.4609,9.218,1266,-0.1349,3
117.0000,20.01,1.1303,-131432,0.2,0.4507,9.015,1258,-0.1564,3
117.0200,20.00,1.1328,-131917,7.9,0.4493,8.987,1263,-0.1593,3
117.0400,20.00,1.0913,-123633,7.5,0.4721,9.442,1263,-0.1114,3
117.0600,20.00,1.0759,-120554,7.1,0.4896,9.792,1253,-0.0745,3
117.0800,20.00,1.0864,-122640,6.6,0.4935,9.870,1245,-0.0663,3
117.1000,20.00,1.1537,-136113,6.1,0.4650,9.300,1243,-0.1263,3
117.1200,20.00,1.1466,-134690,9.6,0.4576,9.152,1256,-0.1419,3
117.1400,20.00,1.0956,-124491,9.1,0.4799,9.598,1260,-0.0949,3
117.1600,20.01,1.0474,-114855,8.7,0.5146,10.291,1249,-0.0220,3
117.1800,19.99,1.1029,-125946,8.1,0.4956,9.912,1233,-0.0619,3
117.2000,20.00,1.1255,-130470,7.7,0.4861,9.722,1242,-0.0819,3
117.2200,20.00,1.1614,-137638,7.2,0.4636,9.271,1246,-0.1293,3
117.2400,20.00,1.1471,-134790,6.8,0.4593,9.185,1257,-0.1384,3
117.2600,19.99,1.1677,-138897,6.4,0.4413,8.827,1259,-0.1761,3
117.2800,20.00,1.1572,-136800,5.9,0.4346,8.693,1267,-0.1902,3
117.3000,20.00,1.1482,-135003,5.4,0.4346,8.692,1270,-0.1903,3
117.3200,20.01,1.1375,-132870,5.0,0.4403,8.806,1270,-0.1783,3
117.3400,20.00,1.1049,-126352,8.4,0.4623,9.246,1268,-0.1320,3
117.3600,20.00,1.0816,-121694,7.9,0.4830,9.661,1257,-0.0883,3
117.3800,20.00,1.0871,-122786,7.5,0.4910,9.820,1248,-0.0716,3
117.4000,20.00,1.0968,-124726,7.0,0.4930,9.859,1244,-0.0675,3
117.4200,20.00,1.1030,-125963,6.5,0.4942,9.884,1243,-0.0648,3
117.4404,20.35,1.1036,-126082,6.4,0.4967,9.934,1243,-0.0596,3
117.4600,19.65,1.1096,-127285,5.6,0.4952,9.905,1242,-0.0626,3
117.4800,20.00,1.1381,-132986,5.1,0.4793,9.586,1242,-0.0962,3
117.5000,20.00,1.1250,-130369,4.7,0.4811,9.621,1250,-0.0925,3
117.5200,20.00,1.0994,-125242,4.3,0.4969,9.939,1249,-0.0591,3
117.5400,20.00,1.1086,-127094,3.8,0.4944,9.887,1241,-0.0645,3
117.5600,20.01,1.1178,-128918,7.3,0.4912,9.823,1243,-0.0713,3
117.5800,19.99,1.0425,-113879,6.8,0.5330,10.660,1244,0.0168,3
117.6000,20.00,1.0882,-123008,6.3,0.5239,10.477,1225,-0.0024,3
117.6200,20.00,1.1323,-131815,5.9,0.5012,10.023,1229,-0.0502,3
117.6400,20.01,1.1184,-129050,5.4,0.5041,10.082,1240,-0.0440,3
117.6600,20.00,1.1030,-125961,4.9,0.5111,10.222,1238,-0.0293,3
117.6800,20.00,1.1454,-134444,4.4,0.4889,9.779,1235,-0.0759,3
117.7000,20.00,1.1448,-134320,4.0,0.4801,9.603,1245,-0.0945,3
117.7200,20.01,1.1583,-137028,3.6,0.4660,9.319,1249,-0.1243,3
117.7400,19.99,1.1364,-132636,3.1,0.4705,9.410,1256,-0.1148,3
117.7600,20.00,1.0744,-120245,2.7,0.5066,10.133,1254,-0.0386,3
117.7800,20.00,1.0595,-117260,6.1,0.5236,10.473,1237,-0.0028,3
117.8000,20.00,1.0792,-121210,5.6,0.5287,10.575,1229,0.0079,3
117.8200,20.00,1.0412,-113602,5.1,0.5515,11.029,1227,0.0557,3
117.8400,20.00,1.0891,-123196,4.7,0.5450,10.900,1216,0.0421,3
117.8600,20.00,1.0720,-119768,4.2,0.5547,11.094,1219,0.0625,3
117.8800,20.00,1.0483,-115029,3.7,0.5719,11.438,1215,0.0988,3
117.9000,20.00,1.0976,-124891,3.3,0.5580,11.160,1207,0.0695,3
117.9200,20.00,1.1344,-132236,2.8,0.5363,10.726,1213,0.0238,3
117.9400,20.00,1.1484,-135037,2.4,0.5168,10.336,1223,-0.0172,3
117.9600,20.00,1.1559,-136548,1.9,0.5032,10.065,1232,-0.0458,3
117.9800,20.00,1.0788,-121128,1.5,0.5254,10.508,1239,0.0009,3
118.0000,20.00,1.1201,-129377,4.9,0.5168,10.335,1228,-0.0174,3
118.0200,20.00,1.1252,-130399,4.5,0.5126,10.252,1232,-0.0261,3
118.0400,20.00,1.0429,-113956,4.0,0.5441,10.881,1234,0.0402,3
118.0600,20.00,1.0010,-105577,3.5,0.5848,11.696,1220,0.1258,3
118.0800,20.00,1.0470,-114775,3.0,0.5925,11.850,1201,0.1421,3
118.1000,20.00,1.0384,-113047,2.6,0.6027,12.054,1197,0.1636,3
118.1200,20.00,1.0833,-122037,2.1,0.5959,11.918,1192,0.1492,3
118.1400,20.00,1.0939,-124156,1.7,0.5891,11.782,1195,0.1350,3
118.1600,20.00,1.0766,-120696,1.2,0.5907,11.814,1199,0.1384,3
118.1800,20.00,1.0764,-120641,0.8,0.5916,11.832,1198,0.1402,3
118.2000,20.00,1.0873,-122831,0.3,0.5884,11.768,1198,0.1334,3
118.2200,20.00,1.1163,-128619,3.8,0.5745,11.491,1199,0.1043,3
118.2400,20.00,1.0784,-121051,3.3,0.5795,11.590,1205,0.1147,3
118.2600,20.00,1.0904,-123456,2.8,0.5776,11.551,1203,0.1107,3
118.2800,20.00,1.0951,-124396,2.4,0.5748,11.496,1204,0.1049,3
118.3000,20.00,1.0791,-121186,1.9,0.5800,11.601,1205,0.1159,3
118.3200,20.00,1.1015,-125673,1.4,0.5751,11.503,1203,0.1055,3
118.3400,20.00,1.0498,-115324,0.9,0.5920,11.839,1205,0.1410,3
118.3600,20.00,1.0408,-113527,0.5,0.6048,12.097,1197,0.1681,3
118.3800,20.00,1.0210,-109562,0.1,0.6229,12.457,1191,0.2060,3
118.4000,20.00,1.0353,-112435,11.7,0.6297,12.594,1183,0.2204,3
118.4200,20.00,1.0230,-109974,11.3,0.6400,12.801,1180,0.2422,3
118.4400,20.00,1.1044,-126237,2.6,0.6276,12.551,1175,0.2159,3
118.4600,20.00,1.1253,-130417,2.1,0.6148,12.295,1181,0.1890,3
118.4800,20.00,1.0579,-116949,1.6,0.6184,12.367,1187,0.1966,3
118.5000,20.00,1.0812,-121615,1.1,0.6178,12.357,1185,0.1954,3
118.5200,20.00,1.0681,-118992,0.7,0.6204,12.407,1185,0.2007,3
118.5400,20.00,1.1178,-128928,0.2,0.6125,12.251,1184,0.1843,3
118.5600,20.00,1.0906,-123491,12.0,0.6094,12.187,1188,0.1776,3
118.5800,20.00,1.0438,-114130,11.6,0.6200,12.401,1189,0.2001,3
118.6000,20.00,1.0209,-109557,11.0,0.6401,12.801,1184,0.2422,3
118.6200,20.00,1.0322,-111811,10.6,0.6498,12.996,1175,0.2628,3
118.6400,20.00,1.0442,-114210,10.1,0.6544,13.088,1170,0.2724,3
118.6600,20.00,1.0303,-111430,1.4,0.6640,13.280,1168,0.2926,3
118.6800,20.00,1.0771,-120796,0.9,0.6619,13.237,1164,0.2881,3
118.7000,20.00,1.0902,-123416,0.5,0.6579,13.158,1165,0.2798,3
118.7200,20.00,1.0858,-122519,8.3,0.6553,13.107,1167,0.2744,3
118.7400,20.00,0.9884,-103056,7.8,0.6761,13.522,1168,0.3181,3
118.7600,20.00,1.0075,-106868,7.4,0.6880,13.759,1158,0.3431,3
118.7800,20.00,1.0613,-117622,10.9,0.6876,13.751,1153,0.3422,3
118.8000,20.00,1.0721,-119793,10.4,0.6859,13.719,1153,0.3388,3
118.8200,20.00,1.1039,-126151,9.9,0.6769,13.537,1154,0.3197,3
118.8400,20.00,1.1171,-128787,9.4,0.6673,13.346,1158,0.2995,3
118.8600,20.00,1.0688,-119118,8.9,0.6707,13.413,1162,0.3067,3
118.8800,20.00,1.0695,-119271,0.3,0.6739,13.479,1161,0.3135,3
118.9000,20.00,1.1027,-125908,8.0,0.6710,13.421,1159,0.3075,3
118.9200,20.00,1.1454,-134440,7.6,0.6580,13.160,1161,0.2800,3
118.9400,20.00,1.0669,-118744,7.1,0.6623,13.246,1167,0.2891,3
118.9600,20.00,1.0056,-106486,6.7,0.6805,13.611,1165,0.3274,3
118.9800,20.00,1.0387,-113111,6.2,0.6912,13.825,1156,0.3500,3
119.0000,20.00,1.0321,-111795,9.7,0.7014,14.028,1151,0.3714,3
119.0200,20.00,1.0859,-122539,9.2,0.7004,14.007,1147,0.3692,3
119.0400,20.00,1.0808,-121518,8.7,0.6999,13.998,1147,0.3682,3
119.0600,20.00,1.0679,-118958,8.2,0.7015,14.031,1147,0.3717,3
119.0800,20.00,1.0719,-119747,7.8,0.7030,14.059,1147,0.3747,3
119.1000,20.00,1.0714,-119652,7.3,0.7046,14.092,1146,0.3781,3
119.1200,20.00,1.0311,-111587,6.9,0.7133,14.266,1145,0.3965,3
119.1400,20.00,1.0242,-110210,6.4,0.7223,14.447,1141,0.4155,3
119.1600,20.00,1.1108,-127533,6.0,0.7147,14.295,1137,0.3995,3
119.1800,20.00,1.1663,-138620,5.5,0.6955,13.910,1140,0.3590,3
119.2000,20.00,1.1032,-126001,5.1,0.6984,13.969,1149,0.3651,3
119.2200,20.00,1.0515,-115671,8.5,0.7046,14.093,1148,0.3782,3
119.2400,20.00,1.0211,-109587,8.0,0.7154,14.308,1145,0.4008,3
119.2600,20.00,1.0596,-117297,7.6,0.7231,14.461,1140,0.4170,3
119.2800,20.00,1.1546,-136278,7.1,0.7097,14.194,1137,0.3889,3
119.3000,20.00,1.1231,-129995,6.6,0.7075,14.150,1143,0.3842,3
119.3200,20.00,1.0372,-112811,6.1,0.7151,14.302,1144,0.4002,3
119.3400,20.00,1.0668,-118729,5.7,0.7209,14.418,1140,0.4124,3
119.3600,20.00,1.0519,-115753,5.2,0.7269,14.538,1137,0.4250,3
119.3800,20.00,1.0777,-120906,4.8,0.7306,14.612,1135,0.4328,3
119.4000,20.00,1.0740,-120162,4.4,0.7324,14.648,1133,0.4366,3
119.4200,20.00,1.0902,-123401,3.9,0.7319,14.639,1132,0.4357,3
119.4400,20.00,1.1812,-141606,7.3,0.7140,14.281,1132,0.3980,3
119.4600,20.00,1.1531,-135991,6.9,0.7114,14.227,1141,0.3923,3
119.4800,20.00,1.1140,-128167,6.4,0.7145,14.291,1142,0.3990,3
119.5000,20.00,1.0728,-119937,5.9,0.7178,14.355,1140,0.4058,3
119.5200,20.00,1.1095,-127260,5.4,0.7205,14.411,1139,0.4117,3
119.5400,20.00,1.1548,-136318,5.0,0.7145,14.290,1138,0.3989,3
119.5600,20.00,1.1426,-133881,4.5,0.7129,14.257,1140,0.3955,3
119.5800,20.00,1.1162,-128597,4.1,0.7151,14.302,1141,0.4002,3
119.6000,20.00,1.0284,-111050,3.6,0.7214,14.429,1140,0.4136,3
119.6200,20.00,1.1106,-127484,3.1,0.7247,14.495,1137,0.4205,3
119.6400,20.00,1.1338,-132132,2.7,0.7240,14.479,1136,0.4188,3
119.6600,20.00,1.1425,-133858,6.2,0.7209,14.417,1136,0.4124,3
119.6800,20.00,1.1038,-126135,5.7,0.7215,14.429,1137,0.4136,3
119.7000,20.00,1.0191,-109181,5.2,0.7297,14.595,1137,0.4310,3
119.7200,20.00,1.0754,-120451,4.8,0.7353,14.706,1134,0.4427,3
119.7400,20.00,1.1390,-133171,4.3,0.7326,14.652,1131,0.4370,3
119.7600,20.00,1.2022,-145802,3.8,0.7196,14.392,1132,0.4097,3
119.7800,20.00,1.1108,-127519,3.3,0.7239,14.478,1138,0.4188,3
119.8000,20.00,1.0883,-123019,2.9,0.7280,14.560,1136,0.4274,3
119.8200,20.00,1.1393,-133233,2.5,0.7258,14.516,1134,0.4227,3
119.8400,20.00,1.1370,-132771,2.0,0.7245,14.491,1135,0.4201,3
119.8600,20.00,1.0935,-124076,1.5,0.7289,14.579,1136,0.4293,3
119.8800,20.00,1.1021,-125790,5.0,0.7315,14.631,1134,0.4348,3
119.9000,20.01,1.1287,-131098,4.6,0.7310,14.619,1133,0.4336,3
119.9200,20.00,1.1235,-130072,4.1,0.7314,14.629,1133,0.4346,3
119.9400,20.00,1.1257,-130504,3.6,0.7314,14.629,1133,0.4346,3
119.9600,20.00,1.0940,-124176,3.1,0.7348,14.696,1133,0.4417,3
119.9800,20.00,1.1108,-127527,2.6,0.7363,14.726,1131,0.4448,3
120.0000,20.00,1.1072,-126798,2.2,0.7381,14.762,1130,0.4486,3
120.0200,20.00,1.1849,-142343,1.7,0.7268,14.536,1130,0.4248,3
120.0400,20.00,1.1616,-137681,1.3,0.7242,14.484,1135,0.4194,3
120.0600,20.00,1.1484,-135037,0.8,0.7244,14.488,1136,0.4198,3
120.0800,20.00,1.1328,-131930,0.4,0.7268,14.536,1136,0.4249,3
120.1000,20.00,1.1270,-130769,3.9,0.7289,14.577,1135,0.4292,3
120.1200,20.00,1.1398,-133320,3.4,0.7277,14.554,1134,0.4267,3
120.1400,20.00,1.1183,-129024,2.9,0.7314,14.627,1134,0.4344,3
120.1600,20.00,1.0853,-122422,2.4,0.7367,14.735,1133,0.4458,3
120.1800,20.00,1.1488,-135115,1.9,0.7325,14.650,1130,0.4369,3
120.2000,20.00,1.1410,-133570,1.5,0.7321,14.642,1132,0.4360,3
120.2200,20.00,1.1441,-134192,1.0,0.7309,14.619,1132,0.4336,3
120.2400,20.00,1.1268,-130734,0.6,0.7335,14.670,1133,0.4390,3
120.2600,20.00,1.1367,-132700,0.1,0.7329,14.658,1132,0.4377,3
120.2800,20.00,1.1368,-132715,11.8,0.7329,14.657,1132,0.4376,3
120.3000,20.00,1.2185,-149055,11.4,0.7196,14.391,1132,0.4096,3
120.3200,20.00,1.1701,-139382,2.7,0.7183,14.366,1138,0.4070,3
120.3400,20.00,1.2190,-149151,2.2,0.7093,14.187,1139,0.3881,3
120.3600,20.00,1.2790,-161166,1.7,0.6871,13.743,1143,0.3413,3
120.3800,20.00,1.2553,-156426,1.3,0.6770,13.540,1153,0.3200,3
120.4000,20.00,1.2207,-149508,0.8,0.6761,13.521,1158,0.3180,3
120.4200,20.00,1.1746,-140280,0.3,0.6842,13.683,1158,0.3351,3
120.4400,20.00,1.1836,-142080,12.1,0.6845,13.689,1155,0.3357,3
120.4600,20.00,1.2522,-155800,11.6,0.6664,13.329,1154,0.2977,3
120.4800,20.00,1.2708,-159517,11.1,0.6424,12.848,1163,0.2471,3
120.5000,20.00,1.1669,-138733,10.7,0.6618,13.237,1174,0.2881,3
120.5200,20.00,1.1172,-128799,10.2,0.6824,13.649,1165,0.3315,3
120.5400,20.00,1.0988,-125120,1.5,0.6969,13.938,1155,0.3619,3
120.5600,20.00,1.1825,-141869,1.0,0.6899,13.798,1149,0.3471,3
120.5800,20.00,1.2295,-151251,0.6,0.6763,13.526,1152,0.3185,3
120.6000,20.00,1.1751,-140379,0.1,0.6804,13.607,1158,0.3271,3
120.6200,20.00,1.1084,-127054,7.9,0.6961,13.922,1156,0.3602,3
120.6400,20.00,1.1436,-134092,7.5,0.6985,13.969,1149,0.3652,3
120.6600,20.00,1.2587,-157102,10.9,0.6736,13.471,1148,0.3128,3
120.6800,20.00,1.3063,-166609,10.5,0.6336,12.672,1159,0.2287,3
120.7000,20.00,1.2366,-152675,10.0,0.6322,12.644,1178,0.2257,3
120.7200,20.00,1.2291,-151179,9.5,0.6285,12.571,1179,0.2180,3
120.7400,20.00,1.1461,-134592,9.0,0.6468,12.935,1180,0.2563,3
120.7600,20.00,1.2836,-162073,0.3,0.6143,12.285,1172,0.1879,3
120.7800,20.00,1.2500,-155368,8.1,0.6018,12.035,1187,0.1616,3
120.8000,20.00,1.2200,-149368,7.7,0.6027,12.054,1193,0.1636,3
120.8200,20.00,1.2164,-148636,7.2,0.6023,12.047,1192,0.1628,3
120.8400,20.00,1.1687,-139111,6.8,0.6197,12.394,1192,0.1994,3
120.8600,20.00,1.1887,-143094,6.3,0.6251,12.503,1185,0.2108,3
120.8800,20.00,1.1694,-139234,9.8,0.6346,12.692,1182,0.2308,3
120.9000,20.00,1.1399,-133346,9.3,0.6454,12.907,1178,0.2534,3
120.9200,20.00,1.2608,-157518,8.8,0.6171,12.343,1172,0.1940,3
120.9400,20.00,1.2928,-163912,8.3,0.5791,11.583,1186,0.1140,3
120.9600,20.01,1.2509,-155535,7.9,0.5694,11.388,1203,0.0935,3
120.9800,20.00,1.1400,-133361,7.4,0.5952,11.905,1208,0.1479,3
121.0000,20.00,1.1479,-134941,6.9,0.6145,12.289,1196,0.1884,3
121.0200,19.99,1.2113,-147612,6.5,0.6066,12.132,1187,0.1718,3
121.0400,20.00,1.2908,-163517,6.0,0.5669,11.338,1191,0.0882,3
121.0600,20.00,1.2711,-159580,5.6,0.5457,10.914,1209,0.0435,3
121.0800,20.00,1.2039,-146143,5.1,0.5570,11.141,1219,0.0675,3
121.1000,20.00,1.1624,-137851,4.7,0.5765,11.531,1214,0.1085,3
121.1200,20.00,1.1584,-137050,8.1,0.5922,11.844,1205,0.1414,3
121.1400,20.00,1.1398,-133320,7.7,0.6065,12.130,1197,0.1716,3
121.1600,20.00,1.1877,-142893,7.1,0.6049,12.099,1191,0.1683,3
121.1800,20.00,1.2072,-146793,6.7,0.5955,11.910,1191,0.1484,3
121.2000,20.00,1.2431,-153970,6.2,0.5734,11.469,1196,0.1020,3
121.2200,20.00,1.2710,-159555,5.8,0.5444,10.888,1206,0.0408,3
121.2400,20.00,1.2413,-153626,5.3,0.5359,10.718,1219,0.0229,3
121.2600,20.00,1.2166,-148686,4.9,0.5370,10.741,1223,0.0253,3
121.2800,20.00,1.1820,-141760,4.4,0.5499,10.999,1223,0.0525,3
121.3000,20.00,1.2229,-149949,4.0,0.5428,10.855,1217,0.0374,3
121.3200,20.00,1.2168,-148719,3.5,0.5390,10.780,1220,0.0295,3
121.3400,20.00,1.2347,-152309,6.9,0.5259,10.517,1222,0.0018,3
121.3600,20.00,1.2104,-147441,6.5,0.5259,10.517,1228,0.0018,3
121.3800,20.00,1.1874,-142833,6.0,0.5345,10.691,1228,0.0201,3
121.4000,20.00,1.2106,-147473,5.5,0.5316,10.632,1224,0.0139,3
121.4200,20.00,1.1866,-142683,5.1,0.5379,10.757,1225,0.0271,3
121.4400,20.00,1.1678,-138918,4.6,0.5484,10.969,1222,0.0493,3
121.4600,20.00,1.1885,-143062,4.1,0.5488,10.977,1217,0.0502,3
121.4800,20.00,1.2207,-149492,3.7,0.5358,10.717,1217,0.0228,3
121.5000,20.00,1.1764,-140643,3.3,0.5431,10.861,1223,0.0380,3
121.5200,20.00,1.2269,-150739,2.8,0.5274,10.549,1220,0.0051,3
121.5400,20.00,1.2317,-151691,2.4,0.5129,10.259,1227,-0.0254,3
121.5600,20.00,1.2001,-145390,5.8,0.5162,10.324,1234,-0.0185,3
121.5800,20.00,1.2093,-147215,5.3,0.5135,10.270,1233,-0.0242,3
121.6000,20.00,1.2120,-147751,4.9,0.5101,10.202,1234,-0.0314,3
121.6200,20.00,1.2290,-151165,4.3,0.5012,10.024,1235,-0.0501,3
121.6400,20.00,1.2356,-152485,3.9,0.4922,9.844,1240,-0.0691,3
121.6600,20.00,1.2274,-150842,3.4,0.4884,9.767,1244,-0.0771,3
121.6800,20.00,1.2128,-147928,3.0,0.4897,9.794,1245,-0.0743,3
121.7000,20.00,1.1699,-139349,2.5,0.5049,10.098,1245,-0.0423,3
121.7200,20.00,1.1560,-136566,2.1,0.5168,10.335,1238,-0.0173,3
121.7400,20.00,1.1436,-134092,1.6,0.5261,10.521,1232,0.0023,3
121.7600,20.00,1.1304,-131450,1.1,0.5363,10.727,1228,0.0239,3
121.7800,19.99,1.1767,-140705,4.6,0.5338,10.676,1223,0.0186,3
121.8000,20.00,1.1978,-144921,4.1,0.5252,10.504,1224,0.0004,3
121.8200,20.00,1.2226,-149872,3.7,0.5088,10.176,1228,-0.0341,3
121.8400,20.00,1.2464,-154642,3.2,0.4883,9.766,1236,-0.0772,3
121.8600,20.00,1.2338,-152123,2.7,0.4827,9.654,1245,-0.0890,3
121.8800,20.00,1.2449,-154347,2.3,0.4710,9.420,1248,-0.1137,3
121.9000,20.00,1.2167,-148691,1.8,0.4731,9.461,1253,-0.1093,3
121.9200,20.00,1.1926,-143889,1.4,0.4822,9.644,1253,-0.0901,3
121.9400,20.00,1.2131,-147977,0.9,0.4781,9.562,1248,-0.0987,3
121.9600,20.00,1.1797,-141302,0.4,0.4872,9.744,1250,-0.0796,3
121.9800,20.03,1.1560,-136564,0.0,0.4989,9.978,1246,-0.0549,3
122.0000,19.97,1.1243,-130216,3.5,0.5120,10.239,1240,-0.0275,3
122.0200,20.00,1.1448,-134332,3.0,0.5152,10.303,1234,-0.0207,3
122.0400,20.00,1.1573,-136833,2.5,0.5154,10.308,1233,-0.0202,3
122.0600,20.00,1.1404,-133454,2.0,0.5189,10.377,1233,-0.0129,3
122.0800,20.00,1.0890,-123169,1.6,0.5330,10.660,1231,0.0169,3
122.1000,20.00,1.1026,-125893,1.1,0.5421,10.842,1225,0.0359,3
122.1200,20.00,1.1043,-126220,0.6,0.5492,10.984,1221,0.0510,3
122.1400,20.00,1.0972,-124807,0.1,0.5582,11.164,1217,0.0699,3
122.1600,20.00,1.0540,-116166,11.9,0.5805,11.611,1213,0.1169,3
122.1800,20.00,0.9920,-103764,11.5,0.6146,12.292,1203,0.1886,3
122.2000,20.00,0.9922,-103803,11.0,0.6477,12.954,1187,0.2583,3
122.2200,20.00,1.0714,-119645,2.3,0.6500,13.001,1172,0.2632,3
122.2400,20.00,1.1323,-131827,1.8,0.6382,12.763,1170,0.2382,3
122.2600,20.00,1.1001,-125392,1.3,0.6349,12.698,1176,0.2313,3
122.2800,20.00,1.0362,-112614,0.9,0.6458,12.916,1177,0.2543,3
122.3000,20.00,1.0123,-107828,0.4,0.6655,13.309,1172,0.2957,3
122.3200,20.00,0.9833,-102040,8.3,0.6868,13.735,1163,0.3406,3
122.3400,19.99,1.0029,-105955,11.7,0.6995,13.991,1153,0.3674,3
122.3600,20.00,1.0008,-105529,11.3,0.7105,14.209,1147,0.3905,3
122.3800,20.00,1.0125,-107873,10.8,0.7171,14.342,1142,0.4045,3
122.4000,20.00,0.9642,-98206,10.3,0.7328,14.656,1139,0.4374,3
122.4200,20.00,0.9383,-93026,9.8,0.7601,15.202,1132,0.4950,3
122.4400,20.00,0.9535,-96074,1.1,0.7794,15.588,1119,0.5356,3
122.4600,20.00,1.0068,-106736,0.7,0.7783,15.567,1110,0.5334,3
122.4800,20.00,1.0232,-110014,0.2,0.7754,15.509,1111,0.5273,3
122.5000,20.00,1.0389,-113152,8.0,0.7697,15.394,1112,0.5152,3
122.5200,20.00,1.0602,-117413,7.5,0.7599,15.199,1115,0.4946,3
122.5400,20.00,1.0243,-110229,7.1,0.7663,15.326,1119,0.5080,3
122.5600,20.00,0.9474,-94853,10.6,0.7964,15.928,1116,0.5714,3
122.5800,20.00,0.9723,-99836,10.1,0.8131,16.261,1102,0.6065,3
122.6000,20.00,1.0000,-105370,9.6,0.8201,16.401,1095,0.6212,3
122.6200,20.00,1.0194,-109256,9.1,0.8208,16.415,1092,0.6227,3
122.6400,20.00,1.0420,-113779,8.7,0.8156,16.312,1091,0.6118,3
122.6600,20.00,0.9409,-93557,0.0,0.8427,16.854,1094,0.6688,3
122.6800,19.99,0.9436,-94104,7.7,0.8604,17.209,1081,0.7062,3
122.7000,20.00,0.9817,-101709,7.3,0.8635,17.271,1073,0.7127,3
122.7200,20.00,1.0974,-124847,6.8,0.8386,16.771,1071,0.6601,3
122.7400,20.00,1.1391,-133190,6.4,0.8012,16.023,1083,0.5814,3
122.7600,20.00,1.0643,-118225,5.9,0.8023,16.046,1100,0.5838,3
122.7800,20.00,1.0175,-108871,9.4,0.8133,16.265,1100,0.6069,3
122.8000,20.01,1.0257,-110505,8.9,0.8211,16.423,1095,0.6234,3
122.8200,19.99,1.0157,-108508,8.4,0.8315,16.629,1091,0.6452,3
122.8400,20.01,1.0619,-117757,7.9,0.8276,16.552,1086,0.6370,3
122.8600,20.00,1.0491,-115187,7.5,0.8273,16.547,1088,0.6365,3
122.8800,20.00,1.0203,-109438,7.0,0.8352,16.705,1088,0.6531,3
122.9000,20.00,0.9377,-92907,6.6,0.8625,17.250,1085,0.7106,3
122.9200,20.00,0.9964,-104642,6.1,0.8719,17.439,1072,0.7304,3
122.9400,20.00,0.9898,-103342,5.7,0.8804,17.609,1067,0.7483,3
122.9600,20.00,1.0495,-115272,5.2,0.8738,17.475,1063,0.7343,3
122.9800,20.00,1.1481,-134989,4.8,0.8455,16.910,1066,0.6747,3
123.0000,20.00,1.1106,-127480,8.2,0.8350,16.699,1080,0.6526,3
123.0200,20.00,1.1075,-126859,7.7,0.8252,16.505,1085,0.6321,3
123.0400,20.00,1.1227,-129904,7.3,0.8102,16.203,1089,0.6003,3
123.0600,20.00,1.1112,-127609,6.8,0.8023,16.046,1096,0.5838,3
123.0800,20.00,1.0332,-112005,6.3,0.8135,16.271,1100,0.6074,3
123.1000,20.00,1.0702,-119411,5.8,0.8166,16.333,1095,0.6140,3
123.1200,20.00,1.0375,-112867,5.4,0.8232,16.464,1093,0.6278,3
123.1400,20.00,1.0317,-111717,5.0,0.8300,16.599,1090,0.6421,3
123.1600,20.00,0.9970,-104774,4.5,0.8436,16.871,1087,0.6707,3
123.1800,20.00,1.0400,-113367,4.1,0.8458,16.917,1081,0.6754,3
123.2000,20.00,1.1137,-128101,3.6,0.8333,16.666,1079,0.6491,3
123.2200,20.00,1.1705,-139459,7.1,0.8004,16.009,1085,0.5799,3
123.2400,20.00,1.1738,-140116,6.6,0.7840,15.680,1101,0.5453,3
123.2600,20.00,1.1655,-138459,6.1,0.7743,15.485,1108,0.5247,3
123.2800,20.00,1.1719,-139738,5.6,0.7651,15.301,1113,0.5054,3
123.3000,20.00,1.2035,-146058,5.1,0.7523,15.046,1117,0.4785,3
123.3200,20.00,1.2230,-149967,4.7,0.7427,14.853,1123,0.4582,3
123.3400,20.01,1.2393,-153226,4.2,0.7329,14.658,1127,0.4377,3
123.3600,19.99,1.2325,-151861,3.8,0.7261,14.523,1132,0.4235,3
123.3800,20.00,1.2701,-159379,3.3,0.7117,14.234,1135,0.3931,3
123.4000,20.00,1.2779,-160938,2.9,0.6980,13.960,1142,0.3643,3
123.4200,20.00,1.2620,-157765,2.4,0.6897,13.793,1148,0.3466,3
123.4400,20.00,1.2432,-153997,5.9,0.6872,13.744,1152,0.3415,3
123.4600,20.00,1.2020,-145762,5.4,0.6936,13.872,1153,0.3549,3
123.4800,20.00,1.2389,-153137,4.9,0.6866,13.731,1150,0.3401,3
123.5000,20.00,1.1539,-136135,4.4,0.6999,13.998,1153,0.3682,3
123.5200,20.00,1.2116,-147675,4.0,0.6960,13.920,1147,0.3600,3
123.5400,20.00,1.2122,-147794,3.5,0.6936,13.871,1149,0.3549,3
123.5600,20.00,1.2575,-156861,3.0,0.6787,13.574,1150,0.3236,3
123.5800,20.00,1.2749,-160330,2.6,0.6579,13.158,1157,0.2798,3
123.6000,20.00,1.2857,-162502,2.1,0.6347,12.694,1167,0.2309,3
123.6200,20.00,1.2584,-157030,1.7,0.6260,12.520,1178,0.2126,3
123.6400,20.00,1.3060,-166551,1.2,0.5934,11.868,1182,0.1440,3
123.6600,20.00,1.2739,-160128,4.7,0.5855,11.711,1197,0.1275,3
123.6800,20.00,1.2317,-151695,4.3,0.5951,11.901,1200,0.1475,3
123.7000,20.00,1.2702,-159395,3.8,0.5819,11.638,1196,0.1198,3
123.7200,20.00,1.2965,-164655,3.3,0.5569,11.138,1202,0.0671,3
123.7400,20.00,1.2737,-160096,2.8,0.5468,10.935,1214,0.0458,3
123.7600,20.00,1.2258,-150523,2.3,0.5540,11.081,1218,0.0611,3
123.7800,20.00,1.2165,-148660,1.9,0.5644,11.288,1215,0.0829,3
123.8000,20.00,1.2237,-150098,1.5,0.5721,11.443,1210,0.0993,3
123.8200,20.00,1.2515,-155652,1.0,0.5649,11.298,1207,0.0840,3
123.8400,20.00,1.3122,-167794,0.5,0.5295,10.590,1210,0.0094,3
123.8600,20.00,1.2953,-164410,0.1,0.5109,10.219,1226,-0.0296,3
123.8800,20.00,1.2927,-163895,3.5,0.5009,10.018,1235,-0.0507,3
123.9000,20.00,1.2153,-148430,3.1,0.5132,10.264,1240,-0.0249,3
123.9200,20.00,1.1583,-137033,2.6,0.5375,10.750,1234,0.0263,3
123.9400,20.00,1.1244,-130236,2.1,0.5692,11.384,1223,0.0931,3
123.9600,20.00,1.0886,-123096,1.7,0.6015,12.030,1208,0.1610,3
123.9800,19.99,1.1204,-129451,1.1,0.6252,12.504,1193,0.2110,3
124.0000,20.00,1.2737,-160101,0.7,0.5950,11.900,1182,0.1474,3
124.0200,20.00,1.3275,-170847,0.3,0.5469,10.937,1196,0.0460,3
124.0400,20.00,1.3649,-178339,12.0,0.5031,10.062,1218,-0.0461,3
124.0600,20.00,1.3676,-178865,11.5,0.4758,9.515,1239,-0.1037,3
124.0800,20.00,1.3259,-170531,11.0,0.4588,9.176,1251,-0.1393,3
124.1000,20.00,1.2601,-157386,2.3,0.4569,9.138,1259,-0.1433,3
124.1200,20.00,1.2386,-153070,1.9,0.4635,9.270,1260,-0.1295,3
124.1400,20.00,1.1738,-140113,1.4,0.4917,9.834,1257,-0.0702,3
124.1600,20.00,1.0480,-114978,0.9,0.5308,10.617,1244,0.0123,3
124.1800,20.00,1.0325,-111864,0.5,0.5695,11.390,1226,0.0936,3
124.2000,20.00,1.0223,-109827,8.4,0.6037,12.073,1208,0.1656,3
124.2200,20.00,1.0020,-105776,11.8,0.6363,12.726,1192,0.2343,3
124.2400,20.00,0.9916,-103682,11.3,0.6667,13.334,1177,0.2983,3
124.2600,20.00,0.9972,-104810,10.9,0.6918,13.835,1163,0.3511,3
124.2800,20.00,1.0006,-105486,10.4,0.7103,14.206,1151,0.3901,3
124.3000,20.00,1.0533,-116027,9.9,0.7196,14.393,1142,0.4098,3
124.3200,20.00,1.1653,-138420,1.2,0.6988,13.975,1138,0.3658,3
124.3400,20.00,1.1692,-139207,0.7,0.6858,13.717,1148,0.3386,3
124.3600,20.00,1.1383,-133033,0.3,0.6859,13.717,1154,0.3386,3
124.3800,20.00,1.1380,-132963,8.1,0.6833,13.666,1154,0.3333,3
124.4000,20.00,1.0893,-123219,7.6,0.6868,13.735,1155,0.3406,3
124.4200,20.00,1.0743,-120232,7.1,0.6925,13.849,1153,0.3526,3
124.4400,20.00,1.0452,-114403,10.7,0.7007,14.015,1151,0.3700,3
124.4600,20.00,1.0531,-115989,10.1,0.7084,14.169,1147,0.3862,3
124.4800,20.00,1.0514,-115643,9.7,0.7164,14.327,1143,0.4029,3
124.5000,20.00,0.9532,-96021,9.2,0.7358,14.716,1140,0.4438,3
124.5200,20.00,0.8537,-76127,8.7,0.8025,16.050,1130,0.5842,3
124.5400,20.00,0.9202,-89408,0.1,0.8405,16.810,1100,0.6642,3
124.5600,20.00,0.9537,-96115,7.8,0.8589,17.178,1082,0.7029,3
124.5800,20.00,1.0766,-120692,7.4,0.8387,16.775,1073,0.6605,3
124.6000,20.00,1.0726,-119890,6.9,0.8277,16.554,1083,0.6373,3
124.6200,20.00,1.1112,-127607,6.4,0.8008,16.015,1088,0.5806,3
124.6400,20.00,1.1239,-130147,6.0,0.7743,15.486,1100,0.5248,3
124.6600,20.00,1.1738,-140124,5.5,0.7479,14.957,1113,0.4692,3
124.6800,20.00,1.1543,-136219,9.0,0.7363,14.726,1125,0.4448,3
124.7000,20.00,1.1599,-137345,8.5,0.7292,14.583,1130,0.4298,3
124.7200,20.00,1.0622,-117799,8.0,0.7363,14.726,1134,0.4448,3
124.7400,20.00,0.9774,-100843,7.6,0.7523,15.046,1130,0.4785,3
124.7600,20.00,0.9185,-89083,7.1,0.8093,16.186,1123,0.5986,3
124.7800,20.00,0.9020,-85774,6.7,0.8524,17.048,1096,0.6893,3
124.8000,20.00,0.8973,-84843,6.2,0.8802,17.604,1076,0.7478,3
124.8200,20.01,0.9603,-97435,5.7,0.8916,17.832,1064,0.7717,3
124.8400,20.00,0.9710,-99581,5.3,0.8974,17.949,1058,0.7841,3
124.8600,20.00,0.9795,-101273,4.8,0.9011,18.023,1056,0.7919,3
124.8800,20.00,1.0300,-111370,4.4,0.8939,17.877,1054,0.7765,3
124.9000,20.00,1.1033,-126032,7.8,0.8768,17.536,1057,0.7407,3
124.9200,20.00,1.1309,-131537,7.3,0.8553,17.106,1065,0.6954,3
124.9400,20.00,1.0613,-117630,6.9,0.8506,17.012,1075,0.6855,3
124.9600,20.00,1.0269,-110741,6.4,0.8530,17.060,1077,0.6905,3
124.9800,20.00,0.9969,-104754,5.9,0.8628,17.255,1076,0.7111,3
125.0000,20.00,0.9923,-103835,5.4,0.8713,17.425,1072,0.7290,3
125.0200,20.00,1.0433,-114032,5.0,0.8658,17.317,1068,0.7176,3
125.0400,20.00,0.9803,-101434,4.6,0.8767,17.535,1070,0.7405,3
125.0600,20.00,1.0060,-106577,4.1,0.8780,17.561,1065,0.7433,3
125.0800,20.00,1.0412,-113616,3.7,0.8720,17.440,1065,0.7305,3
125.1000,20.00,1.0057,-106507,3.1,0.8757,17.513,1067,0.7383,3
125.1200,20.00,1.0510,-115567,6.7,0.8685,17.370,1066,0.7231,3
125.1400,20.00,1.0688,-119123,6.2,0.8600,17.199,1069,0.7052,3
125.1600,20.00,1.0371,-112783,5.7,0.8586,17.171,1073,0.7022,3
125.1800,20.00,1.0068,-106735,5.2,0.8647,17.294,1074,0.7151,3
125.2000,20.00,0.9713,-99642,4.8,0.8773,17.547,1071,0.7417,3
125.2200,20.00,1.0250,-110374,4.3,0.8740,17.480,1065,0.7347,3
125.2400,20.00,1.1016,-125681,3.8,0.8583,17.166,1066,0.7017,3
125.2600,20.00,1.1176,-128889,3.4,0.8413,16.826,1074,0.6659,3
125.2800,20.00,1.0443,-114239,2.9,0.8411,16.822,1082,0.6654,3
125.3000,20.00,1.0791,-121182,2.5,0.8358,16.716,1082,0.6544,3
125.3200,19.99,1.0674,-118856,2.0,0.8329,16.657,1084,0.6481,3
125.3400,20.00,1.0227,-109919,5.5,0.8385,16.769,1085,0.6599,3
125.3600,20.00,0.9089,-87155,5.0,0.8674,17.349,1083,0.7209,3
125.3800,20.00,0.9808,-101535,4.5,0.8793,17.586,1069,0.7459,3
125.4000,20.00,1.0673,-118838,4.1,0.8681,17.361,1064,0.7222,3
125.4200,20.00,1.0655,-118460,3.6,0.8600,17.200,1069,0.7053,3
125.4400,20.00,1.0514,-115644,3.1,0.8560,17.119,1073,0.6968,3
125.4600,20.00,1.0647,-118302,2.7,0.8504,17.007,1075,0.6850,3
125.4800,20.00,1.0678,-118919,2.2,0.8452,16.904,1077,0.6741,3
125.5000,20.00,1.1202,-129398,1.8,0.8295,16.591,1080,0.6411,3
125.5200,20.00,1.2213,-149617,1.3,0.7896,15.792,1087,0.5571,3
125.5400,20.00,1.1514,-135649,0.9,0.7793,15.585,1106,0.5353,3
125.5600,20.00,1.0027,-105908,4.3,0.8000,15.999,1110,0.5789,3
125.5800,20.00,0.8972,-84810,3.8,0.8451,16.902,1101,0.6739,3
125.6000,20.00,0.8653,-78431,3.4,0.8780,17.560,1080,0.7431,3
125.6200,20.00,0.8744,-80264,2.9,0.8987,17.973,1065,0.7867,3
125.6400,20.00,0.9390,-93173,2.4,0.9060,18.121,1055,0.8022,3
125.6600,20.00,0.9871,-102783,1.9,0.9049,18.099,1052,0.7998,3
125.6800,20.00,0.9897,-103318,1.5,0.9039,18.077,1052,0.7976,3
125.7000,20.00,1.0335,-112078,1.1,0.8943,17.887,1053,0.7776,3
125.7200,20.00,1.0547,-116310,0.6,0.8849,17.699,1057,0.7578,3
125.7400,20.00,1.0808,-121527,0.1,0.8732,17.463,1061,0.7330,3
125.7600,20.00,1.1359,-132549,11.8,0.8500,17.000,1067,0.6842,3
125.7800,20.00,1.1855,-142458,3.1,0.8085,16.169,1078,0.5968,3
125.8000,20.00,1.1933,-144025,2.7,0.7865,15.731,1097,0.5506,3
125.8200,20.00,1.1689,-139152,2.2,0.7749,15.498,1107,0.5261,3
125.8400,20.00,1.1613,-137626,1.7,0.7669,15.338,1112,0.5092,3
125.8600,20.00,1.1038,-126118,1.3,0.7720,15.440,1116,0.5200,3
125.8800,20.00,1.1495,-135271,0.8,0.7664,15.329,1114,0.5083,3
125.9000,20.00,1.1550,-136360,0.3,0.7612,15.223,1116,0.4972,3
125.9200,20.00,1.2525,-155859,12.1,0.7431,14.862,1119,0.4592,3
125.9400,20.00,1.1889,-143146,11.6,0.7411,14.822,1127,0.4550,3
125.9600,20.00,1.1686,-139073,11.1,0.7407,14.814,1128,0.4541,3
125.9800,20.00,1.1938,-144121,10.7,0.7369,14.738,1128,0.4461,3
126.0000,20.00,1.2271,-150776,2.0,0.7294,14.589,1130,0.4304,3
126.0200,20.00,1.2951,-164377,1.5,0.7079,14.159,1134,0.3851,3
126.0400,20.00,1.2948,-164324,1.0,0.6918,13.836,1143,0.3512,3
126.0600,20.00,1.2544,-156237,0.5,0.6888,13.776,1151,0.3449,3
126.0800,20.00,1.2662,-158607,0.1,0.6786,13.573,1152,0.3235,3
126.1000,20.00,1.2846,-162274,8.0,0.6603,13.205,1157,0.2848,3
126.1200,20.00,1.2972,-164792,11.4,0.6354,12.708,1166,0.2324,3
126.1400,20.00,1.3052,-166400,10.9,0.6093,12.186,1177,0.1775,3
126.1600,20.00,1.3196,-169267,10.5,0.5850,11.700,1189,0.1263,3
126.1800,20.00,1.2918,-163714,10.0,0.5751,11.502,1201,0.1055,3
126.2000,20.00,1.2797,-161297,9.5,0.5672,11.344,1205,0.0888,3
126.2200,19.99,1.2316,-151670,0.8,0.5792,11.584,1209,0.1141,3
126.2400,20.00,1.2396,-153286,0.3,0.5861,11.723,1203,0.1287,3
126.2600,20.00,1.2813,-161622,8.1,0.5678,11.356,1200,0.0901,3
126.2800,20.00,1.2530,-155950,7.7,0.5663,11.326,1208,0.0870,3
126.3000,20.00,1.2409,-153546,7.2,0.5682,11.365,1209,0.0910,3
126.3200,19.99,1.2494,-155244,6.8,0.5663,11.325,1208,0.0868,3
126.3400,20.00,1.2335,-152061,10.3,0.5695,11.391,1209,0.0938,3
126.3600,20.00,1.2274,-150832,9.8,0.5745,11.490,1208,0.1042,3
126.3800,20.00,1.2539,-156144,9.3,0.5647,11.293,1205,0.0835,3
126.4000,20.00,1.2576,-156870,8.8,0.5547,11.095,1210,0.0626,3
126.4200,20.00,1.2583,-157019,8.3,0.5458,10.915,1215,0.0437,3
126.4400,20.00,1.2537,-156102,7.9,0.5399,10.798,1219,0.0314,3
126.4600,20.00,1.2650,-158350,7.4,0.5281,10.562,1221,0.0065,3
126.4800,20.00,1.3062,-166592,7.0,0.5022,10.043,1227,-0.0481,3
126.5000,20.00,1.3639,-178137,6.5,0.4828,9.657,1239,-0.0888,3
126.5200,20.00,1.3134,-168032,6.0,0.4689,9.378,1248,-0.1181,3
126.5400,20.00,1.2153,-148425,5.6,0.4841,9.683,1254,-0.0860,3
126.5600,20.00,1.1568,-136715,9.1,0.5095,10.189,1247,-0.0327,3
126.5800,20.00,1.1482,-135011,8.6,0.5333,10.665,1236,0.0174,3
126.6000,20.01,1.1164,-128644,8.1,0.5638,11.276,1224,0.0817,3
126.6200,19.99,1.1769,-140746,7.6,0.5791,11.582,1210,0.1139,3
126.6400,20.00,1.2250,-150360,7.1,0.5677,11.355,1203,0.0900,3
126.6600,20.00,1.2607,-157506,6.7,0.5417,10.834,1209,0.0352,3
126.6800,20.00,1.2735,-160057,6.2,0.5151,10.302,1221,-0.0209,3
126.7000,20.00,1.2759,-160528,5.8,0.4982,9.964,1233,-0.0564,3
126.7200,20.00,1.2357,-152496,5.4,0.5002,10.005,1241,-0.0521,3
126.7400,20.00,1.2390,-153156,4.9,0.4981,9.961,1240,-0.0567,3
126.7600,20.00,1.2310,-151562,4.4,0.4980,9.959,1241,-0.0569,3
126.7800,20.00,1.2366,-152689,7.9,0.4947,9.894,1241,-0.0638,3
126.8000,20.00,1.1964,-144645,7.4,0.5061,10.121,1243,-0.0398,3
126.8200,20.00,1.1794,-141243,6.9,0.5181,10.362,1237,-0.0145,3
126.8400,20.00,1.1847,-142296,6.5,0.5234,10.468,1232,-0.0034,3
126.8600,20.00,1.1804,-141449,6.0,0.5296,10.591,1229,0.0096,3
126.8800,20.00,1.2114,-147640,5.5,0.5226,10.452,1226,-0.0050,3
126.9000,20.00,1.1814,-141638,5.1,0.5287,10.573,1230,0.0077,3
126.9200,20.00,1.1530,-135959,4.7,0.5425,10.849,1227,0.0368,3
126.9400,20.00,1.1229,-129954,4.1,0.5571,11.141,1220,0.0675,3
126.9600,20.00,1.1825,-141859,3.8,0.5560,11.120,1214,0.0652,3
126.9800,20.00,1.1264,-130643,3.3,0.5643,11.286,1214,0.0827,3
127.0000,20.00,1.1208,-129516,6.7,0.5725,11.450,1210,0.1000,3
127.0200,20.00,1.0997,-125312,6.3,0.5850,11.700,1206,0.1263,3
127.0400,20.00,1.0644,-118247,5.8,0.6015,12.031,1201,0.1612,3
127.0600,20.00,1.1132,-128004,5.3,0.6082,12.165,1193,0.1753,3
127.0800,20.00,1.1052,-126402,4.9,0.6140,12.279,1190,0.1873,3
127.1000,20.00,1.0709,-119553,4.4,0.6249,12.498,1187,0.2103,3
127.1200,20.00,1.0321,-111785,3.9,0.6419,12.837,1182,0.2460,3
127.1400,20.00,1.0007,-105519,3.5,0.6678,13.355,1174,0.3006,3
127.1600,20.00,1.0321,-111791,3.0,0.6842,13.684,1162,0.3352,3
127.1800,20.00,1.0357,-112511,2.6,0.6955,13.910,1155,0.3590,3
127.2000,20.00,1.0284,-111041,2.1,0.7062,14.124,1149,0.3815,3
127.2200,20.00,1.0293,-111222,5.6,0.7149,14.299,1144,0.3999,3
127.2400,20.00,1.0227,-109907,5.1,0.7229,14.459,1140,0.4167,3
127.2600,20.00,0.9972,-104806,4.7,0.7325,14.651,1137,0.4369,3
127.2800,20.00,1.0428,-113938,4.1,0.7366,14.732,1132,0.4455,3
127.3000,20.00,1.0779,-120941,3.7,0.7317,14.635,1130,0.4353,3
127.3200,20.00,1.0501,-115391,3.1,0.7352,14.704,1133,0.4425,3
127.3400,20.00,0.9778,-100925,2.7,0.7517,15.035,1131,0.4773,3
127.3600,20.00,1.0224,-109859,2.3,0.7606,15.213,1123,0.4961,3
127.3800,20.00,0.9570,-96778,1.7,0.7906,15.811,1119,0.5591,3
127.4000,20.00,0.9609,-97551,1.4,0.8146,16.293,1105,0.6098,3
127.4200,20.00,1.0248,-110330,1.0,0.8162,16.323,1094,0.6130,3
127.4400,20.00,1.0142,-108208,4.4,0.8205,16.410,1093,0.6221,3
127.4600,20.00,1.0652,-118408,3.9,0.8108,16.217,1091,0.6018,3
127.4800,20.00,1.1161,-128586,3.5,0.7807,15.614,1096,0.5383,3
127.5000,20.00,1.1173,-128820,3.0,0.7619,15.238,1110,0.4987,3
127.5200,20.00,1.0582,-117013,2.5,0.7615,15.230,1118,0.4979,3
127.5400,20.00,1.0448,-114338,2.0,0.7660,15.321,1119,0.5074,3
127.5600,20.00,1.0384,-113051,1.6,0.7748,15.496,1117,0.5259,3
127.5800,20.00,0.9994,-105258,1.1,0.7977,15.955,1112,0.5742,3
127.6000,20.00,0.9520,-95778,0.7,0.8310,16.620,1102,0.6442,3
127.6200,20.00,0.9615,-97681,0.2,0.8546,17.091,1086,0.6938,3
127.6400,20.00,0.9726,-99899,11.9,0.8681,17.362,1076,0.7223,3
127.6600,19.99,1.0428,-113930,3.2,0.8605,17.210,1069,0.7063,3
127.6800,20.00,1.0704,-119441,2.8,0.8512,17.024,1073,0.6868,3
127.7000,20.00,1.0731,-119980,2.3,0.8427,16.854,1077,0.6688,3
127.7200,20.00,1.0588,-117132,1.8,0.8391,16.781,1081,0.6612,3
127.7400,20.00,1.0596,-117292,1.3,0.8368,16.735,1083,0.6563,3
127.7600,20.00,1.1063,-126619,0.9,0.8246,16.492,1084,0.6307,3
127.7800,19.99,1.0839,-122153,0.4,0.8197,16.395,1089,0.6205,3
127.8000,20.01,1.0383,-113026,12.1,0.8263,16.526,1092,0.6343,3
127.8200,20.00,1.0439,-114147,11.7,0.8324,16.648,1089,0.6472,3
127.8400,19.99,1.0645,-118275,11.2,0.8338,16.676,1086,0.6501,3
127.8600,20.00,1.0263,-110624,10.7,0.8397,16.795,1085,0.6626,3
127.8800,20.00,1.0458,-114529,2.1,0.8417,16.834,1082,0.6667,3
127.9000,20.00,1.1217,-129712,1.6,0.8269,16.538,1082,0.6355,3
127.9200,20.00,1.1042,-126197,1.1,0.8190,16.380,1088,0.6189,3
127.9400,20.00,1.0679,-118947,0.6,0.8195,16.390,1092,0.6200,3
127.9600,20.00,1.0857,-122511,0.1,0.8167,16.333,1092,0.6140,3
127.9800,20.00,1.0849,-122342,8.0,0.8142,16.283,1093,0.6087,3
128.0000,20.00,1.1253,-130423,11.5,0.8001,16.002,1094,0.5791,3
128.0200,20.00,1.0814,-121640,11.0,0.8013,16.026,1101,0.5817,3
128.0400,20.00,1.0837,-122111,10.5,0.8018,16.036,1100,0.5827,3
128.0600,20.00,1.0350,-112372,10.1,0.8127,16.253,1100,0.6056,3
128.0800,20.00,1.0252,-110401,9.6,0.8238,16.476,1095,0.6290,3
128.1000,20.00,1.0847,-122314,0.9,0.8219,16.438,1090,0.6250,3
128.1200,20.00,1.0959,-124544,0.4,0.8163,16.327,1091,0.6133,3
128.1400,20.00,1.0992,-125202,8.2,0.8102,16.205,1093,0.6005,3
128.1600,20.01,1.1045,-126261,7.7,0.8028,16.055,1096,0.5847,3
128.1800,20.00,1.1258,-130529,7.3,0.7925,15.851,1099,0.5632,3
128.2000,20.00,1.1549,-136343,6.9,0.7818,15.637,1104,0.5407,3
128.2200,20.00,1.1898,-143319,6.4,0.7685,15.370,1109,0.5126,3
128.2400,20.00,1.2063,-146620,9.8,0.7543,15.087,1115,0.4828,3
128.2600,20.00,1.2028,-145915,9.4,0.7469,14.938,1122,0.4671,3
128.2800,20.00,1.1515,-135672,8.9,0.7481,14.962,1125,0.4696,3
128.3000,20.00,1.1723,-139825,8.4,0.7451,14.901,1125,0.4633,3
128.3200,20.00,1.1589,-137144,7.9,0.7449,14.898,1126,0.4629,3
128.3400,20.00,1.2339,-152145,7.5,0.7348,14.696,1126,0.4417,3
128.3600,20.00,1.2250,-150352,7.0,0.7287,14.574,1131,0.4289,3
128.3800,20.00,1.1829,-141942,6.6,0.7283,14.565,1134,0.4279,3
128.4000,20.00,1.2663,-158627,6.1,0.7140,14.280,1134,0.3979,3
128.4200,20.00,1.2961,-164567,5.7,0.6947,13.895,1141,0.3574,3
128.4400,20.00,1.2929,-163944,5.2,0.6787,13.574,1150,0.3236,3
128.4600,20.00,1.3277,-170896,8.7,0.6421,12.842,1157,0.2465,3
128.4800,20.00,1.3371,-172775,8.2,0.6050,12.099,1174,0.1684,3
128.5000,20.00,1.3510,-175562,7.7,0.5718,11.436,1191,0.0985,3
128.5200,20.00,1.3319,-171729,7.3,0.5503,11.005,1207,0.0532,3
128.5400,20.00,1.3733,-180012,6.8,0.5213,10.426,1217,-0.0078,3
128.5600,20.00,1.3172,-168805,6.3,0.5076,10.152,1230,-0.0366,3
128.5800,20.00,1.2880,-162953,5.9,0.5018,10.037,1237,-0.0488,3
128.6000,20.00,1.2992,-165201,5.4,0.4963,9.927,1239,-0.0604,3
128.6200,20.00,1.2672,-158790,5.0,0.4996,9.992,1242,-0.0535,3
128.6400,20.00,1.2305,-151455,4.5,0.5089,10.178,1240,-0.0339,3
128.6600,20.00,1.2374,-152843,4.1,0.5164,10.328,1236,-0.0181,3
128.6800,20.00,1.2534,-156035,7.5,0.5198,10.396,1232,-0.0110,3
128.7000,20.00,1.3734,-180036,7.0,0.4979,9.957,1231,-0.0571,3
128.7200,20.00,1.4359,-192538,6.6,0.4398,8.796,1241,-0.1793,3
128.7400,20.00,1.3030,-165954,6.1,0.4402,8.804,1268,-0.1786,3
128.7600,20.00,1.1538,-136119,5.6,0.4749,9.498,1268,-0.1055,3
128.7800,20.00,1.0697,-119300,5.1,0.5260,10.519,1252,0.0020,3
128.8000,20.00,1.0611,-117588,4.7,0.5730,11.461,1228,0.1011,3
128.8200,20.00,1.1605,-137470,4.3,0.6011,12.023,1206,0.1603,3
128.8400,20.00,1.2210,-149551,3.8,0.5976,11.953,1193,0.1529,3
128.8600,20.00,1.2399,-153330,3.4,0.5835,11.671,1195,0.1232,3
128.8800,20.00,1.2596,-157277,2.9,0.5623,11.246,1201,0.0786,3
128.9000,20.00,1.3018,-165713,6.3,0.5236,10.471,1211,-0.0030,3
128.9200,20.00,1.3233,-170011,5.9,0.4956,9.913,1229,-0.0618,3
128.9400,20.00,1.3008,-165507,5.4,0.4833,9.667,1242,-0.0877,3
128.9600,19.99,1.3120,-167762,4.9,0.4683,9.367,1248,-0.1193,3
128.9800,20.00,1.2733,-160013,4.4,0.4620,9.241,1255,-0.1326,3
129.0000,20.00,1.2636,-158076,4.0,0.4584,9.169,1258,-0.1401,3
129.0200,20.00,1.2128,-147928,3.5,0.4747,9.494,1259,-0.1059,3
129.0400,20.00,1.2175,-148867,3.1,0.4845,9.689,1252,-0.0853,3
129.0600,20.00,1.1660,-138569,2.7,0.5078,10.156,1247,-0.0363,3
129.0800,20.00,1.1987,-145100,2.1,0.5108,10.216,1236,-0.0299,3
129.1000,20.00,1.1863,-142617,1.7,0.5180,10.360,1235,-0.0147,3
129.1200,20.00,1.1926,-143878,5.1,0.5205,10.410,1232,-0.0094,3
129.1400,20.00,1.1822,-141808,4.7,0.5267,10.534,1230,0.0035,3
129.1600,20.00,1.2418,-153723,4.3,0.5064,10.128,1228,-0.0392,3
129.1800,20.00,1.2295,-151254,3.8,0.5017,10.033,1237,-0.0492,3
129.2000,19.99,1.1908,-143513,3.3,0.5108,10.217,1239,-0.0298,3
129.2200,20.00,1.2112,-147603,2.8,0.5078,10.155,1235,-0.0363,3
129.2400,20.00,1.2587,-157098,2.4,0.4857,9.714,1236,-0.0828,3
129.2600,20.00,1.2498,-155323,1.9,0.4773,9.546,1247,-0.1004,3
129.2800,20.00,1.2531,-155982,1.5,0.4668,9.336,1250,-0.1225,3
129.3000,20.00,1.2570,-156752,1.1,0.4557,9.114,1255,-0.1458,3
129.3200,20.00,1.2199,-149346,0.6,0.4620,9.240,1261,-0.1327,3
129.3400,20.00,1.1819,-141741,4.0,0.4806,9.612,1258,-0.0935,3
129.3600,20.00,1.1782,-140996,3.5,0.4919,9.838,1249,-0.0697,3
129.3800,20.01,1.1022,-125806,3.1,0.5188,10.375,1244,-0.0131,3
129.4000,20.00,1.0684,-119047,2.6,0.5378,10.756,1231,0.0269,3
129.4200,20.00,1.0677,-118917,2.1,0.5562,11.123,1222,0.0656,3
129.4400,20.00,1.0633,-118027,1.6,0.5760,11.521,1214,0.1074,3
129.4600,20.00,1.0143,-108227,1.2,0.6042,12.083,1205,0.1667,3
129.4800,20.00,0.9692,-99214,0.8,0.6389,12.779,1192,0.2399,3
129.5000,20.00,1.0007,-105504,0.3,0.6672,13.345,1176,0.2995,3
129.5200,20.00,1.0085,-107072,12.0,0.6833,13.667,1163,0.3334,3
129.5400,20.00,1.0424,-113856,11.5,0.6895,13.791,1155,0.3464,3
129.5600,20.00,1.0574,-116858,2.9,0.6923,13.847,1152,0.3523,3
129.5800,20.00,1.0420,-113773,2.4,0.6973,13.946,1151,0.3628,3
129.6000,20.00,1.0291,-111187,1.9,0.7048,14.096,1148,0.3785,3
129.6200,20.00,1.0383,-113033,1.4,0.7097,14.194,1145,0.3888,3
129.6400,20.00,1.0553,-116421,0.9,0.7113,14.226,1143,0.3922,3
129.6600,20.00,1.0494,-115253,0.5,0.7138,14.276,1142,0.3975,3
129.6800,20.01,0.9881,-103000,0.0,0.7240,14.480,1141,0.4189,3
129.7000,19.99,0.9800,-101367,11.8,0.7385,14.771,1136,0.4496,3
129.7200,20.00,0.9118,-87738,11.3,0.7825,15.650,1129,0.5421,3
129.7400,20.00,1.0279,-110949,10.9,0.7786,15.573,1109,0.5340,3
129.7600,20.00,1.0888,-123118,10.4,0.7554,15.107,1111,0.4850,3
129.7800,20.00,1.0931,-123986,1.7,0.7416,14.832,1121,0.4560,3
129.8000,20.00,0.9966,-104690,1.2,0.7583,15.166,1128,0.4912,3
129.8200,20.00,0.9448,-94328,0.7,0.7926,15.852,1120,0.5633,3
129.8400,20.00,0.9704,-99456,0.2,0.8130,16.261,1104,0.6064,3
129.8600,20.00,0.9496,-95294,8.1,0.8377,16.755,1095,0.6584,3
129.8800,20.00,1.0426,-113894,7.7,0.8283,16.566,1083,0.6385,3
129.9000,20.00,1.0613,-117630,11.1,0.8182,16.364,1088,0.6172,3
129.9200,20.00,1.0053,-106428,10.6,0.8252,16.505,1092,0.6321,3
129.9400,20.00,0.9771,-100788,10.1,0.8408,16.816,1089,0.6649,3
129.9600,20.00,1.0598,-117328,9.6,0.8309,16.617,1082,0.6439,3
129.9800,20.00,1.0476,-114897,9.2,0.8264,16.529,1086,0.6346,3
130.0000,20.00,1.1092,-127208,0.5,0.8023,16.046,1089,0.5837,3
130.0200,20.00,1.0690,-119167,0.0,0.7977,15.954,1100,0.5741,3
130.0400,20.00,1.0326,-111894,7.8,0.8046,16.092,1102,0.5886,3
130.0600,20.00,1.0214,-109659,7.4,0.8153,16.307,1099,0.6112,3
130.0800,20.00,1.0887,-123116,7.0,0.8059,16.118,1094,0.5914,3
130.1000,20.00,1.0752,-120398,6.5,0.8010,16.020,1098,0.5811,3
130.1200,20.00,1.0788,-121126,9.9,0.7960,15.921,1100,0.5706,3
130.1400,20.00,1.0448,-114333,9.5,0.8040,16.079,1103,0.5873,3
130.1600,20.00,1.0376,-112889,9.0,0.8132,16.265,1099,0.6068,3
130.1800,20.00,1.0081,-106988,8.5,0.8295,16.590,1095,0.6410,3
130.2000,20.00,1.0155,-108480,8.0,0.8407,16.814,1087,0.6646,3
130.2200,20.00,1.0085,-107077,7.5,0.8521,17.043,1082,0.6887,3
130.2400,20.00,1.0594,-117258,7.1,0.8496,16.992,1077,0.6834,3
130.2600,20.00,1.0177,-108917,6.7,0.8568,17.136,1078,0.6985,3
130.2800,20.00,1.0993,-125223,6.2,0.8464,16.927,1074,0.6766,3
130.3000,20.00,1.1277,-130912,5.8,0.8270,16.540,1079,0.6358,3
130.3200,20.00,1.1337,-132110,5.3,0.8075,16.149,1088,0.5947,3
130.3400,20.00,1.1275,-130855,8.8,0.7972,15.943,1097,0.5730,3
130.3600,20.00,1.1350,-132371,8.3,0.7886,15.773,1102,0.5550,3
130.3800,20.01,1.0878,-122917,7.8,0.7908,15.815,1106,0.5595,3
130.4000,20.00,1.0834,-122053,7.3,0.7930,15.860,1105,0.5642,3
130.4200,20.00,1.0630,-117969,6.9,0.7985,15.971,1104,0.5759,3
130.4400,20.00,1.0964,-124653,6.4,0.7974,15.948,1101,0.5734,3
130.4600,20.00,1.0275,-110862,5.9,0.8104,16.209,1102,0.6009,3
130.4800,20.00,1.0548,-116328,5.5,0.8168,16.337,1096,0.6144,3
130.5000,20.00,1.0165,-108663,5.1,0.8280,16.559,1093,0.6378,3
130.5200,20.00,1.0225,-109877,4.6,0.8358,16.717,1088,0.6544,3
130.5400,20.01,1.0260,-110574,4.1,0.8422,16.844,1084,0.6678,3
130.5600,20.00,1.1402,-133409,7.6,0.8193,16.386,1081,0.6195,3
130.5800,20.00,1.1973,-144815,7.1,0.7908,15.816,1092,0.5596,3
130.6000,20.00,1.1968,-144731,6.7,0.7730,15.460,1105,0.5221,3
130.6200,20.00,1.2376,-152872,6.1,0.7513,15.025,1113,0.4764,3
130.6400,20.00,1.2245,-150254,5.7,0.7417,14.834,1123,0.4562,3
130.6600,20.00,1.2390,-153151,5.2,0.7320,14.641,1128,0.4359,3
130.6800,20.00,1.2639,-158145,4.8,0.7192,14.385,1132,0.4089,3
130.7000,20.00,1.3039,-166135,4.4,0.6976,13.953,1138,0.3635,3
130.7200,20.00,1.2463,-154611,3.9,0.6972,13.945,1148,0.3626,3
130.7400,20.00,1.2824,-161834,3.4,0.6807,13.614,1149,0.3278,3
130.7600,20.00,1.2784,-161031,3.0,0.6660,13.321,1156,0.2969,3
130.7800,20.00,1.2763,-160613,6.4,0.6517,13.033,1163,0.2666,3
130.8000,20.00,1.2596,-157275,6.0,0.6447,12.894,1170,0.2520,3
130.8200,20.00,1.2665,-158658,5.5,0.6317,12.634,1173,0.2247,3
130.8400,20.00,1.2731,-159975,5.0,0.6160,12.321,1179,0.1916,3
130.8600,20.00,1.3296,-171272,4.5,0.5805,11.609,1186,0.1167,3
130.8800,20.00,1.3236,-170078,4.1,0.5544,11.089,1203,0.0620,3
130.9000,20.00,1.3076,-166870,3.6,0.5352,10.703,1215,0.0214,3
130.9200,20.00,1.3210,-169563,3.1,0.5157,10.314,1224,-0.0195,3
130.9400,20.00,1.3347,-172297,2.7,0.5032,10.064,1233,-0.0459,3
130.9600,20.00,1.2901,-163379,2.3,0.4974,9.949,1239,-0.0580,3
130.9800,20.00,1.2745,-160257,1.8,0.4974,9.947,1241,-0.0582,3
131.0000,20.00,1.2369,-152732,5.3,0.5050,10.100,1241,-0.0421,3
131.0200,20.00,1.2633,-158017,4.8,0.5071,10.141,1238,-0.0378,3
131.0400,20.00,1.2854,-162442,4.3,0.5011,10.022,1237,-0.0503,3
131.0600,20.00,1.2814,-161637,3.8,0.4969,9.938,1240,-0.0592,3
131.0800,20.00,1.3754,-180439,3.4,0.4736,9.472,1241,-0.1082,3
131.1000,20.00,1.3594,-177231,2.9,0.4491,8.982,1252,-0.1598,3
131.1200,20.00,1.2676,-158873,2.4,0.4511,9.021,1264,-0.1556,3
131.1400,20.00,1.1057,-126512,2.0,0.4943,9.886,1263,-0.0647,3
131.1600,20.00,1.1037,-126111,1.5,0.5311,10.623,1243,0.0129,3
131.1800,20.00,1.0790,-121172,1.1,0.5687,11.373,1226,0.0919,3
131.2000,20.00,1.1554,-136437,0.7,0.5930,11.860,1208,0.1431,3
131.2200,20.00,1.1894,-143237,4.1,0.5983,11.966,1197,0.1543,3
131.2400,20.00,1.2666,-158686,3.7,0.5660,11.319,1194,0.0862,3
131.2600,20.00,1.3067,-166697,3.1,0.5235,10.470,1209,-0.0031,3
131.2800,20.01,1.3379,-172937,2.7,0.4913,9.825,1229,-0.0710,3
131.3000,20.00,1.3442,-174189,2.2,0.4686,9.373,1244,-0.1187,3
131.3200,20.00,1.3733,-180019,1.7,0.4292,8.583,1255,-0.2018,3
131.3400,20.00,1.3251,-170367,1.2,0.4097,8.195,1273,-0.2426,3
131.3600,20.00,1.3377,-172895,0.8,0.3843,7.686,1282,-0.2962,3
131.3800,20.00,1.2972,-164803,0.4,0.3817,7.634,1294,-0.3017,3
131.4000,20.00,1.2599,-157341,12.1,0.3923,7.845,1295,-0.2795,3
131.4200,20.00,1.1972,-144807,11.6,0.4243,8.486,1290,-0.2120,3
131.4400,20.00,1.1717,-139707,2.9,0.4552,9.105,1275,-0.1469,3
131.4600,20.00,1.2050,-146352,2.5,0.4649,9.297,1261,-0.1266,3
131.4800,20.00,1.1757,-140496,2.0,0.4843,9.686,1256,-0.0857,3
131.5000,20.00,1.1848,-142319,1.5,0.4928,9.857,1247,-0.0677,3
131.5200,20.00,1.2210,-149559,1.0,0.4854,9.707,1243,-0.0835,3
131.5400,20.00,1.2505,-155450,0.6,0.4679,9.358,1247,-0.1202,3
131.5600,20.00,1.1786,-141073,0.1,0.4867,9.734,1255,-0.0806,3
131.5800,20.00,1.2170,-148752,11.9,0.4822,9.643,1246,-0.0902,3
131.6000,20.00,1.2556,-156472,11.4,0.4594,9.189,1248,-0.1380,3
131.6200,20.00,1.2435,-154055,10.9,0.4524,9.048,1259,-0.1528,3
131.6400,20.00,1.2244,-150249,10.5,0.4536,9.073,1262,-0.1502,3
131.6600,20.00,1.2248,-150325,1.8,0.4527,9.054,1262,-0.1522,3
131.6800,20.00,1.2503,-155416,1.3,0.4367,8.734,1262,-0.1859,3
131.7000,20.00,1.2409,-153535,0.8,0.4320,8.641,1269,-0.1957,3
131.7200,20.00,1.1922,-143801,0.3,0.4483,8.965,1272,-0.1616,3
131.7400,20.00,1.2247,-150301,8.1,0.4430,8.859,1264,-0.1727,3
131.7600,20.00,1.2368,-152717,7.7,0.4321,8.642,1266,-0.1956,3
131.7800,20.00,1.2123,-147827,11.1,0.4385,8.770,1272,-0.1822,3
131.8000,20.00,1.2451,-154386,10.7,0.4213,8.426,1269,-0.2183,3
131.8200,20.00,1.2361,-152587,10.2,0.4166,8.333,1276,-0.2281,3
131.8400,20.00,1.1815,-141654,9.8,0.4381,8.763,1279,-0.1829,3
131.8600,20.00,1.2105,-147469,9.3,0.4357,8.714,1269,-0.1880,3
131.8800,20.00,1.1635,-138057,0.6,0.4569,9.137,1270,-0.1435,3
131.9000,20.00,1.1841,-142182,0.1,0.4611,9.222,1260,-0.1345,3
131.9200,20.01,1.1596,-137285,7.9,0.4754,9.509,1258,-0.1043,3
131.9400,20.00,1.1642,-138197,7.4,0.4808,9.615,1251,-0.0932,3
131.9600,20.00,1.1953,-144412,7.0,0.4712,9.425,1249,-0.1132,3
131.9800,20.00,1.1760,-140569,6.6,0.4759,9.518,1253,-0.1033,3
132.0000,20.00,1.2272,-150796,10.0,0.4475,8.949,1251,-0.1632,3
132.0200,20.00,1.2228,-149911,9.5,0.4360,8.720,1264,-0.1874,3
132.0400,20.00,1.2420,-153766,9.1,0.4164,8.328,1270,-0.2286,3
132.0600,20.00,1.2133,-148011,8.6,0.4200,8.400,1279,-0.2210,3
132.0800,19.99,1.1950,-144364,8.1,0.4284,8.568,1277,-0.2034,3
132.1000,20.00,1.2444,-154236,7.7,0.4024,8.048,1273,-0.2581,3
132.1200,20.00,1.1769,-140735,7.2,0.4272,8.545,1285,-0.2058,3
132.1400,20.00,1.1746,-140292,6.7,0.4391,8.782,1274,-0.1808,3
132.1600,20.00,1.1486,-135088,6.3,0.4589,9.179,1268,-0.1391,3
132.1800,20.00,1.1808,-141532,5.8,0.4544,9.088,1259,-0.1487,3
132.2000,20.00,1.1367,-132709,5.4,0.4726,9.451,1261,-0.1104,3
132.2200,20.00,1.1607,-137495,8.9,0.4737,9.474,1253,-0.1080,3
132.2400,20.00,1.1827,-141894,8.4,0.4655,9.309,1252,-0.1254,3
132.2600,20.00,1.2192,-149199,7.9,0.4379,8.758,1256,-0.1834,3
132.2800,20.00,1.2325,-151855,7.4,0.4143,8.285,1269,-0.2331,3
132.3000,20.00,1.2293,-151211,6.9,0.4023,8.046,1280,-0.2583,3
132.3200,20.00,1.2305,-151452,6.5,0.3921,7.842,1285,-0.2798,3
132.3400,20.00,1.1985,-145061,6.0,0.4017,8.034,1290,-0.2596,3
132.3600,20.00,1.1930,-143966,5.6,0.4065,8.131,1286,-0.2494,3
132.3800,20.00,1.1690,-139162,5.1,0.4235,8.470,1283,-0.2137,3
132.4000,20.00,1.1479,-134937,4.7,0.4454,8.909,1275,-0.1675,3
132.4200,20.00,1.1786,-141075,4.2,0.4382,8.764,1265,-0.1827,3
132.4400,20.00,1.1434,-134051,7.7,0.4562,9.123,1269,-0.1449,3
132.4600,20.00,1.1562,-136594,7.1,0.4588,9.175,1260,-0.1394,3
132.4800,20.00,1.1176,-128887,6.7,0.4779,9.558,1259,-0.0992,3
132.5000,20.00,1.2005,-145452,6.3,0.4483,8.966,1250,-0.1615,3
132.5200,20.00,1.1683,-139031,5.8,0.4541,9.083,1264,-0.1492,3
132.5400,20.00,1.2404,-153447,5.3,0.4097,8.195,1261,-0.2427,3
132.5600,20.00,1.2213,-149619,4.9,0.3973,7.945,1282,-0.2689,3
132.5800,20.00,1.2469,-154729,4.4,0.3716,7.431,1288,-0.3230,3
132.6000,20.00,1.2195,-149267,4.0,0.3706,7.412,1300,-0.3251,3
132.6200,20.00,1.1935,-144062,3.5,0.3825,7.649,1300,-0.3001,3
132.6400,20.00,1.1820,-141754,3.1,0.3942,7.884,1295,-0.2753,3
132.6600,20.00,1.0887,-123102,6.5,0.4654,9.308,1289,-0.1255,3
132.6800,20.00,1.1592,-137213,6.0,0.4457,8.914,1256,-0.1670,3
132.7000,20.00,1.0703,-119425,5.6,0.4923,9.846,1265,-0.0688,3
132.7200,20.00,1.1098,-127322,5.1,0.4901,9.802,1243,-0.0734,3
132.7400,20.00,1.1204,-129446,4.6,0.4892,9.784,1245,-0.0754,3
132.7600,20.00,1.1156,-128478,4.1,0.4931,9.863,1245,-0.0671,3
132.7800,20.00,1.2332,-152001,3.7,0.4381,8.762,1243,-0.1829,3
132.8000,20.00,1.1931,-143981,3.2,0.4357,8.713,1269,-0.1881,3
132.8200,20.00,1.2443,-154224,2.8,0.3975,7.950,1270,-0.2684,3
132.8400,20.00,1.2771,-160772,2.4,0.3585,7.169,1288,-0.3506,3
132.8600,20.00,1.2384,-153039,1.9,0.3533,7.067,1306,-0.3614,3
132.8800,20.00,1.2078,-146929,5.4,0.3610,7.219,1308,-0.3453,3
132.9000,20.00,1.1552,-136408,4.9,0.3981,7.962,1304,-0.2672,3
132.9200,20.00,1.1716,-139692,4.4,0.4015,8.031,1287,-0.2599,3
132.9400,20.00,1.1024,-125850,3.9,0.4551,9.102,1286,-0.1472,3
132.9600,20.00,1.2074,-146850,3.5,0.4112,8.224,1261,-0.2396,3
132.9800,20.00,1.1019,-125738,3.0,0.4635,9.270,1281,-0.1295,3
133.0000,20.00,1.1786,-141089,2.5,0.4330,8.660,1257,-0.1937,3
133.0200,20.00,1.1808,-141524,2.1,0.4212,8.425,1271,-0.2184,3
133.0400,20.00,1.1311,-131582,1.6,0.4485,8.970,1277,-0.1610,3
133.0600,20.00,1.1817,-141707,1.1,0.4278,8.557,1264,-0.2045,3
133.0800,20.00,1.1405,-133471,0.7,0.4443,8.887,1273,-0.1698,3
133.1000,20.00,1.2142,-148191,0.3,0.4086,8.171,1266,-0.2451,3
133.1200,20.00,1.1763,-140626,3.7,0.4119,8.238,1282,-0.2381,3
133.1400,20.00,1.2340,-152152,3.2,0.3786,7.573,1281,-0.3081,3
133.1600,20.00,1.1906,-143472,2.8,0.3857,7.714,1296,-0.2933,3
133.1800,20.00,1.2134,-148042,2.3,0.3710,7.420,1293,-0.3242,3
133.2000,20.00,1.1886,-143075,1.8,0.3772,7.543,1300,-0.3112,3
133.2200,20.00,1.1374,-132836,1.3,0.4152,8.304,1297,-0.2312,3
133.2400,20.00,1.1443,-134228,0.9,0.4235,8.471,1279,-0.2136,3
133.2600,20.00,1.1286,-131085,0.4,0.4391,8.781,1275,-0.1809,3
133.2800,20.02,1.1555,-136461,0.0,0.4304,8.608,1268,-0.1992,3
133.3000,19.98,1.1686,-139088,11.7,0.4226,8.452,1272,-0.2156,3
133.3200,20.00,1.1234,-130043,11.2,0.4488,8.975,1276,-0.1605,3
133.3400,20.00,1.1793,-141218,2.5,0.4253,8.507,1264,-0.2098,3
133.3600,20.00,1.1692,-139204,2.1,0.4216,8.431,1275,-0.2177,3
133.3800,20.00,1.2371,-152777,1.6,0.3808,7.616,1276,-0.3036,3
133.4000,20.00,1.1754,-140443,1.1,0.3955,7.910,1295,-0.2726,3
133.4200,20.00,1.2121,-147779,0.6,0.3756,7.512,1288,-0.3146,3
133.4400,20.00,1.1701,-139381,0.2,0.3922,7.844,1298,-0.2796,3
133.4600,20.00,1.1525,-135862,12.0,0.4088,8.177,1290,-0.2446,3
133.4800,20.00,1.1892,-143205,11.5,0.3934,7.868,1282,-0.2771,3
133.5000,20.00,1.0850,-122375,11.0,0.4563,9.127,1289,-0.1446,3
133.5200,20.00,1.1462,-134605,10.5,0.4379,8.757,1260,-0.1835,3
133.5400,20.00,1.1373,-132824,10.1,0.4413,8.825,1269,-0.1763,3
133.5600,20.00,1.1790,-141155,1.4,0.4203,8.405,1267,-0.2205,3
133.5800,20.00,1.1590,-137173,0.9,0.4231,8.462,1277,-0.2145,3
133.6000,20.00,1.1777,-140901,0.4,0.4126,8.253,1276,-0.2366,3
133.6200,20.00,1.1515,-135657,8.3,0.4240,8.480,1281,-0.2127,3
133.6400,20.00,1.1543,-136225,7.8,0.4245,8.491,1275,-0.2115,3
133.6600,20.00,1.1318,-131726,7.4,0.4404,8.808,1275,-0.1781,3
133.6800,20.00,1.1623,-137826,10.8,0.4272,8.543,1268,-0.2060,3
133.7000,20.00,1.1111,-127576,10.3,0.4578,9.155,1274,-0.1415,3
133.7200,20.00,1.1358,-132517,9.9,0.4516,9.031,1259,-0.1546,3
133.7400,20.00,1.1703,-139422,9.4,0.4315,8.630,1263,-0.1969,3
133.7600,20.00,1.1623,-137821,8.9,0.4275,8.551,1272,-0.2052,3
133.7800,20.00,1.1206,-129488,0.2,0.4536,9.072,1274,-0.1503,3
133.8000,20.00,1.1314,-131647,8.0,0.4545,9.091,1262,-0.1484,3
133.8200,20.01,1.1767,-140707,7.5,0.4299,8.598,1261,-0.2002,3
133.8400,20.00,1.1438,-134126,7.1,0.4399,8.798,1272,-0.1791,3
133.8600,20.00,1.1811,-141591,6.6,0.4205,8.409,1268,-0.2201,3
133.8800,20.00,1.1463,-134620,6.1,0.4330,8.659,1277,-0.1938,3
133.9000,20.00,1.2442,-154190,9.7,0.3819,7.638,1271,-0.3012,3
133.9200,20.00,1.1849,-142338,9.1,0.3879,7.758,1295,-0.2886,3
133.9400,20.00,1.1790,-141159,8.7,0.3910,7.821,1292,-0.2820,3
133.9600,20.00,1.1650,-138367,8.2,0.4001,8.001,1291,-0.2630,3
133.9800,20.00,1.1634,-138048,7.7,0.4038,8.075,1286,-0.2553,3
134.0000,20.00,1.1663,-138615,7.3,0.4034,8.067,1285,-0.2561,3
134.0200,20.00,1.1062,-126600,6.8,0.4440,8.881,1285,-0.1704,3
134.0400,20.00,1.1701,-139383,6.4,0.4189,8.377,1266,-0.2235,3
134.0600,20.00,1.1082,-126996,5.9,0.4522,9.044,1278,-0.1533,3
134.0800,20.00,1.1152,-128414,5.5,0.4590,9.180,1262,-0.1389,3
134.1000,20.00,1.1400,-133371,5.0,0.4489,8.978,1259,-0.1602,3
134.1200,20.00,1.1573,-136833,8.5,0.4365,8.731,1264,-0.1862,3
134.1400,20.00,1.1424,-133836,8.0,0.4425,8.849,1269,-0.1737,3
134.1600,20.00,1.1678,-138916,7.5,0.4276,8.551,1267,-0.2051,3
134.1800,20.00,1.1667,-138699,7.0,0.4216,8.431,1274,-0.2178,3
134.2000,20.00,1.1724,-139837,6.5,0.4150,8.301,1276,-0.2315,3
134.2200,20.00,1.2016,-145678,6.1,0.3942,7.884,1279,-0.2754,3
134.2400,20.00,1.1482,-134996,5.6,0.4174,8.347,1289,-0.2266,3
134.2600,20.00,1.2198,-149318,5.2,0.3810,7.620,1278,-0.3032,3
134.2800,20.00,1.1146,-128292,4.8,0.4315,8.631,1295,-0.1968,3
134.3000,20.00,1.2342,-152198,4.3,0.3768,7.536,1272,-0.3120,3
134.3200,20.00,1.1236,-130080,3.8,0.4221,8.442,1297,-0.2167,3
134.3400,20.01,1.1819,-141737,7.3,0.4000,8.001,1276,-0.2631,3
134.3600,20.00,1.2026,-145880,6.8,0.3787,7.574,1286,-0.3080,3
134.3800,20.00,1.1065,-126673,6.3,0.4330,8.660,1296,-0.1937,3
134.4000,20.00,1.1356,-132482,5.9,0.4310,8.621,1271,-0.1978,3
134.4200,20.00,1.0767,-120710,5.4,0.4728,9.456,1272,-0.1099,3
134.4400,20.00,1.2093,-147213,4.9,0.4132,8.264,1253,-0.2354,3
134.4600,20.00,1.2009,-145546,4.5,0.3919,7.838,1280,-0.2802,3
134.4800,20.00,1.1547,-136295,4.0,0.4106,8.211,1290,-0.2409,3
134.5000,20.01,1.1809,-141551,3.6,0.3976,7.952,1282,-0.2682,3
134.5200,20.00,1.2191,-149189,3.1,0.3677,7.353,1288,-0.3312,3
134.5400,20.00,1.1998,-145330,2.7,0.3647,7.295,1301,-0.3374,3
134.5600,20.00,1.0914,-123656,6.1,0.4357,8.713,1303,-0.1881,3
134.5800,20.00,1.1883,-143019,5.7,0.3986,7.971,1270,-0.2662,3
134.6000,20.00,1.1691,-139178,5.1,0.3960,7.919,1287,-0.2717,3
134.6200,20.00,1.2416,-153670,4.7,0.3523,7.047,1288,-0.3635,3
134.6400,20.00,1.1193,-129231,4.2,0.4137,8.275,1308,-0.2343,3
134.6600,20.00,1.1779,-140946,3.7,0.3919,7.838,1280,-0.2802,3
134.6800,20.00,1.1344,-132246,3.3,0.4140,8.280,1290,-0.2337,3
134.7000,20.00,1.2117,-147703,2.9,0.3746,7.493,1280,-0.3165,3
134.7200,20.00,1.1525,-135855,2.4,0.3974,7.948,1298,-0.2686,3
134.7400,20.00,1.1180,-128970,2.0,0.4261,8.522,1288,-0.2082,3
134.7600,20.00,1.1531,-135990,1.5,0.4140,8.281,1274,-0.2336,3
134.7800,20.00,1.1429,-133943,4.9,0.4200,8.400,1280,-0.2211,3
134.8000,20.00,1.1745,-140256,4.5,0.4026,8.051,1277,-0.2578,3
134.8200,20.00,1.1332,-132013,4.0,0.4238,8.476,1285,-0.2131,3
134.8400,20.00,1.1445,-134262,3.5,0.4231,8.461,1275,-0.2146,3
134.8600,20.00,1.2044,-146245,3.1,0.3877,7.754,1276,-0.2891,3
134.8800,20.00,1.1945,-144264,2.6,0.3760,7.520,1292,-0.3137,3
134.9000,20.00,1.1813,-141623,2.1,0.3786,7.573,1298,-0.3081,3
134.9200,20.00,1.1599,-137336,1.7,0.3922,7.843,1296,-0.2797,3
134.9400,20.00,1.1620,-137758,1.3,0.3935,7.871,1290,-0.2768,3
134.9600,20.00,1.1786,-141089,0.8,0.3829,7.658,1289,-0.2992,3
134.9800,20.00,1.1371,-132782,0.4,0.4086,8.171,1294,-0.2451,3
135.0000,20.00,1.1265,-130661,3.8,0.4236,8.472,1282,-0.2135,3
135.0200,20.00,1.1671,-138774,3.3,0.4041,8.083,1275,-0.2545,3
135.0400,20.00,1.1406,-133493,2.8,0.4169,8.338,1285,-0.2276,3
135.0600,20.00,1.1941,-144176,2.4,0.3870,7.740,1279,-0.2906,3
135.0800,20.00,1.1740,-140157,1.9,0.3872,7.744,1292,-0.2901,3
135.1000,20.00,1.1598,-137319,1.4,0.3956,7.912,1292,-0.2725,3
135.1200,20.00,1.2021,-145786,0.9,0.3699,7.398,1288,-0.3266,3
135.1400,20.00,1.1740,-140160,0.5,0.3780,7.560,1300,-0.3095,3
135.1600,20.00,1.2157,-148497,0.1,0.3537,7.074,1297,-0.3606,3
135.1800,20.00,1.1917,-143705,11.8,0.3578,7.157,1308,-0.3519,3
135.2000,20.00,1.1914,-143648,11.3,0.3561,7.123,1306,-0.3555,3
135.2200,20.00,1.1066,-126691,2.7,0.4128,8.255,1307,-0.2363,3
135.2400,20.00,1.1467,-134701,2.1,0.4023,8.045,1280,-0.2584,3
135.2600,20.00,1.1390,-133162,1.7,0.4088,8.176,1285,-0.2447,3
135.2800,20.00,1.1505,-135457,1.2,0.4056,8.112,1282,-0.2514,3
135.3000,20.00,1.1367,-132696,0.7,0.4155,8.311,1284,-0.2304,3
135.3200,20.00,1.1424,-133842,0.2,0.4161,8.323,1279,-0.2292,3
135.3400,20.00,1.1429,-133951,12.0,0.4174,8.349,1279,-0.2264,3
135.3600,20.00,1.1844,-142242,11.6,0.3915,7.831,1278,-0.2809,3
135.3800,20.00,1.1934,-144032,11.1,0.3751,7.502,1290,-0.3156,3
135.4000,20.00,1.1684,-139044,10.6,0.3840,7.680,1298,-0.2968,3
135.4200,20.01,1.1627,-137895,10.1,0.3887,7.774,1294,-0.2869,3
135.4400,20.00,1.1489,-135148,1.5,0.3992,7.984,1292,-0.2649,3
135.4600,20.00,1.1942,-144199,1.0,0.3726,7.452,1287,-0.3208,3
135.4800,20.00,1.1919,-143735,0.5,0.3645,7.289,1299,-0.3380,3
135.5000,20.00,1.1677,-138903,0.0,0.3762,7.524,1303,-0.3132,3
135.5200,20.00,1.1693,-139223,7.9,0.3770,7.539,1298,-0.3116,3
135.5400,20.00,1.1370,-132764,7.4,0.4000,8.000,1297,-0.2631,3
135.5600,20.00,1.1688,-139121,10.9,0.3847,7.693,1286,-0.2955,3
135.5800,20.00,1.1276,-130881,10.4,0.4110,8.219,1294,-0.2401,3
135.6000,20.00,1.1315,-131657,9.9,0.4162,8.324,1281,-0.2291,3
135.6200,20.00,1.1363,-132624,9.5,0.4175,8.350,1279,-0.2263,3
135.6400,20.00,1.1514,-135636,9.0,0.4098,8.197,1278,-0.2425,3
135.6600,20.00,1.1550,-136369,0.3,0.4060,8.120,1282,-0.2505,3
135.6800,20.00,1.1715,-139666,8.0,0.3930,7.860,1284,-0.2779,3
135.7000,20.00,1.1250,-130358,7.6,0.4200,8.401,1290,-0.2210,3
135.7200,20.00,1.2060,-146567,7.1,0.3766,7.531,1277,-0.3125,3
135.7400,20.00,1.1343,-132220,6.7,0.4087,8.174,1297,-0.2449,3
135.7600,20.00,1.1736,-140081,6.3,0.3885,7.769,1282,-0.2874,3
135.7800,20.00,1.1756,-140483,9.7,0.3812,7.624,1292,-0.3028,3
135.8000,20.00,1.1928,-143912,9.3,0.3665,7.329,1295,-0.3338,3
135.8200,20.00,1.1602,-137395,8.8,0.3823,7.646,1302,-0.3004,3
135.8400,20.00,1.1161,-128580,8.3,0.4158,8.316,1295,-0.2299,3
135.8600,20.00,1.1715,-139653,7.8,0.3894,7.789,1279,-0.2854,3
135.8800,20.00,1.1299,-131341,7.3,0.4121,8.242,1291,-0.2377,3
135.9000,20.00,1.1046,-126283,6.9,0.4356,8.713,1281,-0.1882,3
135.9200,20.00,1.1743,-140217,6.4,0.4006,8.013,1270,-0.2618,3
135.9400,20.00,1.1469,-134745,6.0,0.4085,8.170,1286,-0.2452,3
135.9600,20.00,1.1734,-140045,5.6,0.3916,7.832,1282,-0.2809,3
135.9800,20.00,1.1886,-143073,5.1,0.3758,7.516,1290,-0.3142,3
136.0000,20.00,1.1535,-136062,8.5,0.3926,7.853,1298,-0.2786,3
136.0200,20.04,1.1367,-132699,8.1,0.4076,8.152,1290,-0.2471,3
136.0400,19.96,1.1299,-131337,7.6,0.4165,8.330,1283,-0.2284,3
136.0600,20.00,1.0887,-123099,7.1,0.4495,8.990,1279,-0.1590,3
136.0800,20.00,1.1671,-138788,6.6,0.4121,8.242,1263,-0.2376,3
136.1000,20.00,1.1568,-136725,6.1,0.4078,8.156,1281,-0.2467,3
136.1200,20.00,1.1486,-135081,5.7,0.4107,8.213,1283,-0.2407,3
136.1400,20.00,1.1766,-140674,5.3,0.3914,7.829,1282,-0.2812,3
136.1600,20.00,1.1109,-127546,4.8,0.4292,8.584,1290,-0.2017,3
136.1800,20.00,1.2095,-147262,4.4,0.3794,7.587,1273,-0.3066,3
136.2000,20.00,1.1398,-133333,3.9,0.4059,8.119,1296,-0.2507,3
136.2200,20.00,1.1772,-140802,7.4,0.3849,7.698,1284,-0.2949,3
136.2400,20.01,1.1530,-135961,6.9,0.3960,7.921,1293,-0.2715,3
136.2600,20.00,1.1838,-142123,6.4,0.3766,7.533,1288,-0.3123,3
136.2800,20.00,1.1555,-136468,5.9,0.3896,7.793,1297,-0.2850,3
136.3000,20.00,1.1828,-141917,5.5,0.3737,7.473,1291,-0.3186,3
136.3200,20.00,1.1596,-137282,5.0,0.3838,7.675,1299,-0.2973,3
136.3400,20.00,1.1528,-135922,4.6,0.3907,7.815,1294,-0.2826,3
136.3600,20.00,1.1601,-137385,4.1,0.3880,7.760,1291,-0.2884,3
136.3800,20.00,1.1424,-133844,3.7,0.4006,8.013,1292,-0.2618,3
136.4000,20.00,1.1597,-137313,3.2,0.3925,7.851,1286,-0.2789,3
136.4200,20.00,1.1460,-134562,2.7,0.4007,8.015,1290,-0.2616,3
136.4400,20.00,1.1662,-138599,6.2,0.3891,7.782,1286,-0.2861,3
136.4600,20.00,1.1395,-133263,5.7,0.4049,8.097,1292,-0.2529,3
136.4800,20.00,1.1653,-138430,5.2,0.3912,7.824,1284,-0.2817,3
136.5000,20.00,1.1419,-133736,4.8,0.4042,8.085,1291,-0.2542,3
136.5200,20.01,1.1827,-141897,4.3,0.3794,7.588,1285,-0.3065,3
136.5400,20.00,1.2001,-145376,3.8,0.3599,7.198,1296,-0.3476,3
136.5600,20.00,1.1931,-143981,3.4,0.3570,7.140,1305,-0.3537,3
136.5800,20.00,1.1483,-135033,3.0,0.3831,7.663,1306,-0.2987,3
136.6000,20.00,1.1559,-136539,2.5,0.3838,7.675,1294,-0.2973,3
136.6200,20.00,1.1531,-135987,2.1,0.3874,7.747,1294,-0.2898,3
136.6400,20.00,1.1547,-136308,1.6,0.3883,7.766,1292,-0.2878,3
136.6600,20.00,1.1464,-134638,5.1,0.3956,7.912,1292,-0.2724,3
136.6800,20.00,1.1151,-128378,4.6,0.4188,8.377,1288,-0.2235,3
136.7000,20.00,1.1264,-130652,4.1,0.4199,8.398,1278,-0.2213,3
136.7200,20.00,1.1227,-129896,3.7,0.4261,8.522,1277,-0.2082,3
136.7400,20.00,1.1506,-135485,3.1,0.4119,8.238,1274,-0.2381,3
136.7600,20.00,1.1784,-141043,2.7,0.3894,7.789,1281,-0.2854,3
136.7800,20.00,1.1638,-138133,2.2,0.3915,7.830,1291,-0.2811,3
136.8000,20.00,1.2181,-148971,1.8,0.3554,7.107,1290,-0.3571,3
136.8200,20.00,1.1848,-142317,1.3,0.3620,7.240,1307,-0.3431,3
136.8400,20.00,1.1953,-144415,0.9,0.3527,7.055,1304,-0.3627,3
136.8600,20.00,1.1578,-136923,0.4,0.3730,7.460,1308,-0.3200,3
136.8800,20.00,1.1616,-137674,3.9,0.3751,7.501,1299,-0.3157,3
136.9000,20.01,1.1445,-134266,3.4,0.3877,7.753,1298,-0.2891,3
136.9200,20.00,1.1622,-137798,2.9,0.3805,7.611,1292,-0.3041,3
136.9400,20.00,1.1555,-136465,2.5,0.3842,7.685,1295,-0.2963,3
136.9600,20.00,1.1573,-136826,2.0,0.3845,7.690,1294,-0.2958,3
136.9800,20.00,1.1312,-131607,1.5,0.4034,8.068,1294,-0.2560,3
137.0000,20.00,1.1280,-130973,1.1,0.4109,8.218,1285,-0.2402,3
137.0200,20.00,1.1302,-131401,0.6,0.4138,8.276,1281,-0.2341,3
137.0400,20.00,1.1080,-126960,0.1,0.4319,8.638,1280,-0.1960,3
137.0600,20.00,1.1171,-128789,11.8,0.4359,8.717,1272,-0.1876,3
137.0800,20.00,1.1652,-138404,11.4,0.4084,8.168,1270,-0.2455,3
137.1000,20.00,1.1554,-136436,2.7,0.4062,8.123,1282,-0.2502,3
137.1200,20.00,1.1873,-142819,2.2,0.3814,7.628,1284,-0.3023,3
137.1400,20.00,1.1450,-134373,1.8,0.4006,8.012,1295,-0.2619,3
137.1600,20.00,1.1823,-141824,1.3,0.3784,7.568,1286,-0.3086,3
137.1800,20.00,1.1565,-136660,0.8,0.3883,7.765,1296,-0.2879,3
137.2000,20.00,1.1923,-143814,0.3,0.3650,7.300,1292,-0.3369,3
137.2200,20.00,1.1362,-132599,12.1,0.3954,7.908,1303,-0.2729,3
137.2400,20.00,1.1411,-133592,11.7,0.3997,7.994,1288,-0.2638,3
137.2600,20.00,1.1411,-133582,11.2,0.4024,8.048,1287,-0.2581,3
137.2800,20.00,1.1551,-136378,10.7,0.3950,7.900,1285,-0.2737,3
137.3000,20.00,1.1830,-141966,10.2,0.3752,7.504,1289,-0.3153,3
137.3200,20.00,1.1650,-138358,1.6,0.3802,7.605,1298,-0.3048,3
137.3400,20.00,1.0999,-125344,1.1,0.4238,8.475,1296,-0.2131,3
137.3600,20.00,1.2163,-148611,0.6,0.3645,7.291,1275,-0.3378,3
137.3800,20.00,1.1002,-125401,0.1,0.4208,8.416,1303,-0.2194,3
137.4000,20.00,1.1046,-126292,8.0,0.4319,8.638,1277,-0.1959,3
137.4200,20.00,1.1352,-132410,7.5,0.4201,8.401,1272,-0.2209,3
137.4400,20.00,1.1198,-129330,11.0,0.4314,8.629,1277,-0.1970,3
137.4600,20.00,1.2256,-150470,10.5,0.3722,7.444,1272,-0.3217,3
137.4800,20.00,1.1314,-131646,10.0,0.4073,8.147,1299,-0.2477,3
137.5000,19.99,1.1823,-141830,9.5,0.3799,7.599,1283,-0.3054,3
137.5200,20.00,1.1556,-136493,9.1,0.3895,7.789,1296,-0.2853,3
137.5400,20.00,1.1661,-138592,0.4,0.3836,7.672,1291,-0.2977,3
137.5600,20.01,1.1574,-136842,8.1,0.3871,7.742,1294,-0.2903,3
137.5800,20.00,1.1285,-131061,7.7,0.4075,8.149,1292,-0.2475,3
137.6000,20.00,1.1376,-132892,7.2,0.4069,8.137,1283,-0.2487,3
137.6200,20.00,1.1825,-141869,6.8,0.3794,7.589,1283,-0.3064,3
137.6400,20.00,1.1533,-136015,6.3,0.3906,7.812,1296,-0.2830,3
137.6600,20.00,1.1317,-131713,9.8,0.4071,8.142,1291,-0.2482,3
137.6800,20.00,1.1115,-127669,9.3,0.4247,8.493,1283,-0.2112,3
137.7000,20.00,1.2188,-149115,8.9,0.3673,7.347,1275,-0.3319,3
137.7200,20.00,1.1412,-133596,8.4,0.3956,7.912,1301,-0.2724,3
137.7400,20.00,1.1938,-144117,7.9,0.3661,7.322,1288,-0.3345,3
137.7600,20.01,1.1655,-138464,7.4,0.3761,7.522,1302,-0.3134,3
137.7800,20.00,1.1732,-140010,6.9,0.3710,7.421,1298,-0.3241,3
137.8000,20.00,1.1587,-137094,6.5,0.3790,7.580,1300,-0.3074,3
137.8200,20.00,1.1568,-136732,6.1,0.3818,7.636,1296,-0.3015,3
137.8400,20.00,1.1652,-138397,5.6,0.3773,7.546,1295,-0.3109,3
137.8600,20.00,1.1170,-128761,5.1,0.4090,8.179,1297,-0.2443,3
137.8800,20.00,1.1324,-131840,8.7,0.4075,8.151,1282,-0.2473,3
137.9000,20.00,1.0962,-124601,8.1,0.4338,8.676,1283,-0.1920,3
137.9200,20.00,1.1164,-128643,7.7,0.4334,8.669,1271,-0.1927,3
137.9400,20.00,1.1226,-129891,7.2,0.4355,8.710,1271,-0.1884,3
137.9600,20.00,1.1237,-130096,6.7,0.4384,8.769,1270,-0.1823,3
137.9800,20.00,1.1594,-137243,6.2,0.4160,8.321,1269,-0.2294,3
138.0000,20.00,1.1484,-135050,5.8,0.4149,8.299,1279,-0.2317,3
138.0200,20.00,1.1551,-136392,5.4,0.4073,8.146,1279,-0.2478,3
138.0400,20.00,1.2030,-145964,4.9,0.3733,7.467,1283,-0.3193,3
138.0600,20.00,1.1881,-142980,4.5,0.3670,7.340,1299,-0.3326,3
138.0800,20.00,1.1807,-141505,4.0,0.3662,7.325,1302,-0.3342,3
138.1000,20.00,1.2039,-146142,7.5,0.3479,6.958,1302,-0.3728,3
138.1200,20.00,1.1084,-127045,7.0,0.4055,8.110,1311,-0.2516,3
138.1400,20.00,1.1280,-130970,6.5,0.4065,8.130,1284,-0.2495,3
138.1600,20.00,1.1025,-125874,6.0,0.4274,8.548,1283,-0.2054,3
138.1800,20.00,1.1107,-127499,5.5,0.4324,8.647,1274,-0.1950,3
138.2000,20.00,1.1045,-126273,5.1,0.4450,8.900,1271,-0.1684,3
138.2200,20.00,1.1380,-132961,4.6,0.4315,8.630,1266,-0.1968,3
138.2400,20.00,1.1585,-137054,4.1,0.4147,8.295,1272,-0.2321,3
138.2600,20.00,1.1658,-138523,3.7,0.4019,8.039,1280,-0.2591,3
138.2800,20.00,1.1888,-143123,3.3,0.3797,7.594,1285,-0.3059,3
138.3000,20.00,1.1743,-140213,2.8,0.3790,7.580,1296,-0.3074,3
138.3200,20.00,1.1517,-135701,6.3,0.3911,7.821,1296,-0.2820,3
138.3400,20.00,1.1431,-133991,5.8,0.3993,7.985,1291,-0.2647,3
138.3600,20.00,1.1210,-129563,5.3,0.4162,8.325,1287,-0.2290,3
138.3800,20.00,1.1296,-131279,4.8,0.4164,8.329,1279,-0.2285,3
138.4000,20.00,1.1128,-127917,4.4,0.4310,8.619,1279,-0.1980,3
138.4200,20.00,1.1141,-128178,3.9,0.4391,8.783,1272,-0.1808,3
138.4400,20.00,1.1531,-135990,3.5,0.4186,8.372,1268,-0.2240,3
138.4600,20.00,1.1142,-128200,3.0,0.4396,8.791,1278,-0.1799,3
138.4800,20.00,1.1591,-137178,2.6,0.4156,8.311,1268,-0.2304,3
138.5000,20.00,1.1329,-131941,2.1,0.4257,8.515,1279,-0.2090,3
138.5200,20.00,1.1978,-144926,1.7,0.3860,7.719,1275,-0.2927,3
138.5400,20.00,1.1897,-143300,5.1,0.3730,7.460,1293,-0.3200,3
138.5600,20.00,1.1591,-137182,4.7,0.3860,7.719,1299,-0.2927,3
138.5800,20.00,1.1858,-142527,4.2,0.3692,7.384,1293,-0.3280,3
138.6000,20.00,1.1251,-130392,3.7,0.4052,8.103,1301,-0.2523,3
138.6200,19.99,1.1819,-141752,3.2,0.3763,7.526,1284,-0.3130,3
138.6400,20.00,1.1212,-129606,2.7,0.4099,8.199,1297,-0.2423,3
138.6600,20.00,1.1530,-135963,2.3,0.3968,7.937,1282,-0.2698,3
138.6800,20.00,1.0665,-118659,1.9,0.4502,9.003,1288,-0.1576,3
138.7000,20.00,1.1071,-126776,1.4,0.4472,8.944,1263,-0.1638,3
138.7200,20.00,1.0940,-124165,1.0,0.4613,9.225,1265,-0.1342,3
138.7400,20.00,1.1472,-134800,0.5,0.4382,8.765,1258,-0.1827,3
138.7600,20.01,1.1388,-133120,4.0,0.4372,8.743,1269,-0.1849,3
138.7800,20.00,1.1905,-143455,3.5,0.4002,8.004,1269,-0.2627,3
138.8000,20.00,1.2128,-147918,3.0,0.3673,7.346,1286,-0.3320,3
138.8200,20.00,1.2114,-147632,2.5,0.3522,7.044,1301,-0.3638,3
138.8400,20.00,1.1781,-140983,2.1,0.3646,7.292,1309,-0.3377,3
138.8600,20.00,1.1713,-139631,1.6,0.3683,7.367,1303,-0.3298,3
138.8800,20.00,1.1854,-142435,1.1,0.3585,7.170,1301,-0.3506,3
138.9000,20.00,1.1265,-130656,0.7,0.3958,7.917,1306,-0.2719,3
138.9200,20.00,1.1061,-126591,0.2,0.4193,8.386,1288,-0.2225,3
138.9400,20.00,1.1374,-132852,11.9,0.4087,8.173,1277,-0.2449,3
138.9600,20.00,1.1010,-125571,11.5,0.4337,8.674,1282,-0.1922,3
138.9800,20.00,1.1449,-134340,2.8,0.4156,8.312,1271,-0.2303,3
139.0000,20.00,1.1561,-136579,2.3,0.4053,8.106,1279,-0.2520,3
139.0200,20.00,1.1639,-138135,1.9,0.3963,7.927,1284,-0.2709,3
139.0400,20.00,1.1406,-133494,1.4,0.4084,8.169,1288,-0.2454,3
139.0600,20.00,1.1651,-138388,0.9,0.3936,7.871,1282,-0.2767,3
139.0800,20.00,1.1837,-142096,0.4,0.3771,7.542,1289,-0.3113,3
139.1000,20.00,1.1381,-132982,12.2,0.4018,8.036,1297,-0.2594,3
139.1200,20.00,1.1238,-130130,11.7,0.4159,8.318,1285,-0.2296,3
139.1400,20.01,1.1286,-131081,11.3,0.4182,8.365,1279,-0.2248,3
139.1600,20.00,1.1156,-128487,10.8,0.4305,8.611,1278,-0.1988,3
139.1800,20.00,1.1317,-131712,10.3,0.4270,8.541,1272,-0.2063,3
139.2000,20.00,1.1270,-130773,9.9,0.4322,8.643,1274,-0.1954,3
139.2200,20.00,1.1443,-134229,1.1,0.4231,8.461,1272,-0.2146,3
139.2400,20.00,1.1250,-130358,0.7,0.4339,8.679,1276,-0.1917,3
139.2600,20.00,1.1180,-128959,0.2,0.4429,8.858,1271,-0.1728,3
139.2800,20.00,1.1640,-138173,8.0,0.4158,8.315,1266,-0.2300,3
139.3000,20.00,1.1319,-131748,7.6,0.4282,8.564,1279,-0.2038,3
139.3200,20.00,1.1817,-141700,7.1,0.3967,7.934,1273,-0.2701,3
139.3400,20.00,1.1684,-139048,10.6,0.3929,7.858,1288,-0.2781,3
139.3600,20.00,1.1757,-140500,10.1,0.3836,7.672,1290,-0.2976,3
139.3800,20.00,1.1836,-142077,9.6,0.3740,7.480,1294,-0.3179,3
139.4000,20.00,1.2082,-146996,9.1,0.3526,7.052,1298,-0.3630,3
139.4200,20.00,1.2057,-146492,0.5,0.3455,6.910,1308,-0.3779,3
139.4400,20.00,1.1841,-142185,8.2,0.3534,7.068,1312,-0.3613,3
139.4600,20.00,1.1315,-131656,7.8,0.3887,7.775,1308,-0.2869,3
139.4800,20.00,1.1698,-139318,7.3,0.3724,7.449,1292,-0.3212,3
139.5000,20.00,1.0861,-122578,6.9,0.4264,8.528,1299,-0.2076,3
139.5200,20.00,1.0822,-121801,6.4,0.4466,8.932,1274,-0.1650,3
139.5400,20.00,1.1063,-126633,6.0,0.4450,8.899,1265,-0.1685,3
139.5600,20.00,1.1470,-134762,9.4,0.4249,8.497,1266,-0.2108,3
139.5800,20.00,1.1126,-127879,8.9,0.4444,8.888,1275,-0.1697,3
139.6000,20.00,1.0829,-121950,8.5,0.4668,9.336,1266,-0.1225,3
139.6200,20.00,1.1905,-143463,8.0,0.4168,8.337,1255,-0.2277,3
139.6400,20.00,1.2299,-151334,7.5,0.3683,7.367,1279,-0.3298,3
139.6600,20.00,1.1547,-136310,7.0,0.3916,7.833,1301,-0.2808,3
139.6800,20.00,1.1547,-136307,6.6,0.3952,7.904,1290,-0.2733,3
139.7000,20.00,1.1374,-132836,6.1,0.4073,8.145,1289,-0.2479,3
139.7200,20.00,1.1611,-137577,5.7,0.3945,7.890,1283,-0.2748,3
139.7400,20.00,1.1893,-143217,5.3,0.3725,7.450,1289,-0.3211,3
139.7600,20.00,1.1689,-139148,4.8,0.3783,7.567,1299,-0.3088,3
139.7800,20.00,1.1646,-138274,8.3,0.3803,7.607,1296,-0.3045,3
139.8000,20.00,1.1424,-133853,7.8,0.3957,7.915,1295,-0.2721,3
139.8200,20.00,1.1726,-139889,7.3,0.3794,7.587,1288,-0.3066,3
139.8400,20.00,1.1589,-137149,6.8,0.3842,7.684,1296,-0.2965,3
139.8600,20.00,1.1244,-130253,6.3,0.4093,8.186,1294,-0.2436,3
139.8800,20.00,1.1329,-131951,5.8,0.4104,8.208,1282,-0.2413,3
139.9000,20.00,1.1400,-133367,5.5,0.4087,8.173,1282,-0.2449,3
139.9200,20.00,1.1539,-136149,5.0,0.4006,8.011,1282,-0.2620,3
139.9400,20.00,1.1471,-134785,4.5,0.4038,8.075,1286,-0.2553,3
139.9600,20.00,1.1463,-134617,4.1,0.4048,8.097,1285,-0.2530,3
139.9800,20.00,1.1708,-139531,3.6,0.3885,7.769,1284,-0.2874,3
140.0000,20.00,1.1555,-136457,7.1,0.3941,7.882,1292,-0.2756,3
140.0200,20.00,1.1616,-137692,6.6,0.3900,7.800,1289,-0.2843,3
140.0400,20.00,1.1573,-136826,6.1,0.3912,7.824,1291,-0.2817,3
140.0600,20.00,1.1285,-131061,5.6,0.4107,8.215,1291,-0.2406,3
140.0800,20.00,1.1442,-134199,5.2,0.4054,8.109,1282,-0.2517,3
140.1000,20.00,1.1428,-133922,4.7,0.4068,8.137,1284,-0.2488,3
140.1200,20.00,1.1331,-131991,4.3,0.4141,8.282,1283,-0.2334,3
140.1400,20.00,1.1277,-130914,3.8,0.4208,8.416,1280,-0.2194,3
140.1600,20.00,1.1266,-130675,3.4,0.4258,8.517,1277,-0.2088,3
140.1800,20.00,1.1195,-129264,2.9,0.4351,8.702,1274,-0.1892,3
140.2000,20.00,1.1908,-143528,2.5,0.3938,7.876,1270,-0.2762,3
140.2200,20.00,1.1394,-133243,5.9,0.4117,8.234,1289,-0.2385,3
140.2400,20.00,1.1720,-139758,5.4,0.3913,7.826,1281,-0.2814,3
140.2600,20.00,1.1460,-134573,4.9,0.4034,8.069,1290,-0.2559,3
140.2800,20.00,1.1391,-133175,4.5,0.4097,8.194,1285,-0.2428,3
140.3000,20.00,1.1622,-137811,4.0,0.3960,7.920,1282,-0.2716,3
140.3200,20.00,1.1490,-135155,3.6,0.4018,8.037,1288,-0.2593,3
140.3400,20.00,1.1692,-139196,3.1,0.3887,7.774,1285,-0.2870,3
140.3600,20.00,1.1498,-135332,2.7,0.3980,7.960,1292,-0.2674,3
140.3800,20.00,1.1619,-137738,2.1,0.3912,7.824,1287,-0.2817,3
140.4000,20.00,1.1338,-132115,1.8,0.4084,8.169,1291,-0.2454,3
140.4200,20.00,1.1539,-136145,1.3,0.3990,7.981,1282,-0.2652,3
140.4400,20.00,1.1064,-126648,4.7,0.4291,8.582,1287,-0.2019,3
140.4600,20.00,1.1208,-129531,4.3,0.4303,8.605,1273,-0.1994,3
140.4800,20.00,1.1148,-128319,3.8,0.4398,8.796,1272,-0.1794,3
140.5000,20.00,1.1055,-126470,3.3,0.4528,9.056,1268,-0.1520,3
140.5200,20.00,1.1774,-140839,2.8,0.4142,8.283,1262,-0.2334,3
140.5400,20.00,1.1590,-137166,2.3,0.4093,8.186,1280,-0.2435,3
140.5600,20.00,1.1909,-143548,1.9,0.3827,7.653,1282,-0.2997,3
140.5800,20.00,1.2015,-145658,1.5,0.3636,7.272,1295,-0.3398,3
140.6000,20.00,1.1899,-143340,1.0,0.3625,7.250,1303,-0.3421,3
140.6200,20.00,1.2217,-149710,0.6,0.3399,6.798,1304,-0.3897,3
140.6400,20.00,1.1499,-135343,0.1,0.3754,7.507,1314,-0.3150,3
140.6600,20.00,1.1663,-138628,3.6,0.3712,7.425,1298,-0.3237,3
140.6800,20.00,1.1316,-131687,3.1,0.3954,7.909,1300,-0.2728,3
140.7000,20.00,1.1100,-127356,2.6,0.4175,8.350,1288,-0.2263,3
140.7200,20.00,1.1032,-126008,2.1,0.4318,8.635,1278,-0.1963,3
140.7400,20.00,1.0981,-124977,1.7,0.4450,8.900,1272,-0.1684,3
140.7600,20.00,1.1217,-129705,1.2,0.4407,8.815,1266,-0.1774,3
140.7800,20.00,1.1243,-130218,0.7,0.4424,8.848,1268,-0.1739,3
140.8000,20.00,1.1490,-135156,0.3,0.4273,8.546,1267,-0.2057,3
140.8200,20.00,1.1604,-137452,12.0,0.4137,8.274,1274,-0.2343,3
140.8400,20.00,1.1368,-132717,11.5,0.4226,8.451,1280,-0.2157,3
140.8600,20.00,1.1247,-130312,11.1,0.4322,8.645,1276,-0.1953,3
140.8800,20.00,1.1324,-131838,2.4,0.4314,8.628,1272,-0.1971,3
140.9000,20.00,1.1589,-137144,2.0,0.4140,8.280,1272,-0.2337,3
140.9200,20.00,1.1408,-133528,1.5,0.4195,8.390,1280,-0.2221,3
140.9400,20.00,1.1507,-135497,1.0,0.4129,8.259,1277,-0.2359,3
140.9600,20.00,1.1297,-131301,0.5,0.4245,8.490,1280,-0.2115,3
140.9800,20.00,1.1650,-138372,0.0,0.4044,8.088,1275,-0.2539,3
141.0000,20.00,1.1583,-137019,11.8,0.4022,8.044,1284,-0.2585,3
141.0200,20.00,1.1431,-133983,11.3,0.4102,8.203,1285,-0.2418,3
141.0400,20.00,1.1527,-135899,10.9,0.4050,8.101,1282,-0.2526,3
141.0600,20.00,1.1940,-144152,10.4,0.3767,7.534,1284,-0.3122,3
141.0800,20.00,1.1603,-137428,9.9,0.3879,7.758,1297,-0.2887,3
141.1000,20.00,1.1006,-125489,1.2,0.4295,8.590,1292,-0.2011,3
141.1200,20.00,1.1584,-137043,0.8,0.4039,8.079,1273,-0.2549,3
141.1400,20.00,1.1462,-134596,0.3,0.4074,8.147,1285,-0.2477,3
141.1600,20.00,1.1432,-134010,8.1,0.4099,8.197,1283,-0.2424,3
141.1800,20.00,1.1484,-135048,7.7,0.4074,8.148,1282,-0.2476,3
141.2000,20.00,1.1583,-137018,7.2,0.4004,8.008,1283,-0.2623,3
141.2200,20.00,1.2095,-147254,10.7,0.3651,7.303,1286,-0.3365,3
141.2400,20.00,1.2148,-148329,10.2,0.3483,6.966,1303,-0.3720,3
141.2600,20.00,1.1592,-137210,9.7,0.3749,7.497,1310,-0.3161,3
141.2800,20.00,1.1849,-142338,9.2,0.3616,7.231,1298,-0.3441,3
141.3000,20.00,1.1489,-135142,8.8,0.3826,7.653,1304,-0.2997,3
141.3200,20.00,1.1668,-138727,0.1,0.3759,7.517,1295,-0.3140,3
141.3400,20.00,1.1431,-133984,7.9,0.3912,7.824,1298,-0.2817,3
141.3600,20.00,1.1825,-141863,7.4,0.3693,7.387,1291,-0.3277,3
141.3800,20.00,1.1250,-130366,7.0,0.4037,8.073,1301,-0.2554,3
141.4000,20.00,1.1615,-137667,6.5,0.3880,7.761,1285,-0.2884,3
141.4200,20.00,1.1462,-134600,6.0,0.3964,7.928,1292,-0.2708,3
141.4400,20.00,1.1451,-134393,9.5,0.3995,7.991,1288,-0.2641,3
141.4600,20.00,1.1276,-130876,9.0,0.4129,8.257,1287,-0.2361,3
141.4800,20.00,1.1637,-138094,8.5,0.3934,7.869,1280,-0.2770,3
141.5000,20.00,1.1428,-133923,8.1,0.4040,8.079,1289,-0.2548,3
141.5200,20.00,1.1436,-134091,7.6,0.4056,8.111,1285,-0.2515,3
141.5400,20.00,1.1696,-139291,7.1,0.3888,7.777,1284,-0.2867,3
141.5600,20.00,1.1383,-133031,6.7,0.4058,8.116,1292,-0.2509,3
141.5800,20.00,1.1535,-136066,6.2,0.3990,7.979,1284,-0.2653,3
141.6000,20.00,1.1505,-135455,5.8,0.4000,7.999,1287,-0.2632,3
141.6200,20.00,1.1652,-138394,5.3,0.3900,7.801,1286,-0.2841,3
141.6400,20.00,1.2068,-146715,4.9,0.3590,7.181,1291,-0.3494,3
141.6600,20.00,1.1482,-135010,8.3,0.3870,7.740,1305,-0.2906,3
141.6800,20.00,1.1755,-140466,7.9,0.3739,7.477,1292,-0.3182,3
141.7000,20.00,1.1960,-144552,7.4,0.3556,7.112,1298,-0.3566,3
141.7200,20.00,1.1572,-136813,6.9,0.3758,7.516,1307,-0.3141,3
141.7400,20.00,1.1371,-132785,6.4,0.3933,7.866,1298,-0.2773,3
141.7600,20.00,1.1314,-131641,6.0,0.4034,8.068,1289,-0.2560,3
141.7800,20.00,1.1202,-129407,5.5,0.4154,8.308,1285,-0.2307,3
141.8000,20.00,1.1193,-129226,5.1,0.4220,8.441,1279,-0.2168,3
141.8200,20.00,1.1381,-132978,4.6,0.4148,8.295,1276,-0.2321,3
141.8400,20.00,1.1205,-129459,4.1,0.4274,8.548,1279,-0.2055,3
141.8600,20.00,1.1526,-135893,3.7,0.4115,8.231,1274,-0.2389,3
141.8800,20.00,1.1307,-131502,7.1,0.4222,8.445,1281,-0.2163,3
141.9000,20.00,1.2177,-148902,6.7,0.3718,7.436,1276,-0.3225,3
141.9200,20.01,1.1841,-142177,6.2,0.3702,7.405,1299,-0.3258,3
141.9400,20.00,1.1671,-138787,5.7,0.3776,7.552,1300,-0.3103,3
141.9600,20.00,1.1601,-137384,5.2,0.3819,7.637,1297,-0.3013,3
141.9800,20.00,1.1242,-130214,4.8,0.4075,8.149,1295,-0.2475,3
142.0000,20.00,1.1404,-133452,4.3,0.4037,8.074,1283,-0.2553,3
142.0200,20.00,1.1476,-134892,3.9,0.4005,8.010,1285,-0.2621,3
142.0400,20.00,1.1505,-135467,3.4,0.3987,7.974,1286,-0.2659,3
142.0600,20.00,1.1322,-131800,3.0,0.4109,8.217,1287,-0.2403,3
142.0800,20.00,1.1250,-130359,2.5,0.4190,8.380,1281,-0.2231,3
142.1000,20.00,1.1233,-130017,6.0,0.4250,8.501,1278,-0.2104,3
142.1200,20.00,1.1603,-137422,5.5,0.4046,8.093,1275,-0.2534,3
142.1400,20.00,1.1768,-140723,5.0,0.3882,7.764,1284,-0.2880,3
142.1600,20.00,1.1819,-141735,4.6,0.3771,7.542,1292,-0.3114,3
142.1800,20.00,1.1892,-143198,4.1,0.3658,7.316,1297,-0.3352,3
142.2000,20.00,1.1440,-134159,3.6,0.3904,7.808,1302,-0.2833,3
142.2200,20.00,1.1420,-133768,3.1,0.3977,7.955,1291,-0.2679,3
142.2400,20.00,1.1196,-129283,2.8,0.4154,8.308,1288,-0.2308,3
142.2600,20.00,1.1562,-136608,2.3,0.3974,7.948,1279,-0.2687,3
142.2800,20.00,1.1218,-129727,1.8,0.4178,8.356,1288,-0.2256,3
142.3000,20.01,1.1363,-132617,1.4,0.4140,8.280,1278,-0.2337,3
142.3200,20.00,1.1430,-133973,4.8,0.4108,8.216,1280,-0.2404,3
142.3400,20.00,1.0856,-122490,4.4,0.4493,8.987,1281,-0.1593,3
142.3600,20.00,1.1912,-143598,3.9,0.3989,7.978,1263,-0.2655,3
142.3800,20.00,1.1643,-138231,3.4,0.3957,7.914,1287,-0.2722,3
142.4000,20.00,1.1478,-134925,2.9,0.4030,8.061,1288,-0.2567,3
142.4200,20.00,1.1963,-144630,2.5,0.3722,7.444,1285,-0.3217,3
142.4400,20.00,1.1322,-131803,2.0,0.4044,8.088,1299,-0.2539,3
142.4600,20.00,1.1432,-134004,1.6,0.4034,8.068,1284,-0.2560,3
142.4800,20.00,1.1225,-129869,1.1,0.4181,8.362,1285,-0.2250,3
142.5000,20.00,1.1314,-131638,0.7,0.4177,8.354,1278,-0.2259,3
142.5200,20.00,1.1646,-138281,0.2,0.3974,7.948,1278,-0.2686,3
142.5400,20.00,1.1227,-129910,3.6,0.4208,8.416,1288,-0.2193,3
142.5600,20.00,1.1825,-141864,3.1,0.3871,7.743,1277,-0.2902,3
142.5800,20.01,1.1087,-127114,2.7,0.4267,8.533,1292,-0.2070,3
142.6000,20.00,1.1664,-138644,2.3,0.3981,7.961,1274,-0.2672,3
142.6200,20.00,1.0954,-124452,1.8,0.4390,8.779,1287,-0.1812,3
142.6400,20.00,1.1333,-132017,1.3,0.4282,8.564,1268,-0.2038,3
142.6600,20.00,1.1453,-134415,0.9,0.4204,8.408,1273,-0.2202,3
142.6800,20.00,1.1572,-136802,0.4,0.4094,8.187,1277,-0.2434,3
142.7000,20.00,1.1445,-134264,12.1,0.4128,8.255,1282,-0.2363,3
142.7200,20.00,1.1710,-139558,11.6,0.3942,7.884,1280,-0.2754,3
142.7400,20.00,1.1456,-134493,11.1,0.4055,8.111,1289,-0.2515,3
142.7600,20.00,1.1485,-135071,2.5,0.4047,8.095,1284,-0.2532,3
142.7800,20.00,1.1305,-131465,2.0,0.4165,8.330,1284,-0.2285,3
142.8000,20.00,1.1577,-136903,1.6,0.4018,8.037,1279,-0.2593,3
142.8200,20.00,1.1333,-132028,1.1,0.4152,8.304,1285,-0.2312,3
142.8400,20.00,1.1404,-133449,0.6,0.4138,8.275,1279,-0.2342,3
142.8600,20.00,1.1853,-142428,0.1,0.3849,7.697,1280,-0.2950,3
142.8800,20.00,1.1650,-138372,11.9,0.3881,7.762,1293,-0.2882,3
142.9000,20.00,1.1648,-138316,11.4,0.3868,7.736,1292,-0.2909,3
142.9200,20.00,1.1852,-142394,10.9,0.3716,7.431,1292,-0.3230,3
142.9400,20.00,1.1730,-139965,10.5,0.3737,7.474,1300,-0.3185,3
142.9600,20.00,1.1528,-135915,10.0,0.3858,7.716,1299,-0.2931,3
142.9800,20.00,1.1522,-135805,1.3,0.3894,7.788,1293,-0.2855,3
143.0000,20.00,1.1643,-138230,0.9,0.3827,7.653,1291,-0.2997,3
143.0200,20.00,1.1586,-137091,0.4,0.3849,7.698,1295,-0.2950,3
143.0400,20.00,1.1654,-138451,8.1,0.3807,7.614,1293,-0.3037,3
143.0600,20.00,1.1739,-140146,7.7,0.3738,7.477,1295,-0.3182,3
143.0800,20.00,1.1308,-131528,7.3,0.4010,8.019,1298,-0.2611,3
143.1000,20.00,1.1667,-138701,10.8,0.3837,7.674,1286,-0.2974,3
143.1200,20.00,1.1501,-135385,10.3,0.3915,7.831,1294,-0.2810,3
143.1400,20.00,1.1440,-134163,9.8,0.3980,7.960,1290,-0.2674,3
143.1600,20.00,1.1700,-139356,9.3,0.3829,7.659,1287,-0.2991,3
143.1800,20.00,1.1309,-131549,8.9,0.4056,8.113,1294,-0.2513,3
143.2000,20.00,1.1439,-134145,0.1,0.4025,8.051,1284,-0.2578,3
143.2200,20.00,1.1390,-133169,7.9,0.4067,8.134,1285,-0.2491,3
143.2400,20.00,1.1961,-144580,7.5,0.3724,7.449,1283,-0.3212,3
143.2600,20.00,1.1571,-136786,7.0,0.3857,7.714,1299,-0.2933,3
143.2800,20.00,1.2368,-152718,6.6,0.3394,6.788,1293,-0.3907,3
143.3000,20.00,1.1635,-138068,6.1,0.3669,7.337,1314,-0.3329,3
143.3200,20.00,1.2404,-153430,9.6,0.3263,6.526,1302,-0.4183,3
143.3400,20.00,1.1976,-144890,9.1,0.3355,6.709,1321,-0.3990,3
143.3600,20.00,1.1666,-138674,8.6,0.3535,7.070,1316,-0.3611,3
143.3800,20.00,1.1288,-131119,8.1,0.3830,7.660,1308,-0.2990,3
143.4000,20.00,1.1181,-128995,7.7,0.4009,8.017,1294,-0.2614,3
143.4200,20.00,1.1078,-126923,7.2,0.4161,8.322,1286,-0.2293,3
143.4400,20.00,1.1027,-125907,6.8,0.4278,8.556,1279,-0.2047,3
143.4600,20.00,1.1084,-127044,6.3,0.4336,8.673,1273,-0.1924,3
143.4800,20.00,1.1516,-135674,5.9,0.4130,8.261,1271,-0.2357,3
143.5000,20.00,1.1302,-131401,5.4,0.4230,8.461,1280,-0.2146,3
143.5200,20.00,1.1717,-139712,5.0,0.3964,7.928,1276,-0.2707,3
143.5400,20.00,1.1980,-144970,8.4,0.3704,7.407,1288,-0.3256,3
143.5600,20.00,1.1774,-140834,8.0,0.3723,7.445,1300,-0.3216,3
143.5800,20.00,1.1679,-138949,7.5,0.3759,7.518,1299,-0.3139,3
143.6000,20.00,1.1386,-133083,7.0,0.3945,7.890,1298,-0.2747,3
143.6200,20.00,1.1994,-145235,6.5,0.3590,7.180,1289,-0.3494,3
143.6400,20.00,1.1918,-143715,6.2,0.3530,7.061,1305,-0.3620,3
143.6600,20.00,1.1513,-135617,5.6,0.3769,7.538,1308,-0.3118,3
143.6800,20.00,1.1515,-135656,5.1,0.3814,7.627,1297,-0.3024,3
143.7000,20.00,1.1120,-127775,4.7,0.4100,8.200,1295,-0.2421,3
143.7200,20.00,1.1624,-137836,4.3,0.3858,7.716,1282,-0.2930,3
143.7400,20.00,1.1414,-133652,3.8,0.3964,7.928,1293,-0.2707,3
143.7600,20.00,1.1563,-136622,7.3,0.3894,7.789,1288,-0.2854,3
143.7800,20.00,1.1466,-134676,6.8,0.3945,7.890,1291,-0.2747,3
143.8000,20.00,1.1745,-140272,6.3,0.3783,7.566,1289,-0.3089,3
143.8200,20.00,1.1963,-144627,5.8,0.3566,7.131,1296,-0.3546,3
143.8400,20.00,1.1340,-132161,5.3,0.3911,7.822,1307,-0.2819,3
143.8600,20.01,1.1720,-139754,4.9,0.3749,7.499,1291,-0.3159,3
143.8800,20.00,1.1482,-134997,4.4,0.3862,7.724,1298,-0.2922,3
143.9000,20.00,1.1687,-139110,4.0,0.3759,7.519,1293,-0.3138,3
143.9200,20.00,1.1395,-133266,3.5,0.3918,7.836,1298,-0.2804,3
143.9400,20.00,1.1096,-127278,3.1,0.4161,8.321,1290,-0.2294,3
143.9600,20.00,1.1762,-140606,2.6,0.3815,7.631,1279,-0.3020,3
143.9800,20.00,1.1295,-131272,6.1,0.4044,8.088,1295,-0.2539,3
144.0000,20.00,1.1536,-136082,5.6,0.3934,7.868,1284,-0.2771,3
144.0200,20.00,1.1226,-129893,5.1,0.4127,8.254,1289,-0.2365,3
144.0400,20.00,1.1538,-136114,4.7,0.3975,7.950,1281,-0.2685,3
144.0600,20.00,1.1842,-142194,4.1,0.3763,7.526,1288,-0.3131,3
144.0800,20.00,1.1584,-137049,3.7,0.3849,7.699,1297,-0.2949,3
144.1000,20.00,1.1478,-134933,3.2,0.3915,7.831,1293,-0.2810,3
144.1200,20.00,1.1544,-136242,2.8,0.3889,7.778,1290,-0.2865,3
144.1400,20.00,1.1669,-138746,2.4,0.3809,7.618,1292,-0.3034,3
144.1600,20.00,1.1412,-133606,1.9,0.3940,7.880,1295,-0.2758,3
144.1800,20.00,1.1274,-130851,1.4,0.4066,8.132,1289,-0.2492,3
144.2000,20.00,1.1193,-129227,4.9,0.4164,8.329,1283,-0.2285,3
144.2200,20.00,1.1216,-129681,4.4,0.4207,8.414,1279,-0.2196,3
144.2400,20.00,1.1384,-133037,4.0,0.4149,8.298,1277,-0.2318,3
144.2600,20.00,1.1275,-130866,3.5,0.4225,8.451,1279,-0.2157,3
144.2800,20.00,1.1655,-138458,3.0,0.3994,7.989,1276,-0.2643,3
144.3000,20.00,1.1411,-133593,2.6,0.4092,8.183,1287,-0.2439,3
144.3200,20.00,1.2050,-146368,2.1,0.3695,7.390,1282,-0.3273,3
144.3400,20.00,1.1381,-132975,1.6,0.3969,7.938,1301,-0.2697,3
144.3600,20.00,1.1409,-133547,1.1,0.4001,8.002,1288,-0.2629,3
144.3800,20.00,1.1510,-135554,0.7,0.3950,7.899,1286,-0.2738,3
144.4000,20.00,1.1593,-137224,0.3,0.3893,7.785,1289,-0.2858,3
144.4200,20.00,1.0846,-122283,3.8,0.4355,8.710,1291,-0.1884,3
144.4400,20.00,1.1632,-137998,3.3,0.3995,7.989,1270,-0.2643,3
144.4600,20.00,1.1280,-130968,2.8,0.4166,8.333,1287,-0.2282,3
144.4800,20.00,1.1645,-138271,2.3,0.3954,7.908,1279,-0.2728,3
144.5000,20.00,1.1574,-136840,1.9,0.3947,7.894,1288,-0.2744,3
144.5200,20.00,1.1326,-131885,1.4,0.4090,8.180,1289,-0.2442,3
144.5400,20.00,1.1740,-140172,0.9,0.3854,7.708,1282,-0.2939,3
144.5600,20.00,1.1008,-125529,0.5,0.4269,8.537,1293,-0.2066,3
144.5800,20.00,1.1823,-141824,0.0,0.3861,7.721,1274,-0.2925,3
144.6000,20.00,1.1540,-136161,11.7,0.3933,7.866,1293,-0.2773,3
144.6200,20.00,1.1625,-137863,11.2,0.3878,7.755,1289,-0.2889,3
144.6400,20.00,1.2187,-149098,2.6,0.3485,6.969,1292,-0.3716,3
144.6600,20.00,1.1180,-128967,2.1,0.4007,8.014,1310,-0.2617,3
144.6800,20.00,1.0000,-105362,1.6,0.4783,9.565,1286,-0.0984,3
144.7000,20.00,1.0911,-123594,1.1,0.4636,9.273,1250,-0.1292,3
144.7200,20.00,1.0548,-116338,0.7,0.4902,9.803,1257,-0.0733,3
144.7400,20.00,1.0793,-121227,0.2,0.4912,9.823,1245,-0.0713,3
144.7600,20.00,1.1913,-143614,11.8,0.4367,8.734,1244,-0.1859,3
144.7800,20.00,1.2540,-156152,11.5,0.3780,7.561,1269,-0.3094,3
144.8000,20.00,1.0062,-106620,11.1,0.4825,9.650,1297,-0.0894,3
144.8200,20.00,1.3915,-183646,10.6,0.2533,5.065,1248,-0.5721,3
144.8400,20.00,1.1955,-144459,10.1,0.3502,7.003,1354,-0.3681,3
144.8600,20.00,1.2562,-156599,1.4,0.3138,6.276,1310,-0.4447,3
144.8800,20.00,1.1550,-136367,0.9,0.3567,7.134,1326,-0.3544,3
144.9000,20.00,1.0439,-114155,0.5,0.4385,8.769,1307,-0.1822,3
144.9200,20.00,1.1363,-132621,8.3,0.4048,8.095,1269,-0.2531,3
144.9400,20.00,1.1358,-132529,7.8,0.4048,8.096,1284,-0.2530,3
144.9600,20.00,1.1272,-130810,7.4,0.4128,8.256,1284,-0.2362,3
144.9800,20.00,1.1503,-135432,10.9,0.4012,8.023,1280,-0.2607,3
145.0000,20.00,1.1171,-128784,10.4,0.4220,8.441,1286,-0.2167,3
145.0200,20.00,1.1797,-141309,9.9,0.3876,7.752,1276,-0.2892,3
145.0400,20.00,1.1114,-127651,9.4,0.4235,8.470,1292,-0.2137,3
145.0600,20.00,1.1532,-136000,8.9,0.4043,8.086,1275,-0.2541,3
145.0800,20.00,1.2334,-152033,0.3,0.3519,7.037,1284,-0.3645,3
145.1000,20.00,1.2860,-162550,8.0,0.3069,6.139,1309,-0.4591,3
145.1200,20.00,1.2366,-152674,7.6,0.3107,6.213,1330,-0.4512,3
145.1400,20.00,1.1748,-140317,7.1,0.3400,6.801,1328,-0.3894,3
145.1600,20.00,0.8712,-79610,6.7,0.5533,11.065,1314,0.0595,3
145.1800,20.00,1.2153,-148420,6.2,0.4049,8.097,1215,-0.2529,3
145.2000,20.00,1.0478,-114923,9.7,0.4618,9.235,1284,-0.1332,3
145.2200,20.00,1.0485,-115062,9.2,0.4852,9.705,1258,-0.0837,3
145.2400,20.00,1.1875,-142856,8.7,0.4271,8.542,1247,-0.2061,3
145.2600,20.00,1.1276,-130886,8.3,0.4423,8.845,1274,-0.1742,3
145.2800,20.00,1.1981,-144979,7.8,0.3976,7.952,1267,-0.2682,3
145.3000,20.00,1.2085,-147063,7.3,0.3674,7.349,1288,-0.3317,3
145.3200,20.00,1.1693,-139220,6.8,0.3782,7.565,1301,-0.3090,3
145.3400,20.00,1.2216,-149680,6.4,0.3440,6.879,1297,-0.3812,3
145.3600,20.00,1.1746,-140283,5.9,0.3607,7.214,1312,-0.3459,3
145.3800,20.00,1.1800,-141360,5.5,0.3571,7.142,1305,-0.3535,3
145.4000,20.00,1.1121,-127794,5.0,0.4018,8.037,1306,-0.2593,3
145.4200,20.00,1.1657,-138507,8.5,0.3793,7.586,1285,-0.3067,3
145.4400,20.00,1.1412,-133600,8.0,0.3919,7.837,1296,-0.2803,3
145.4600,20.00,1.0857,-122499,7.5,0.4320,8.640,1290,-0.1958,3
145.4800,20.00,1.1931,-143980,7.1,0.3803,7.606,1272,-0.3046,3
145.5000,20.00,1.1052,-126400,6.6,0.4218,8.436,1295,-0.2173,3
145.5200,20.00,1.1478,-134931,6.1,0.4037,8.074,1276,-0.2554,3
145.5400,20.00,1.1118,-127721,5.6,0.4264,8.528,1285,-0.2076,3
145.5600,20.00,1.1961,-144576,5.2,0.3824,7.648,1274,-0.3002,3
145.5800,20.00,1.2045,-146253,4.8,0.3573,7.146,1295,-0.3530,3
145.6000,20.00,1.1405,-133468,4.3,0.3908,7.816,1306,-0.2825,3
145.6200,20.00,1.2235,-150064,3.9,0.3443,6.885,1291,-0.3805,3
145.6400,20.00,1.1730,-139959,7.3,0.3607,7.215,1312,-0.3458,3
145.6600,20.00,1.2168,-148730,6.9,0.3338,6.676,1305,-0.4026,3
145.6800,20.00,1.1437,-134109,6.4,0.3725,7.450,1317,-0.3210,3
145.7000,20.00,1.1139,-128149,5.9,0.4009,8.018,1299,-0.2613,3
145.7200,20.00,1.1584,-137046,5.4,0.3820,7.640,1286,-0.3010,3
145.7400,20.00,1.1376,-132878,4.9,0.3938,7.876,1295,-0.2762,3
145.7600,20.00,1.0825,-121867,4.5,0.4334,8.667,1289,-0.1929,3
145.7800,20.00,1.1409,-133536,4.1,0.4099,8.199,1271,-0.2422,3
145.8000,20.00,1.1792,-141207,3.6,0.3850,7.699,1282,-0.2948,3
145.8200,20.00,1.1703,-139427,3.1,0.3816,7.632,1293,-0.3019,3
145.8400,20.00,1.1605,-137473,2.7,0.3846,7.691,1295,-0.2957,3
145.8600,20.00,1.1518,-135723,6.1,0.3892,7.784,1294,-0.2859,3
145.8800,20.00,1.2025,-145855,5.6,0.3553,7.106,1292,-0.3573,3
145.9000,20.00,1.1586,-137084,5.2,0.3749,7.497,1307,-0.3161,3
145.9200,20.00,1.1263,-130627,4.7,0.3987,7.974,1298,-0.2659,3
145.9400,20.00,1.0997,-125301,4.3,0.4229,8.457,1287,-0.2150,3
145.9600,20.00,1.1315,-131655,3.8,0.4118,8.237,1276,-0.2382,3
145.9800,20.00,1.1138,-128125,3.3,0.4262,8.524,1281,-0.2080,3
146.0000,20.00,1.1177,-128901,2.9,0.4315,8.630,1274,-0.1968,3
146.0200,20.00,1.0843,-122234,2.5,0.4570,9.139,1272,-0.1432,3
146.0400,20.00,1.1939,-144138,2.0,0.4033,8.065,1260,-0.2563,3
146.0600,20.00,1.1611,-137584,1.5,0.4019,8.037,1285,-0.2592,3
146.0800,20.00,1.2023,-145815,5.0,0.3694,7.388,1285,-0.3276,3
146.1000,20.00,1.2096,-147290,4.5,0.3488,6.976,1301,-0.3709,3
146.1200,20.00,1.1705,-139464,4.1,0.3654,7.308,1310,-0.3360,3
146.1400,20.00,1.1651,-138383,3.6,0.3700,7.400,1302,-0.3263,3
146.1600,20.01,1.1699,-139347,3.1,0.3671,7.343,1300,-0.3323,3
146.1800,20.00,1.1069,-126741,2.7,0.4086,8.171,1302,-0.2451,3
146.2000,20.00,1.1087,-127097,2.1,0.4187,8.375,1282,-0.2237,3
146.2200,20.00,1.1044,-126249,1.7,0.4283,8.567,1278,-0.2035,3
146.2400,20.00,1.1299,-131351,1.3,0.4217,8.435,1273,-0.2174,3
146.2600,20.00,1.1730,-139961,0.8,0.3946,7.891,1276,-0.2746,3
146.2800,20.00,1.1019,-125755,0.4,0.4326,8.653,1289,-0.1944,3
146.3000,20.00,1.1388,-133129,3.9,0.4197,8.393,1271,-0.2218,3
146.3200,20.00,1.2009,-145550,3.4,0.3808,7.616,1277,-0.3035,3
146.3400,20.00,1.1645,-138261,2.9,0.3856,7.712,1295,-0.2935,3
146.3600,20.00,1.0962,-124599,2.4,0.4280,8.560,1293,-0.2042,3
146.3800,20.00,1.0853,-122422,1.9,0.4479,8.957,1273,-0.1624,3
146.4000,20.00,1.1159,-128539,1.5,0.4437,8.875,1264,-0.1711,3
146.4200,20.00,1.1672,-138799,1.0,0.4126,8.253,1266,-0.2365,3
146.4400,20.00,1.1822,-141804,0.6,0.3914,7.828,1281,-0.2812,3
146.4600,20.00,1.1754,-140449,0.1,0.3842,7.684,1290,-0.2964,3
146.4800,20.00,1.1608,-137525,11.8,0.3878,7.756,1294,-0.2889,3
146.5000,20.00,1.1382,-132996,11.3,0.4014,8.027,1292,-0.2603,3
146.5200,20.00,1.1151,-128384,2.7,0.4197,8.395,1286,-0.2216,3
146.5400,20.00,1.1373,-132827,2.2,0.4118,8.235,1277,-0.2384,3
146.5600,20.00,1.1384,-133050,1.7,0.4124,8.248,1281,-0.2371,3
146.5800,20.00,1.1587,-137104,1.3,0.3993,7.987,1281,-0.2645,3
146.6000,20.00,1.1133,-128027,0.8,0.4259,8.517,1287,-0.2087,3
146.6200,20.00,1.1345,-132267,0.3,0.4200,8.400,1274,-0.2210,3
146.6400,20.00,1.1012,-125609,12.1,0.4437,8.873,1277,-0.1712,3
146.6600,20.00,1.1710,-139553,11.6,0.4078,8.157,1266,-0.2466,3
146.6800,20.00,1.2089,-147143,11.1,0.3722,7.444,1283,-0.3217,3
146.7000,20.00,1.1981,-144979,10.7,0.3598,7.196,1299,-0.3478,3
146.7200,20.00,1.1398,-133324,10.1,0.3916,7.833,1305,-0.2807,3
146.7400,20.01,1.1503,-135421,1.5,0.3914,7.828,1290,-0.2812,3
146.7600,20.00,1.1272,-130797,1.0,0.4079,8.158,1290,-0.2465,3
146.7800,20.01,1.1425,-133871,0.6,0.4030,8.059,1283,-0.2569,3
146.8000,20.00,1.1383,-133021,0.1,0.4065,8.130,1285,-0.2495,3
146.8200,20.00,1.1225,-129859,7.9,0.4187,8.374,1283,-0.2238,3
146.8400,20.00,1.1267,-130703,7.5,0.4212,8.425,1278,-0.2184,3
146.8600,20.00,1.2110,-147557,10.9,0.3740,7.479,1277,-0.3180,3
146.8800,20.00,1.1979,-144937,10.5,0.3595,7.191,1298,-0.3484,3
146.9000,20.00,1.1753,-140416,10.0,0.3670,7.340,1305,-0.3326,3
146.9200,20.01,1.1775,-140870,9.5,0.3643,7.285,1302,-0.3384,3
146.9400,19.99,1.1728,-139918,9.0,0.3653,7.305,1303,-0.3363,3
146.9600,20.00,1.1491,-135192,0.3,0.3811,7.622,1302,-0.3030,3
146.9800,20.00,1.1436,-134081,8.1,0.3886,7.772,1295,-0.2871,3
147.0000,20.00,1.1179,-128940,7.7,0.4096,8.192,1292,-0.2430,3
147.0200,20.00,1.1441,-134181,7.1,0.3998,7.995,1282,-0.2637,3
147.0400,20.00,1.0695,-119271,6.8,0.4467,8.935,1286,-0.1647,3
147.0600,20.00,0.9193,-89231,6.3,0.5460,10.920,1265,0.0442,3
147.0800,20.00,0.8846,-82304,9.8,0.6029,12.059,1219,0.1641,3
147.1000,20.00,0.9008,-85530,9.3,0.6206,12.412,1192,0.2012,3
147.1200,20.00,0.9566,-96694,8.8,0.6208,12.415,1184,0.2016,3
147.1400,20.00,0.9442,-94208,8.3,0.6306,12.612,1184,0.2223,3
147.1600,20.00,0.9621,-97794,7.8,0.6301,12.602,1179,0.2212,3
147.1800,20.00,0.9594,-97252,7.4,0.6342,12.685,1180,0.2300,3
147.2000,20.00,1.0068,-106740,6.9,0.6227,12.454,1178,0.2056,3
147.2200,20.00,0.9605,-97473,6.5,0.6369,12.738,1183,0.2356,3
147.2400,20.00,0.9160,-88576,6.0,0.6515,13.030,1176,0.2663,3
147.2600,20.00,0.8683,-79046,5.6,0.6664,13.327,1170,0.2976,3
147.2800,20.00,0.9250,-90368,5.1,0.6641,13.282,1163,0.2928,3
147.3000,20.00,0.8948,-84334,8.6,0.6707,13.415,1164,0.3068,3
147.3200,20.00,0.7889,-63170,8.1,0.6847,13.694,1161,0.3362,3
147.3400,20.01,0.7498,-55337,7.6,0.7051,14.102,1154,0.3792,3
147.3600,19.99,0.6796,-41307,7.1,0.7431,14.863,1145,0.4592,3
147.3800,20.00,0.7561,-56604,6.7,0.7614,15.227,1127,0.4976,3
147.4000,20.00,0.7160,-48585,6.2,0.7925,15.851,1119,0.5632,3
147.4200,20.00,0.7498,-55349,5.8,0.8120,16.241,1104,0.6043,3
147.4400,20.00,0.7588,-57148,5.3,0.8286,16.572,1095,0.6391,3
147.4600,20.00,0.8500,-75374,4.9,0.8227,16.454,1088,0.6268,3
147.4800,20.00,0.8907,-83525,4.4,0.8199,16.397,1090,0.6208,3
147.5000,20.00,0.9200,-89381,4.0,0.8177,16.354,1092,0.6162,3
147.5200,20.01,0.8819,-81749,7.4,0.8328,16.657,1093,0.6481,3
147.5400,20.00,0.9265,-90680,7.0,0.8336,16.672,1085,0.6497,3
147.5600,20.00,0.9664,-98649,6.5,0.8263,16.525,1085,0.6342,3
147.5800,19.99,0.9505,-95466,6.0,0.8342,16.683,1089,0.6509,3
147.6000,20.00,0.9185,-89073,5.5,0.8491,16.982,1085,0.6823,3
147.6200,20.00,0.8671,-78804,5.0,0.8678,17.355,1078,0.7216,3
147.6400,20.00,0.8929,-83952,4.6,0.8730,17.460,1069,0.7326,3
147.6600,20.00,0.9789,-101143,4.1,0.8638,17.275,1067,0.7132,3
147.6800,20.00,1.0292,-111212,3.7,0.8494,16.988,1071,0.6829,3
147.7000,20.00,0.9860,-102578,3.3,0.8595,17.190,1078,0.7043,3
147.7200,20.00,0.9788,-101131,2.8,0.8669,17.338,1073,0.7198,3
147.7400,20.00,0.9793,-101228,6.2,0.8714,17.429,1070,0.7294,3
147.7600,20.00,0.9786,-101102,5.8,0.8751,17.502,1068,0.7371,3
147.7800,20.00,1.0317,-111716,5.3,0.8642,17.284,1066,0.7141,3
147.8000,20.00,1.1406,-133491,4.8,0.8251,16.501,1071,0.6317,3
147.8200,20.00,1.1613,-137624,4.3,0.7862,15.724,1089,0.5499,3
147.8400,20.00,1.0847,-122315,3.9,0.7836,15.673,1107,0.5445,3
147.8600,20.00,1.1194,-129254,3.4,0.7685,15.371,1108,0.5127,3
147.8800,20.00,1.1358,-132524,3.0,0.7548,15.096,1115,0.4838,3
147.9000,20.00,1.0165,-108675,2.5,0.7681,15.361,1122,0.5117,3
147.9200,20.00,0.9916,-103686,2.1,0.7970,15.940,1116,0.5726,3
147.9400,20.00,0.9567,-96704,1.6,0.8318,16.637,1102,0.6460,3
147.9600,20.00,1.0084,-107042,5.1,0.8439,16.877,1086,0.6713,3
147.9800,20.00,1.0571,-116788,4.6,0.8404,16.808,1080,0.6640,3
148.0000,20.00,1.0280,-110978,4.1,0.8444,16.889,1082,0.6725,3
148.0200,20.00,1.1242,-130208,3.7,0.8229,16.459,1080,0.6272,3
148.0400,20.00,1.1786,-141077,3.1,0.7873,15.745,1090,0.5522,3
148.0600,20.00,1.1713,-139614,2.7,0.7687,15.373,1107,0.5130,3
148.0800,20.00,1.1506,-135481,2.2,0.7603,15.206,1115,0.4953,3
148.1000,20.00,1.1395,-133255,1.8,0.7561,15.121,1119,0.4865,3
148.1200,20.00,1.1543,-136221,1.4,0.7500,14.999,1121,0.4736,3
148.1400,20.00,1.2275,-150854,0.9,0.7362,14.724,1124,0.4447,3
148.1600,20.00,1.2736,-160079,0.4,0.7180,14.360,1130,0.4064,3
148.1800,20.00,1.1911,-143587,3.9,0.7192,14.383,1139,0.4088,3
148.2000,20.00,1.1591,-137186,3.4,0.7224,14.448,1138,0.4156,3
148.2200,20.00,1.2152,-148401,3.0,0.7150,14.300,1137,0.4000,3
148.2400,20.00,1.3281,-170984,2.5,0.6743,13.486,1140,0.3143,3
148.2600,20.00,1.3033,-166024,2.0,0.6537,13.073,1159,0.2708,3
148.2800,20.00,1.1844,-142251,1.5,0.6783,13.567,1169,0.3228,3
148.3000,20.00,1.1638,-138116,1.1,0.6921,13.841,1157,0.3517,3
148.3200,20.00,1.1908,-143529,0.6,0.6916,13.833,1151,0.3508,3
148.3400,20.00,1.2678,-158911,0.1,0.6703,13.406,1151,0.3059,3
148.3600,20.00,1.2735,-160065,11.9,0.6487,12.974,1161,0.2604,3
148.3800,20.00,1.2425,-153855,11.4,0.6437,12.874,1171,0.2499,3
148.4000,20.00,1.2159,-148546,2.8,0.6485,12.970,1173,0.2600,3
148.4200,19.99,1.2767,-160705,2.3,0.6225,12.451,1171,0.2053,3
148.4400,20.00,1.2811,-161573,1.8,0.5987,11.974,1183,0.1552,3
148.4600,20.00,1.3247,-170297,1.3,0.5638,11.277,1194,0.0817,3
148.4800,20.00,1.2994,-165246,0.9,0.5425,10.850,1210,0.0369,3
148.5000,20.00,1.2544,-156235,0.4,0.5428,10.855,1220,0.0374,3
148.5200,20.00,1.2638,-158123,12.2,0.5390,10.781,1220,0.0296,3
148.5400,20.00,1.2357,-152496,11.7,0.5431,10.863,1222,0.0382,3
148.5600,20.02,1.2231,-149977,11.2,0.5510,11.020,1220,0.0548,3
148.5800,19.98,1.2109,-147545,10.7,0.5623,11.245,1216,0.0785,3
148.6000,20.00,1.2350,-152355,10.2,0.5635,11.270,1211,0.0810,3
148.6200,20.01,1.2230,-149964,1.6,0.5673,11.346,1211,0.0890,3
148.6400,20.00,1.2084,-147044,1.1,0.5753,11.506,1209,0.1059,3
148.6600,20.00,1.2694,-159234,0.6,0.5512,11.024,1205,0.0551,3
148.6800,20.00,1.3512,-175584,0.1,0.5079,10.157,1216,-0.0361,3
148.7000,20.00,1.3589,-177126,8.0,0.4839,9.678,1236,-0.0865,3
148.7200,20.00,1.3341,-172165,7.5,0.4663,9.327,1247,-0.1235,3
148.7400,20.00,1.3073,-166820,11.0,0.4542,9.084,1256,-0.1491,3
148.7600,19.99,1.3087,-167094,10.5,0.4423,8.846,1261,-0.1741,3
148.7800,20.00,1.2641,-158184,10.1,0.4441,8.882,1267,-0.1703,3
148.8000,20.00,1.2287,-151092,9.6,0.4565,9.130,1266,-0.1442,3
148.8200,20.00,1.2498,-155326,9.1,0.4571,9.142,1260,-0.1429,3
148.8400,20.00,1.2682,-158997,0.4,0.4524,9.049,1260,-0.1527,3
148.8600,20.00,1.2784,-161047,8.1,0.4462,8.924,1262,-0.1658,3
148.8800,20.00,1.2632,-157999,7.7,0.4434,8.867,1265,-0.1719,3
148.9000,20.00,1.2665,-158650,7.3,0.4397,8.794,1266,-0.1795,3
148.9200,20.00,1.3107,-167497,6.8,0.4187,8.374,1268,-0.2237,3
148.9400,20.00,1.2149,-148337,6.4,0.4377,8.755,1278,-0.1837,3
148.9600,20.00,1.1753,-140426,9.9,0.4663,9.326,1269,-0.1235,3
148.9800,20.00,1.2140,-148170,9.4,0.4705,9.409,1256,-0.1148,3
149.0000,20.00,1.2145,-148265,8.9,0.4736,9.473,1254,-0.1081,3
149.0200,20.00,1.1766,-140677,8.4,0.4906,9.811,1252,-0.0725,3
149.0400,20.00,1.2522,-155801,7.9,0.4702,9.404,1244,-0.1154,3
149.0600,20.00,1.2322,-151798,7.5,0.4666,9.332,1254,-0.1229,3
149.0800,20.00,1.2241,-150173,7.0,0.4664,9.327,1256,-0.1235,3
149.1000,20.00,1.2330,-151965,6.6,0.4612,9.224,1256,-0.1344,3
149.1200,20.00,1.2880,-162962,6.1,0.4315,8.630,1258,-0.1969,3
149.1400,20.00,1.2476,-154885,5.6,0.4309,8.617,1272,-0.1982,3
149.1600,20.00,1.2385,-153065,5.1,0.4311,8.622,1272,-0.1977,3
149.1800,20.00,1.1863,-142630,8.7,0.4505,9.009,1272,-0.1569,3
149.2000,20.00,1.1693,-139224,8.2,0.4700,9.401,1263,-0.1157,3
149.2200,20.00,1.1752,-140411,7.7,0.4810,9.620,1254,-0.0926,3
149.2400,20.00,1.1324,-131853,7.3,0.4983,9.967,1249,-0.0562,3
149.2600,20.00,1.0736,-120088,6.7,0.5211,10.422,1241,-0.0082,3
149.2800,20.00,1.1010,-125572,6.3,0.5271,10.542,1230,0.0045,3
149.3000,20.00,1.1320,-131762,5.9,0.5287,10.574,1227,0.0077,3
149.3200,20.01,1.1016,-125693,5.4,0.5386,10.773,1227,0.0287,3
149.3400,20.00,1.1383,-133033,5.0,0.5384,10.768,1222,0.0282,3
149.3600,20.00,1.1531,-135974,4.5,0.5360,10.720,1222,0.0231,3
149.3800,20.00,1.1079,-126941,4.1,0.5442,10.885,1223,0.0405,3
149.4000,20.00,1.0443,-114223,3.6,0.5724,11.449,1220,0.0999,3
149.4200,20.00,1.0912,-123603,7.0,0.5783,11.567,1206,0.1123,3
149.4400,20.00,1.1059,-126550,6.6,0.5815,11.629,1204,0.1189,3
149.4600,20.00,1.0672,-118810,6.1,0.5920,11.840,1202,0.1411,3
149.4800,20.00,1.0466,-114692,5.6,0.6087,12.175,1197,0.1763,3
149.5000,20.00,1.0527,-115914,5.1,0.6226,12.451,1190,0.2054,3
149.5200,20.00,1.0418,-113721,4.7,0.6386,12.773,1183,0.2392,3
149.5400,20.00,1.0248,-110333,4.2,0.6568,13.136,1176,0.2775,3
149.5600,20.00,1.0061,-106601,3.8,0.6747,13.494,1167,0.3152,3
149.5800,20.00,1.0438,-114135,3.4,0.6799,13.598,1159,0.3261,3
149.6000,20.00,1.0485,-115064,2.9,0.6840,13.680,1156,0.3347,3
149.6200,20.00,1.0329,-111954,2.4,0.6908,13.817,1155,0.3491,3
149.6400,20.00,1.0357,-112502,5.9,0.6968,13.937,1151,0.3617,3
149.6600,20.00,1.0366,-112689,5.4,0.7022,14.043,1149,0.3730,3
149.6800,20.00,1.0603,-117422,4.9,0.7027,14.054,1146,0.3741,3
149.7000,20.00,1.0053,-106428,4.4,0.7123,14.246,1146,0.3943,3
149.7200,20.00,0.9999,-105358,4.0,0.7220,14.439,1141,0.4146,3
149.7400,20.00,1.0517,-115706,3.5,0.7234,14.467,1137,0.4176,3
149.7600,20.00,1.0497,-115317,3.1,0.7246,14.491,1136,0.4201,3
149.7800,20.00,1.0323,-111838,2.6,0.7282,14.564,1136,0.4278,3
149.8000,20.00,0.9948,-104339,2.1,0.7374,14.748,1134,0.4471,3
149.8200,19.99,1.0061,-106585,1.7,0.7483,14.967,1130,0.4702,3
149.8400,20.00,1.0265,-110661,5.1,0.7536,15.072,1125,0.4812,3
149.8600,20.00,1.0310,-111568,4.7,0.7573,15.146,1122,0.4890,3
149.8800,20.00,1.0052,-106413,4.2,0.7690,15.381,1121,0.5138,3
149.9000,20.00,0.9844,-102245,3.7,0.7872,15.744,1115,0.5520,3
149.9200,20.00,0.9718,-99731,3.3,0.8070,16.141,1107,0.5937,3
149.9400,20.00,1.0376,-112895,2.8,0.8051,16.103,1098,0.5898,3
149.9600,20.00,1.0295,-111266,2.3,0.8058,16.115,1098,0.5911,3
149.9800,20.00,0.9997,-105305,1.9,0.8161,16.321,1098,0.6128,3
150.0000,20.00,1.0541,-116188,1.4,0.8095,16.191,1093,0.5990,3
150.0200,20.00,1.0408,-113538,1.0,0.8077,16.153,1096,0.5951,3
150.0400,20.00,1.0443,-114221,0.5,0.8060,16.120,1097,0.5916,3
150.0600,20.00,0.9668,-98741,4.0,0.8289,16.577,1098,0.6397,3
150.0800,20.00,0.9285,-91066,3.5,0.8564,17.129,1087,0.6977,3
150.1000,20.00,0.9480,-94972,3.1,0.8725,17.451,1075,0.7317,3
150.1200,20.00,0.9679,-98953,2.6,0.8807,17.614,1067,0.7488,3
150.1400,20.00,1.0312,-111608,2.1,0.8716,17.432,1063,0.7297,3
150.1600,20.00,1.0241,-110189,1.6,0.8701,17.401,1068,0.7264,3
150.1800,20.00,1.0091,-107192,1.1,0.8733,17.466,1068,0.7333,3
150.2000,20.00,1.0184,-109059,0.7,0.8736,17.473,1067,0.7340,3
150.2200,20.00,1.0293,-111221,0.3,0.8721,17.443,1067,0.7308,3
150.2400,20.00,1.0451,-114392,12.0,0.8685,17.370,1067,0.7232,3
150.2600,20.00,1.0485,-115075,11.5,0.8651,17.301,1069,0.7159,3
150.2800,20.00,1.1005,-125470,11.0,0.8518,17.037,1071,0.6881,3
150.3000,20.00,1.0846,-122290,2.3,0.8442,16.885,1077,0.6721,3
150.3200,20.00,1.1294,-131252,1.9,0.8246,16.492,1080,0.6308,3
150.3400,20.00,1.1306,-131483,1.4,0.8075,16.151,1089,0.5948,3
150.3600,20.00,1.1612,-137611,0.9,0.7896,15.791,1097,0.5570,3
150.3800,20.00,1.1188,-129127,0.5,0.7874,15.749,1106,0.5525,3
150.4000,20.00,1.1858,-142526,8.3,0.7728,15.456,1107,0.5217,3
150.4200,20.00,1.1465,-134665,11.8,0.7684,15.367,1113,0.5123,3
150.4400,20.00,1.1293,-131221,11.3,0.7686,15.371,1115,0.5128,3
150.4600,20.00,1.1417,-133712,10.8,0.7659,15.318,1115,0.5072,3
150.4800,20.00,1.1735,-140060,10.3,0.7582,15.164,1117,0.4910,3
150.5000,20.00,1.2138,-148118,9.9,0.7483,14.966,1120,0.4701,3
150.5200,20.00,1.2019,-145745,1.2,0.7430,14.861,1125,0.4590,3
150.5400,20.00,1.1962,-144596,0.7,0.7391,14.782,1127,0.4508,3
150.5600,20.00,1.2214,-149648,0.3,0.7327,14.655,1129,0.4373,3
150.5800,20.00,1.2620,-157766,8.1,0.7200,14.400,1132,0.4105,3
150.6000,20.00,1.2271,-150778,7.6,0.7173,14.345,1138,0.4048,3
150.6200,20.00,1.3153,-168414,7.1,0.6897,13.794,1139,0.3467,3
150.6400,20.00,1.3126,-167881,10.6,0.6661,13.323,1152,0.2971,3
150.6600,20.00,1.3069,-166738,10.1,0.6426,12.851,1163,0.2475,3
150.6800,20.00,1.2988,-165119,9.6,0.6236,12.472,1174,0.2075,3
150.7000,20.00,1.2832,-161991,9.2,0.6129,12.257,1183,0.1850,3
150.7200,20.00,1.2618,-157715,8.7,0.6127,12.254,1188,0.1846,3
150.7400,20.00,1.2072,-146806,0.0,0.6300,12.600,1188,0.2210,3
150.7600,20.00,1.1642,-138197,7.8,0.6579,13.159,1180,0.2799,3
150.7800,20.00,1.2236,-150080,7.4,0.6569,13.139,1167,0.2778,3
150.8000,20.00,1.2422,-153792,6.9,0.6474,12.948,1167,0.2577,3
150.8200,20.00,1.2676,-158887,6.5,0.6272,12.543,1172,0.2151,3
150.8400,20.00,1.2747,-160290,6.0,0.6056,12.112,1181,0.1697,3
150.8600,20.00,1.2400,-153351,9.5,0.6063,12.127,1191,0.1712,3
150.8800,20.00,1.2775,-160863,9.0,0.5890,11.780,1191,0.1347,3
150.9000,20.00,1.3542,-176194,8.5,0.5414,10.828,1199,0.0345,3
150.9200,20.00,1.3447,-174303,8.0,0.5129,10.259,1221,-0.0254,3
150.9400,20.00,1.3259,-170533,7.6,0.4989,9.979,1234,-0.0549,3
150.9600,20.00,1.3271,-170770,7.1,0.4887,9.774,1240,-0.0764,3
150.9800,20.00,1.2855,-162461,6.7,0.4860,9.719,1245,-0.0822,3
151.0000,20.00,1.2937,-164101,6.2,0.4816,9.632,1246,-0.0913,3
151.0200,20.00,1.2635,-158053,5.8,0.4843,9.687,1249,-0.0856,3
151.0400,20.00,1.2082,-147005,5.3,0.4992,9.983,1247,-0.0544,3
151.0600,20.00,1.2300,-151354,4.8,0.5058,10.117,1240,-0.0403,3
151.0800,20.00,1.2567,-156691,8.3,0.5028,10.057,1237,-0.0467,3
151.1000,20.00,1.2785,-161064,7.8,0.4935,9.870,1239,-0.0663,3
151.1200,20.00,1.3096,-167278,7.3,0.4786,9.572,1243,-0.0977,3
151.1400,20.00,1.3226,-169866,6.9,0.4622,9.243,1250,-0.1323,3
151.1600,20.00,1.3337,-172090,6.4,0.4407,8.815,1258,-0.1774,3
151.1800,19.99,1.3388,-173108,5.9,0.4160,8.320,1268,-0.2295,3
151.2000,20.00,1.3341,-172174,5.5,0.3948,7.895,1279,-0.2742,3
151.2200,20.00,1.2669,-158729,5.0,0.4035,8.070,1289,-0.2558,3
151.2400,20.00,1.2295,-151259,4.6,0.4248,8.497,1285,-0.2109,3
151.2600,20.00,1.1973,-144819,4.1,0.4488,8.977,1275,-0.1603,3
151.2800,20.00,1.1933,-144028,3.6,0.4690,9.381,1264,-0.1178,3
151.3000,20.00,1.1689,-139145,7.1,0.4934,9.867,1254,-0.0666,3
151.3200,20.00,1.2107,-147492,6.6,0.4928,9.856,1243,-0.0677,3
151.3400,20.00,1.2172,-148810,6.1,0.4909,9.818,1243,-0.0718,3
151.3600,20.00,1.2140,-148151,5.7,0.4911,9.822,1244,-0.0714,3
151.3800,20.00,1.2393,-153215,5.2,0.4815,9.629,1244,-0.0917,3
151.4000,20.00,1.2748,-160314,4.8,0.4593,9.187,1249,-0.1382,3
151.4200,20.00,1.2884,-163027,4.3,0.4393,8.786,1259,-0.1804,3
151.4400,20.00,1.2850,-162361,3.9,0.4252,8.503,1268,-0.2102,3
151.4600,20.00,1.2560,-156557,3.4,0.4244,8.488,1275,-0.2117,3
151.4800,20.00,1.2257,-150499,3.0,0.4319,8.638,1275,-0.1960,3
151.5000,20.01,1.1648,-138331,2.5,0.4608,9.217,1272,-0.1351,3
151.5200,20.00,1.1719,-139735,5.9,0.4777,9.555,1258,-0.0995,3
151.5400,20.00,1.2018,-145720,5.5,0.4778,9.556,1250,-0.0994,3
151.5600,20.00,1.1567,-136699,5.0,0.4937,9.874,1250,-0.0659,3
151.5800,20.00,1.1122,-127810,4.5,0.5126,10.252,1243,-0.0261,3
151.6000,20.00,1.0769,-120757,4.0,0.5288,10.576,1234,0.0080,3
151.6200,20.00,1.0735,-120074,3.6,0.5428,10.857,1227,0.0376,3
151.6400,20.00,1.0743,-120220,3.1,0.5582,11.164,1220,0.0699,3
151.6600,20.00,1.0903,-123429,2.7,0.5692,11.383,1213,0.0930,3
151.6800,20.00,1.0844,-122251,2.2,0.5808,11.615,1208,0.1174,3
151.7000,20.00,1.0083,-107031,1.8,0.6107,12.215,1202,0.1805,3
151.7200,20.00,0.9958,-104538,1.4,0.6426,12.852,1189,0.2476,3
151.7400,20.00,1.0716,-119685,4.8,0.6480,12.959,1174,0.2589,3
151.7600,20.00,1.1422,-133795,4.3,0.6354,12.709,1171,0.2325,3
151.7800,20.00,1.1252,-130404,3.8,0.6258,12.515,1177,0.2121,3
151.8000,20.00,1.0379,-112944,3.3,0.6365,12.731,1182,0.2348,3
151.8200,20.00,1.0459,-114551,2.9,0.6508,13.016,1177,0.2649,3
151.8400,20.00,1.0923,-123833,2.4,0.6537,13.073,1170,0.2709,3
151.8600,20.00,1.0990,-125162,1.9,0.6529,13.057,1169,0.2692,3
151.8800,20.00,1.0407,-113505,1.5,0.6626,13.251,1169,0.2896,3
151.9000,20.00,1.0464,-114652,1.1,0.6715,13.430,1165,0.3084,3
151.9200,20.00,1.0181,-108984,0.6,0.6848,13.696,1160,0.3364,3
151.9400,20.00,1.0162,-108620,0.1,0.6974,13.949,1154,0.3630,3
151.9600,20.00,1.0650,-118367,3.6,0.6994,13.989,1148,0.3673,3
151.9800,20.00,1.1021,-125796,3.1,0.6914,13.827,1147,0.3502,3
152.0000,20.00,1.1184,-129048,2.7,0.6824,13.648,1151,0.3314,3
152.0200,20.00,1.1174,-128849,2.2,0.6769,13.538,1155,0.3198,3
152.0400,20.00,1.0806,-121491,1.7,0.6789,13.578,1158,0.3240,3
152.0600,20.00,1.0258,-110523,1.2,0.6905,13.809,1157,0.3483,3
152.0800,20.00,1.0679,-118957,0.8,0.6951,13.902,1152,0.3581,3
152.1000,20.00,1.1172,-128813,0.4,0.6894,13.787,1150,0.3460,3
152.1200,20.01,1.0953,-124435,12.1,0.6891,13.782,1152,0.3455,3
152.1400,20.00,1.1152,-128409,11.6,0.6856,13.713,1152,0.3382,3
152.1600,20.00,1.0332,-112019,11.1,0.6943,13.886,1154,0.3565,3
152.1800,20.00,1.0465,-114667,2.5,0.7029,14.057,1150,0.3744,3
152.2000,20.00,1.0384,-113043,2.0,0.7121,14.242,1146,0.3939,3
152.2200,20.00,1.0595,-117277,1.5,0.7172,14.344,1142,0.4046,3
152.2400,20.00,0.9901,-103396,1.0,0.7274,14.547,1139,0.4260,3
152.2600,20.00,1.0020,-105763,0.6,0.7413,14.825,1134,0.4553,3
152.2800,20.00,0.9736,-100101,0.1,0.7685,15.371,1128,0.5127,3
152.3000,20.00,0.9450,-94377,11.9,0.8025,16.049,1115,0.5841,3
152.3200,20.00,1.0232,-110003,11.4,0.8074,16.149,1100,0.5946,3
152.3400,20.00,1.0196,-109291,10.9,0.8115,16.230,1097,0.6031,3
152.3600,20.00,1.0394,-113240,10.4,0.8094,16.188,1095,0.5988,3
152.3800,20.00,0.9988,-105122,9.9,0.8208,16.416,1096,0.6227,3
152.4000,20.00,1.0614,-117649,1.3,0.8130,16.261,1091,0.6064,3
152.4200,20.00,1.1115,-127664,0.8,0.7852,15.704,1095,0.5478,3
152.4400,20.00,1.1523,-135816,0.3,0.7578,15.157,1108,0.4902,3
152.4600,20.00,1.0919,-123752,8.1,0.7503,15.006,1120,0.4743,3
152.4800,20.00,1.0488,-115133,7.7,0.7556,15.112,1124,0.4854,3
152.5000,20.00,1.0190,-109175,7.3,0.7719,15.438,1121,0.5198,3
152.5200,20.00,0.9751,-100395,10.7,0.8050,16.100,1114,0.5894,3
152.5400,20.00,0.9554,-96454,10.2,0.8370,16.741,1098,0.6569,3
152.5600,20.00,0.9442,-94222,9.8,0.8624,17.247,1084,0.7102,3
152.5800,20.02,1.0029,-105955,9.3,0.8671,17.341,1072,0.7201,3
152.6000,19.97,0.9787,-101120,8.8,0.8776,17.552,1070,0.7423,3
152.6200,20.00,1.0177,-108916,0.1,0.8760,17.519,1065,0.7388,3
152.6400,20.00,0.9992,-105219,7.9,0.8812,17.624,1066,0.7499,3
152.6600,20.00,1.0372,-112804,7.5,0.8769,17.538,1063,0.7408,3
152.6800,20.00,1.1294,-131239,7.0,0.8545,17.090,1065,0.6937,3
152.7000,20.00,1.1156,-128477,6.5,0.8392,16.784,1076,0.6615,3
152.7200,20.00,1.1088,-127134,6.1,0.8281,16.562,1083,0.6381,3
152.7400,20.00,1.0469,-114747,9.5,0.8310,16.619,1088,0.6441,3
152.7600,20.00,1.0413,-113635,9.1,0.8345,16.689,1086,0.6515,3
152.7800,20.00,1.0665,-118665,8.6,0.8333,16.665,1085,0.6490,3
152.8000,20.00,1.0341,-112187,8.1,0.8370,16.740,1085,0.6569,3
152.8200,20.00,1.0342,-112203,7.6,0.8413,16.827,1084,0.6659,3
152.8400,20.00,1.0170,-108766,7.1,0.8483,16.965,1082,0.6805,3
152.8600,20.00,0.9804,-101456,6.7,0.8633,17.266,1078,0.7122,3
152.8800,20.00,1.0258,-110532,6.3,0.8631,17.263,1071,0.7119,3
152.9000,20.01,1.0631,-117996,5.8,0.8568,17.135,1072,0.6984,3
152.9200,19.99,1.0995,-125263,5.4,0.8445,16.890,1074,0.6726,3
152.9400,20.00,1.1076,-126884,4.9,0.8322,16.644,1080,0.6468,3
152.9600,20.00,1.1549,-136348,8.4,0.8028,16.056,1086,0.5849,3
152.9800,20.00,1.1730,-139955,7.9,0.7858,15.717,1099,0.5491,3
153.0000,20.00,1.2182,-149000,7.4,0.7665,15.331,1107,0.5085,3
153.0200,20.00,1.2660,-158553,6.9,0.7424,14.848,1116,0.4576,3
153.0400,19.99,1.2846,-162268,6.5,0.7245,14.489,1127,0.4199,3
153.0600,20.00,1.2505,-155450,6.0,0.7193,14.385,1136,0.4090,3
153.0800,20.00,1.2820,-161764,5.6,0.7034,14.068,1138,0.3755,3
153.1000,20.00,1.2671,-158771,5.1,0.6938,13.875,1146,0.3553,3
153.1200,20.00,1.2718,-159719,4.7,0.6823,13.646,1150,0.3311,3
153.1400,20.00,1.2294,-151234,4.2,0.6849,13.698,1155,0.3366,3
153.1600,20.00,1.2132,-148006,3.7,0.6883,13.766,1154,0.3438,3
153.1800,20.00,1.2020,-145756,7.2,0.6913,13.827,1153,0.3502,3
153.2000,20.00,1.1751,-140392,6.7,0.6963,13.926,1151,0.3606,3
153.2200,20.00,1.1950,-144361,6.3,0.6962,13.924,1149,0.3604,3
153.2400,20.00,1.2314,-151639,5.8,0.6901,13.802,1149,0.3476,3
153.2600,20.00,1.2758,-160509,5.3,0.6674,13.349,1152,0.2999,3
153.2800,20.00,1.2336,-152075,4.8,0.6651,13.302,1162,0.2950,3
153.3000,20.00,1.2868,-162724,4.4,0.6380,12.759,1163,0.2378,3
153.3200,20.00,1.2917,-163695,4.0,0.6105,12.211,1176,0.1801,3
153.3400,20.00,1.3131,-167979,3.5,0.5821,11.641,1189,0.1201,3
153.3600,20.00,1.3933,-184015,3.1,0.5268,10.535,1202,0.0037,3
153.3800,20.00,1.3993,-185217,2.6,0.5022,10.043,1227,-0.0481,3
153.4000,20.00,1.4053,-186415,6.0,0.4699,9.397,1239,-0.1161,3
153.4200,20.00,1.4009,-185533,5.6,0.4149,8.298,1254,-0.2318,3
153.4400,20.00,1.3611,-177572,5.1,0.3813,7.626,1279,-0.3025,3
153.4600,20.00,1.3402,-173388,4.6,0.3596,7.192,1295,-0.3482,3
153.4800,20.00,1.3527,-175889,4.1,0.3379,6.759,1305,-0.3938,3
153.5000,20.00,1.3489,-175137,3.7,0.3196,6.392,1315,-0.4325,3
153.5200,20.00,1.4020,-185741,3.2,0.2842,5.684,1324,-0.5069,3
153.5400,20.00,1.3905,-183455,2.8,0.2609,5.217,1340,-0.5561,3
153.5600,20.00,1.1545,-136268,2.3,0.3558,7.116,1351,-0.3562,3
153.5800,20.00,0.9283,-91044,1.9,0.5758,11.517,1307,0.1070,3
153.6000,20.00,0.8811,-81593,1.4,0.6175,12.350,1205,0.1947,3
153.6200,20.00,0.8731,-79999,4.9,0.6630,13.261,1185,0.2906,3
153.6400,20.00,0.9796,-101284,4.4,0.6859,13.717,1164,0.3386,3
153.6600,20.00,1.2780,-160961,3.9,0.6418,12.836,1154,0.2459,3
153.6800,20.00,1.4969,-204729,3.5,0.3983,7.965,1174,-0.2668,3
153.7000,20.00,1.4684,-199028,3.0,0.4378,8.756,1287,-0.1835,3
153.7200,20.00,1.3681,-178975,2.5,0.4365,8.730,1269,-0.1863,3
153.7400,20.01,1.3458,-174505,2.1,0.4200,8.401,1269,-0.2210,3
153.7600,19.99,1.4269,-190720,1.6,0.3439,6.879,1277,-0.3812,3
153.7800,20.00,1.3747,-180289,1.1,0.3119,6.237,1312,-0.4487,3
153.8000,20.00,1.2245,-150257,0.7,0.3515,7.030,1327,-0.3652,3
153.8200,20.00,1.2125,-147859,0.3,0.3923,7.845,1309,-0.2795,3
153.8400,20.00,1.1900,-143359,3.7,0.4286,8.572,1290,-0.2029,3
153.8600,20.00,1.1719,-139734,3.2,0.4597,9.194,1273,-0.1375,3
153.8800,20.00,1.1703,-139414,2.8,0.4823,9.646,1259,-0.0899,3
153.9000,20.00,1.1637,-138099,2.3,0.4991,9.982,1248,-0.0546,3
153.9200,20.00,1.1521,-135789,1.8,0.5136,10.272,1240,-0.0240,3
153.9400,20.00,1.1991,-145188,1.3,0.5064,10.128,1234,-0.0391,3
153.9600,20.00,1.2590,-157151,0.9,0.4777,9.555,1237,-0.0995,3
153.9800,20.00,1.2496,-155269,0.4,0.4679,9.359,1250,-0.1201,3
154.0000,20.00,1.2781,-160982,0.0,0.4452,8.904,1255,-0.1679,3
154.0200,20.00,1.2941,-164171,11.7,0.4230,8.461,1266,-0.2147,3
154.0400,20.00,1.3204,-169444,11.2,0.3872,7.743,1276,-0.2902,3
154.0600,20.00,1.2778,-160921,2.5,0.3816,7.632,1292,-0.3019,3
154.0800,20.00,1.2439,-154131,2.1,0.3927,7.853,1295,-0.2786,3
154.1000,20.00,1.2381,-152983,1.6,0.3989,7.978,1290,-0.2655,3
154.1200,20.00,1.2285,-151058,1.1,0.4063,8.127,1287,-0.2498,3
154.1400,20.00,1.1865,-142664,0.7,0.4278,8.557,1283,-0.2046,3
154.1600,20.00,1.1603,-137427,0.1,0.4524,9.047,1273,-0.1529,3
154.1800,20.00,1.1805,-141468,11.9,0.4606,9.213,1262,-0.1355,3
154.2000,20.00,1.1720,-139757,11.5,0.4708,9.415,1258,-0.1142,3
154.2200,20.00,1.1743,-140227,11.0,0.4771,9.541,1253,-0.1009,3
154.2400,20.00,1.2194,-149236,10.5,0.4565,9.131,1251,-0.1441,3
154.2600,20.00,1.2085,-147061,10.1,0.4534,9.068,1260,-0.1507,3
154.2800,20.00,1.2621,-157785,1.4,0.4190,8.380,1262,-0.2231,3
154.3000,20.00,1.2235,-150055,0.9,0.4222,8.444,1278,-0.2164,3
154.3200,20.00,1.2683,-159016,0.4,0.3934,7.868,1276,-0.2770,3
154.3400,20.00,1.2665,-158654,8.2,0.3746,7.492,1289,-0.3167,3
154.3600,20.00,1.2458,-154525,7.8,0.3733,7.467,1298,-0.3193,3
154.3800,20.00,1.2398,-153313,7.4,0.3718,7.437,1299,-0.3224,3
154.4000,20.00,1.1415,-133661,10.8,0.4256,8.512,1299,-0.2093,3
154.4200,20.00,1.1695,-139262,10.3,0.4377,8.755,1275,-0.1837,3
154.4400,20.00,1.1098,-127333,9.8,0.4741,9.483,1269,-0.1071,3
154.4600,20.00,1.1301,-131384,9.4,0.4816,9.632,1252,-0.0913,3
154.4800,20.00,1.1613,-137615,8.9,0.4789,9.578,1249,-0.0971,3
154.5000,20.00,1.1861,-142574,0.2,0.4691,9.382,1250,-0.1176,3
154.5200,20.00,1.1662,-138606,8.0,0.4742,9.483,1254,-0.1070,3
154.5400,20.00,1.2051,-146375,7.5,0.4549,9.097,1252,-0.1477,3
154.5600,20.00,1.2105,-147465,7.1,0.4399,8.797,1261,-0.1792,3
154.5800,20.00,1.2328,-151923,6.6,0.4163,8.326,1268,-0.2288,3
154.6000,20.00,1.2432,-153992,6.1,0.3974,7.948,1279,-0.2686,3
154.6200,20.00,1.2041,-146183,9.7,0.4058,8.117,1288,-0.2509,3
154.6400,20.00,1.2387,-153096,9.1,0.3856,7.712,1284,-0.2935,3
154.6600,20.00,1.1731,-139976,8.7,0.4125,8.250,1293,-0.2368,3
154.6800,20.00,1.1736,-140081,8.1,0.4239,8.478,1281,-0.2128,3
154.7000,20.00,1.1490,-135171,7.7,0.4460,8.920,1275,-0.1663,3
154.7200,20.00,1.1342,-132206,7.2,0.4634,9.269,1265,-0.1296,3
154.7400,20.00,1.1045,-126258,6.8,0.4842,9.685,1257,-0.0858,3
154.7600,20.00,1.1411,-133587,6.4,0.4812,9.624,1247,-0.0922,3
154.7800,20.00,1.1585,-137071,5.9,0.4757,9.513,1249,-0.1039,3
154.8000,20.00,1.1618,-137731,5.4,0.4730,9.460,1251,-0.1094,3
154.8200,20.00,1.2121,-147779,5.0,0.4452,8.904,1253,-0.1680,3
154.8400,20.00,1.1885,-143071,8.5,0.4435,8.870,1266,-0.1715,3
154.8600,20.00,1.2375,-152854,8.0,0.4083,8.167,1266,-0.2456,3
154.8800,20.00,1.2561,-156570,7.5,0.3772,7.543,1282,-0.3112,3
154.9000,20.00,1.2092,-147195,7.0,0.3860,7.720,1297,-0.2926,3
154.9200,20.00,1.2024,-145833,6.6,0.3891,7.781,1293,-0.2862,3
154.9400,20.00,1.1718,-139718,6.1,0.4075,8.150,1292,-0.2474,3
154.9600,20.00,1.1157,-128509,5.6,0.4552,9.104,1283,-0.1469,3
154.9800,20.00,1.1200,-129364,5.1,0.4685,9.370,1261,-0.1189,3
155.0000,20.00,1.1644,-138250,4.8,0.4542,9.084,1255,-0.1490,3
155.0200,19.99,1.1246,-130291,4.3,0.4721,9.443,1261,-0.1113,3
155.0400,20.00,1.2267,-150709,3.8,0.4243,8.486,1253,-0.2120,3
155.0600,20.00,1.1903,-143421,7.3,0.4226,8.453,1275,-0.2155,3
155.0800,20.00,1.1695,-139260,6.8,0.4322,8.644,1276,-0.1953,3
155.1000,20.00,1.2220,-149757,6.3,0.4021,8.041,1272,-0.2588,3
155.1200,20.00,1.1455,-134461,5.9,0.4363,8.727,1285,-0.1867,3
155.1400,20.00,1.2062,-146596,5.4,0.4100,8.201,1269,-0.2420,3
155.1600,20.00,1.2106,-147472,4.9,0.3949,7.897,1282,-0.2740,3
155.1800,20.00,1.1607,-137498,4.5,0.4168,8.336,1289,-0.2278,3
155.2000,20.00,1.1880,-142953,4.0,0.4082,8.164,1279,-0.2459,3
155.2200,20.00,1.1541,-136182,3.6,0.4259,8.517,1283,-0.2087,3
155.2400,20.00,1.2146,-148282,3.1,0.3976,7.953,1274,-0.2681,3
155.2600,20.00,1.1140,-128164,2.7,0.4528,9.056,1288,-0.1520,3
155.2800,20.00,1.1727,-139895,6.1,0.4321,8.641,1262,-0.1957,3
155.3000,20.00,1.1384,-133047,5.6,0.4469,8.938,1272,-0.1644,3
155.3200,20.01,1.1904,-143445,5.2,0.4239,8.477,1265,-0.2129,3
155.3400,20.00,1.1508,-135528,4.7,0.4372,8.744,1275,-0.1848,3
155.3600,20.00,1.1451,-134383,4.2,0.4451,8.902,1269,-0.1682,3
155.3800,20.00,1.1314,-131645,3.7,0.4595,9.190,1266,-0.1379,3
155.4000,20.00,1.1704,-139437,3.3,0.4417,8.833,1259,-0.1754,3
155.4200,20.00,1.1773,-140816,2.9,0.4320,8.640,1267,-0.1958,3
155.4400,20.00,1.2195,-149262,2.4,0.4023,8.045,1272,-0.2584,3
155.4600,20.00,1.2046,-146277,2.0,0.3941,7.882,1285,-0.2756,3
155.4800,20.00,1.1804,-141435,1.5,0.4012,8.023,1289,-0.2607,3
155.5000,20.00,1.2006,-145486,5.0,0.3913,7.826,1286,-0.2815,3
155.5200,20.00,1.1671,-138792,4.5,0.4046,8.093,1290,-0.2534,3
155.5400,20.00,1.1399,-133353,4.0,0.4277,8.554,1284,-0.2048,3
155.5600,20.01,1.1140,-128158,3.5,0.4557,9.115,1274,-0.1458,3
155.5800,19.99,1.1770,-140754,3.0,0.4294,8.589,1261,-0.2012,3
155.6000,20.00,1.1463,-134620,2.6,0.4375,8.750,1273,-0.1843,3
155.6200,20.00,1.1859,-142534,2.1,0.4196,8.393,1269,-0.2218,3
155.6400,20.00,1.1618,-137717,1.7,0.4242,8.485,1277,-0.2121,3
155.6600,20.00,1.1792,-141195,1.3,0.4160,8.320,1275,-0.2295,3
155.6800,20.00,1.1662,-138612,0.8,0.4189,8.378,1279,-0.2234,3
155.7000,20.00,1.1917,-143700,0.3,0.4049,8.097,1278,-0.2529,3
155.7200,19.99,1.1416,-133684,3.8,0.4294,8.588,1284,-0.2013,3
155.7400,20.00,1.1687,-139106,3.3,0.4210,8.421,1273,-0.2189,3
155.7600,20.00,1.1327,-131901,2.8,0.4403,8.805,1277,-0.1784,3
155.7800,19.99,1.1483,-135014,2.3,0.4373,8.745,1268,-0.1847,3
155.8000,20.00,1.1548,-136330,1.9,0.4340,8.681,1269,-0.1915,3
155.8200,20.00,1.1352,-132403,1.4,0.4473,8.946,1271,-0.1636,3
155.8400,20.00,1.1220,-129756,0.9,0.4623,9.246,1264,-0.1320,3
155.8600,20.00,1.1643,-138230,0.5,0.4422,8.844,1257,-0.1744,3
155.8800,20.00,1.0798,-121318,0.1,0.4891,9.783,1267,-0.0755,3
155.9000,19.99,1.1282,-130997,11.8,0.4731,9.462,1245,-0.1093,3
155.9200,20.00,1.1263,-130632,11.3,0.4744,9.489,1253,-0.1064,3
155.9400,20.00,1.1748,-140317,2.6,0.4480,8.961,1252,-0.1620,3
155.9600,20.00,1.2050,-146362,2.1,0.4217,8.434,1264,-0.2175,3
155.9800,20.00,1.2099,-147337,1.7,0.4028,8.057,1276,-0.2572,3
156.0000,19.99,1.2327,-151900,1.2,0.3760,7.520,1285,-0.3136,3
156.0200,20.00,1.1700,-139357,0.7,0.3987,7.975,1298,-0.2658,3
156.0400,20.00,1.1909,-143540,0.3,0.3919,7.838,1287,-0.2802,3
156.0600,20.00,1.2176,-148874,12.0,0.3695,7.390,1290,-0.3274,3
156.0800,20.00,1.1201,-129376,11.5,0.4251,8.502,1301,-0.2103,3
156.1000,20.00,1.1647,-138302,11.1,0.4142,8.283,1275,-0.2334,3
156.1200,20.00,1.0631,-117981,10.6,0.4788,9.576,1280,-0.0973,3
156.1400,20.00,1.1251,-130392,10.1,0.4605,9.210,1250,-0.1358,3
156.1600,20.00,1.1726,-139890,1.5,0.4352,8.704,1258,-0.1890,3
156.1800,20.00,1.1873,-142812,1.0,0.4180,8.359,1270,-0.2253,3
156.2000,20.00,1.1936,-144085,0.5,0.4044,8.089,1278,-0.2538,3
156.2200,20.00,1.2002,-145404,0.0,0.3923,7.846,1284,-0.2793,3
156.2400,20.00,1.1874,-142844,7.9,0.3914,7.828,1290,-0.2813,3
156.2600,20.00,1.2153,-148414,7.4,0.3702,7.405,1290,-0.3258,3
156.2800,20.00,1.1494,-135253,10.8,0.4038,8.075,1300,-0.2552,3
156.3000,20.00,1.1786,-141086,10.4,0.3956,7.912,1285,-0.2724,3
156.3200,20.00,1.1216,-129688,9.9,0.4306,8.612,1288,-0.1988,3
156.3400,20.00,1.1347,-132297,9.5,0.4339,8.679,1272,-0.1917,3
156.3600,20.00,1.1578,-136922,9.0,0.4237,8.473,1271,-0.2133,3
156.3800,20.00,1.0896,-123283,0.3,0.4690,9.380,1275,-0.1179,3
156.4000,20.00,1.1570,-136762,8.0,0.4420,8.840,1254,-0.1747,3
156.4200,20.00,1.1748,-140314,7.6,0.4236,8.472,1267,-0.2134,3
156.4400,20.00,1.1396,-133281,7.1,0.4383,8.766,1275,-0.1825,3
156.4600,20.00,1.1982,-145007,6.7,0.4090,8.180,1269,-0.2442,3
156.4800,20.00,1.2227,-149894,6.3,0.3794,7.589,1282,-0.3065,3
156.5000,20.00,1.2051,-146375,9.7,0.3711,7.421,1296,-0.3241,3
156.5200,20.00,1.1452,-134408,9.3,0.4070,8.140,1300,-0.2484,3
156.5400,20.00,1.1992,-145198,8.8,0.3844,7.688,1283,-0.2960,3
156.5600,20.00,1.1414,-133650,8.3,0.4120,8.239,1294,-0.2380,3
156.5800,20.00,1.1147,-128306,7.8,0.4381,8.762,1281,-0.1829,3
156.6000,20.00,1.1289,-131146,7.3,0.4407,8.813,1269,-0.1776,3
156.6200,20.00,1.1389,-133135,6.9,0.4385,8.770,1268,-0.1821,3
156.6400,20.00,1.1294,-131242,6.4,0.4469,8.937,1269,-0.1645,3
156.6600,20.00,1.1447,-134314,6.0,0.4406,8.812,1265,-0.1777,3
156.6800,20.00,1.1415,-133670,5.5,0.4422,8.844,1268,-0.1743,3
156.7000,20.00,1.1857,-142511,5.1,0.4168,8.336,1267,-0.2278,3
156.7200,20.00,1.2395,-153261,8.6,0.3747,7.494,1279,-0.3164,3
156.7400,20.00,1.1878,-142923,8.1,0.3811,7.622,1298,-0.3029,3
156.7600,20.00,1.2194,-149241,7.6,0.3609,7.219,1295,-0.3454,3
156.7800,20.00,1.1851,-142388,7.1,0.3706,7.413,1304,-0.3250,3
156.8000,20.00,1.1470,-134762,6.7,0.3994,7.988,1300,-0.2644,3
156.8200,20.00,1.1388,-133124,6.1,0.4135,8.271,1287,-0.2347,3
156.8400,20.00,1.1159,-128548,5.7,0.4357,8.714,1280,-0.1880,3
156.8600,20.00,1.1461,-134580,5.3,0.4260,8.520,1270,-0.2084,3
156.8800,20.00,1.1325,-131867,4.8,0.4356,8.711,1274,-0.1883,3
156.9000,20.00,1.1868,-142728,4.4,0.4075,8.151,1270,-0.2473,3
156.9200,20.00,1.1352,-132401,3.9,0.4287,8.574,1283,-0.2027,3
156.9400,20.00,1.1617,-137698,7.4,0.4171,8.342,1273,-0.2271,3
156.9600,20.01,1.1909,-143545,6.9,0.3969,7.937,1279,-0.2698,3
156.9800,20.00,1.1747,-140307,6.4,0.3965,7.931,1288,-0.2705,3
157.0000,20.00,1.1693,-139231,5.9,0.3983,7.966,1288,-0.2667,3
157.0200,20.00,1.2020,-145768,5.5,0.3767,7.535,1287,-0.3121,3
157.0400,20.00,1.1591,-137187,5.0,0.3956,7.912,1297,-0.2724,3
157.0600,20.00,1.1763,-140626,4.5,0.3883,7.766,1288,-0.2878,3
157.0800,20.00,1.1365,-132666,4.1,0.4133,8.266,1292,-0.2351,3
157.1000,20.00,1.1615,-137673,3.7,0.4048,8.096,1280,-0.2531,3
157.1200,20.01,1.1610,-137565,3.1,0.4040,8.080,1284,-0.2547,3
157.1400,19.99,1.1550,-136365,2.7,0.4080,8.161,1285,-0.2462,3
157.1600,20.00,1.1633,-138022,6.2,0.4040,8.080,1283,-0.2548,3
157.1800,20.00,1.1400,-133369,5.7,0.4186,8.372,1285,-0.2240,3
157.2000,20.00,1.1275,-130874,5.2,0.4324,8.649,1278,-0.1949,3
157.2200,20.00,1.1908,-143529,4.8,0.4002,8.004,1271,-0.2627,3
157.2400,20.00,1.1458,-134527,4.3,0.4156,8.313,1286,-0.2303,3
157.2600,20.00,1.1772,-140797,3.8,0.3993,7.986,1279,-0.2647,3
157.2800,20.00,1.2080,-146952,3.4,0.3731,7.461,1287,-0.3199,3
157.3000,20.01,1.1845,-142261,3.0,0.3757,7.514,1299,-0.3143,3
157.3200,20.00,1.2260,-150555,2.5,0.3510,7.021,1298,-0.3662,3
157.3400,19.99,1.1480,-134964,2.1,0.3896,7.792,1309,-0.2851,3
157.3600,20.00,1.1316,-131692,1.6,0.4089,8.178,1291,-0.2445,3
157.3800,20.00,1.1111,-127584,5.0,0.4318,8.637,1282,-0.1962,3
157.4000,20.00,1.1476,-134891,4.6,0.4185,8.370,1272,-0.2242,3
157.4200,20.00,1.1332,-131995,4.1,0.4277,8.553,1278,-0.2049,3
157.4400,20.00,1.1646,-138293,3.6,0.4106,8.213,1274,-0.2407,3
157.4600,20.00,1.1654,-138448,3.1,0.4056,8.112,1282,-0.2513,3
157.4800,20.00,1.1851,-142377,2.7,0.3889,7.777,1284,-0.2866,3
157.5000,19.99,1.1815,-141670,2.2,0.3837,7.675,1292,-0.2974,3
157.5200,20.00,1.1774,-140851,1.8,0.3830,7.661,1294,-0.2989,3
157.5400,20.00,1.1582,-136998,1.3,0.3946,7.892,1294,-0.2745,3
157.5600,20.00,1.1891,-143184,0.9,0.3761,7.522,1289,-0.3134,3
157.5800,20.00,1.1445,-134272,0.4,0.4013,8.025,1298,-0.2605,3
157.6000,20.00,1.1585,-137059,3.9,0.3976,7.952,1286,-0.2682,3
157.6200,20.00,1.1427,-133905,3.4,0.4088,8.177,1288,-0.2446,3
157.6400,20.01,1.1962,-144611,2.9,0.3786,7.571,1282,-0.3083,3
157.6600,20.00,1.1373,-132815,2.4,0.4078,8.157,1296,-0.2467,3
157.6800,20.00,1.1946,-144273,2.0,0.3778,7.557,1283,-0.3098,3
157.7000,20.00,1.1461,-134592,1.5,0.4007,8.014,1297,-0.2617,3
157.7200,20.00,1.1299,-131338,1.0,0.4170,8.339,1286,-0.2274,3
157.7400,20.00,1.1519,-135735,0.6,0.4094,8.187,1279,-0.2435,3
157.7600,20.00,1.1553,-136429,0.1,0.4065,8.130,1282,-0.2494,3
157.7800,20.00,1.1399,-133338,11.9,0.4164,8.329,1283,-0.2286,3
157.8000,20.00,1.1494,-135242,11.4,0.4137,8.274,1279,-0.2343,3
157.8200,20.00,1.1397,-133298,2.7,0.4203,8.407,1280,-0.2204,3
157.8400,20.02,1.1743,-140229,2.3,0.4000,8.000,1277,-0.2632,3
157.8600,19.97,1.1554,-136441,1.8,0.4058,8.116,1286,-0.2509,3
157.8800,20.00,1.1864,-142635,1.3,0.3842,7.685,1284,-0.2963,3
157.9000,20.00,1.1691,-139189,0.8,0.3881,7.762,1294,-0.2882,3
157.9200,20.00,1.1576,-136892,0.3,0.3959,7.919,1292,-0.2717,3
157.9400,20.00,1.1652,-138409,12.1,0.3918,7.835,1288,-0.2805,3
157.9600,20.00,1.1266,-130685,11.7,0.4171,8.343,1290,-0.2271,3
157.9800,20.00,1.1089,-127153,11.2,0.4380,8.761,1279,-0.1831,3
158.0000,20.00,1.1414,-133638,10.7,0.4258,8.516,1269,-0.2088,3
158.0200,20.00,1.1432,-134004,10.2,0.4236,8.472,1274,-0.2135,3
158.0400,20.00,1.2113,-147622,1.6,0.3813,7.626,1275,-0.3026,3
158.0600,20.00,1.1965,-144671,1.1,0.3709,7.418,1295,-0.3244,3
158.0800,20.00,1.2648,-158311,0.6,0.3306,6.612,1300,-0.4092,3
158.1000,20.00,1.1891,-143177,0.1,0.3530,7.060,1319,-0.3621,3
158.1200,20.00,1.2016,-145689,8.0,0.3448,6.895,1308,-0.3794,3
158.1400,20.00,1.1849,-142335,7.5,0.3521,7.043,1312,-0.3639,3
158.1600,20.00,1.1622,-137794,11.0,0.3669,7.337,1309,-0.3329,3
158.1800,20.00,1.1381,-132975,10.5,0.3896,7.792,1302,-0.2850,3
158.2000,20.00,1.1288,-131125,10.0,0.4040,8.079,1291,-0.2548,3
158.2200,20.01,1.1682,-139008,9.5,0.3845,7.689,1285,-0.2959,3
158.2400,20.00,1.1126,-127887,9.1,0.4193,8.385,1294,-0.2226,3
158.2600,20.00,1.1638,-138116,0.4,0.3966,7.931,1277,-0.2704,3
158.2800,20.00,1.1318,-131729,8.1,0.4137,8.274,1288,-0.2343,3
158.3000,20.00,1.2084,-147045,7.7,0.3706,7.411,1280,-0.3251,3
158.3200,20.00,1.1220,-129773,7.3,0.4135,8.270,1300,-0.2348,3
158.3400,20.00,1.1693,-139218,6.8,0.3913,7.827,1280,-0.2814,3
158.3600,20.00,1.1498,-135325,6.4,0.4002,8.004,1290,-0.2627,3
158.3800,20.00,1.1977,-144910,9.8,0.3704,7.408,1286,-0.3254,3
158.4000,20.00,1.1865,-142660,9.3,0.3666,7.332,1300,-0.3335,3
158.4200,20.00,1.1808,-141520,8.9,0.3666,7.332,1302,-0.3334,3
158.4400,20.00,1.2015,-145654,8.4,0.3515,7.031,1302,-0.3652,3
158.4600,20.00,1.1565,-136655,7.9,0.3751,7.501,1309,-0.3157,3
158.4800,20.00,1.1742,-140200,7.4,0.3681,7.362,1298,-0.3303,3
158.5000,20.00,1.1518,-135716,6.9,0.3823,7.645,1301,-0.3005,3
158.5200,20.00,1.1540,-136167,6.5,0.3852,7.705,1295,-0.2942,3
158.5400,20.00,1.1305,-131458,6.1,0.4044,8.088,1293,-0.2539,3
158.5600,20.00,1.1620,-137756,5.6,0.3896,7.792,1284,-0.2851,3
158.5800,20.00,1.1508,-135533,5.1,0.3949,7.897,1291,-0.2740,3
158.6000,20.00,1.1246,-130289,8.6,0.4140,8.281,1289,-0.2336,3
158.6200,20.01,1.1671,-138773,8.1,0.3918,7.836,1280,-0.2804,3
158.6400,19.99,1.1749,-140344,7.7,0.3813,7.627,1290,-0.3025,3
158.6600,20.00,1.1711,-139590,7.2,0.3797,7.594,1295,-0.3059,3
158.6835,23.53,1.1641,-138178,10.2,0.3823,7.646,1296,-0.3004,3
158.7000,16.47,1.1265,-130656,6.3,0.4088,8.177,1295,-0.2445,3
158.7200,20.00,1.1834,-142048,5.8,0.3785,7.570,1282,-0.3084,3
158.7400,20.00,1.1217,-129710,5.4,0.4122,8.244,1296,-0.2375,3
158.7600,20.00,1.1954,-144440,4.9,0.3738,7.476,1281,-0.3183,3
158.7800,20.00,1.1394,-133247,4.4,0.3984,7.969,1298,-0.2665,3
158.8000,20.00,1.1479,-134940,4.0,0.3985,7.970,1287,-0.2663,3
158.8200,20.00,1.1301,-131387,7.5,0.4114,8.228,1287,-0.2391,3
158.8400,20.00,1.1827,-141905,7.0,0.3816,7.633,1281,-0.3018,3
158.8600,20.00,1.1566,-136684,6.5,0.3900,7.801,1295,-0.2841,3
158.8800,20.00,1.1479,-134934,6.0,0.3976,7.952,1291,-0.2682,3
158.9000,20.00,1.1970,-144766,5.5,0.3667,7.335,1288,-0.3332,3
158.9200,20.00,1.1450,-134365,5.1,0.3912,7.825,1302,-0.2816,3
158.9400,20.00,1.1623,-137823,4.7,0.3848,7.695,1291,-0.2952,3
158.9600,20.00,1.1200,-129364,4.1,0.4127,8.254,1293,-0.2365,3
158.9800,20.00,1.1525,-135858,3.7,0.3988,7.976,1281,-0.2657,3
159.0000,20.00,1.1205,-129466,3.3,0.4188,8.375,1287,-0.2237,3
159.0200,20.00,1.1646,-138284,2.8,0.3953,7.906,1278,-0.2730,3
159.0400,20.00,1.1445,-134256,6.3,0.4046,8.092,1288,-0.2535,3
159.0600,20.00,1.1552,-136397,5.8,0.3988,7.976,1284,-0.2657,3
159.0800,20.00,1.1553,-136422,5.3,0.3973,7.947,1287,-0.2688,3
159.1000,20.00,1.1820,-141754,4.9,0.3784,7.567,1288,-0.3087,3
159.1200,20.00,1.1306,-131475,4.4,0.4071,8.143,1296,-0.2481,3
159.1400,20.00,1.1774,-140833,3.9,0.3820,7.641,1283,-0.3009,3
159.1600,20.00,1.1327,-131908,3.5,0.4060,8.121,1295,-0.2504,3
159.1800,20.00,1.1547,-136309,3.0,0.3965,7.931,1284,-0.2704,3
159.2000,20.00,1.0973,-124826,2.6,0.4330,8.661,1288,-0.1936,3
159.2200,20.00,1.1453,-134427,2.1,0.4135,8.269,1271,-0.2348,3
159.2400,20.00,1.1254,-130444,1.7,0.4246,8.493,1280,-0.2113,3
159.2600,20.00,1.1809,-141534,5.1,0.3922,7.844,1275,-0.2796,3
159.2800,20.00,1.1845,-142264,4.7,0.3786,7.572,1290,-0.3082,3
159.3000,20.00,1.1921,-143791,4.2,0.3661,7.322,1296,-0.3345,3
159.3200,20.00,1.1808,-141529,3.7,0.3668,7.336,1302,-0.3331,3
159.3400,20.00,1.1684,-139052,3.2,0.3727,7.454,1302,-0.3206,3
159.3600,20.00,1.1679,-138938,2.7,0.3734,7.468,1299,-0.3192,3
159.3800,20.00,1.1458,-134514,2.3,0.3878,7.756,1299,-0.2889,3
159.4000,20.00,1.1484,-135049,1.9,0.3909,7.819,1292,-0.2822,3
159.4200,20.00,1.0898,-123333,1.4,0.4315,8.630,1291,-0.1968,3
159.4400,20.00,1.1283,-131019,1.0,0.4207,8.414,1272,-0.2196,3
159.4600,20.00,1.1693,-139222,0.5,0.3940,7.879,1277,-0.2759,3
159.4800,20.00,1.1573,-136828,3.9,0.3961,7.922,1289,-0.2714,3
159.5000,20.00,1.1603,-137414,3.5,0.3928,7.856,1288,-0.2783,3
159.5200,20.00,1.1334,-132036,3.0,0.4094,8.188,1290,-0.2434,3
159.5400,20.00,1.1585,-137073,2.5,0.3962,7.924,1282,-0.2712,3
159.5600,20.00,1.1458,-134516,2.1,0.4024,8.047,1288,-0.2582,3
159.5800,20.00,1.1727,-139905,1.6,0.3855,7.711,1285,-0.2936,3
159.6000,20.00,1.1670,-138756,1.1,0.3839,7.677,1293,-0.2971,3
159.6200,20.00,1.1307,-131497,0.7,0.4069,8.139,1294,-0.2486,3
159.6400,20.01,1.1678,-138926,0.2,0.3872,7.744,1283,-0.2901,3
159.6600,20.00,1.1352,-132410,11.9,0.4053,8.107,1292,-0.2519,3
159.6800,20.00,1.1461,-134579,11.5,0.4023,8.045,1284,-0.2584,3
159.7000,20.00,1.1485,-135056,2.8,0.4010,8.020,1285,-0.2610,3
159.7200,20.00,1.1706,-139488,2.3,0.3863,7.726,1286,-0.2919,3
159.7400,20.00,1.1247,-130298,1.8,0.4128,8.257,1293,-0.2361,3
159.7600,20.00,1.1628,-137917,1.4,0.3933,7.867,1280,-0.2772,3
159.7800,20.00,1.1243,-130219,0.9,0.4156,8.312,1289,-0.2303,3
159.8000,20.00,1.1667,-138710,0.4,0.3925,7.851,1279,-0.2789,3
159.8200,20.00,1.1544,-136245,12.2,0.3961,7.922,1290,-0.2714,3
159.8400,20.00,1.1301,-131391,11.7,0.4122,8.244,1288,-0.2375,3
159.8600,20.00,1.1417,-133705,11.3,0.4085,8.171,1281,-0.2452,3
159.8800,20.00,1.1222,-129815,10.8,0.4221,8.442,1282,-0.2167,3
159.9000,20.00,1.1268,-130725,10.3,0.4251,8.501,1276,-0.2104,3
159.9200,20.00,1.1510,-135569,1.7,0.4121,8.242,1275,-0.2377,3
159.9400,20.00,1.1432,-134000,1.1,0.4138,8.276,1281,-0.2341,3
159.9600,20.00,1.2013,-145614,0.7,0.3774,7.548,1280,-0.3108,3
159.9800,20.00,1.1776,-140888,0.2,0.3766,7.533,1297,-0.3124,3
160.0000,20.00,1.1827,-141909,8.0,0.3694,7.387,1297,-0.3277,3
160.0200,20.00,1.1812,-141597,7.6,0.3657,7.313,1301,-0.3355,3
160.0400,20.00,1.1719,-139751,11.1,0.3688,7.377,1302,-0.3288,3
160.0600,20.00,1.1527,-135911,10.6,0.3818,7.635,1301,-0.3015,3
160.0800,20.00,1.1150,-128370,10.1,0.4109,8.218,1295,-0.2402,3
160.1000,20.00,1.0758,-120529,9.6,0.4452,8.904,1281,-0.1680,3
160.1200,20.00,1.0997,-125316,9.1,0.4470,8.940,1266,-0.1642,3
160.1400,20.00,1.1035,-126061,0.5,0.4539,9.077,1265,-0.1498,3
160.1600,20.00,1.1276,-130885,8.2,0.4461,8.923,1261,-0.1660,3
160.1800,20.00,1.1605,-137468,7.8,0.4234,8.468,1265,-0.2139,3
160.2000,20.01,1.1692,-139209,7.3,0.4071,8.142,1275,-0.2482,3
160.2200,19.99,1.1984,-145040,6.9,0.3787,7.574,1283,-0.3080,3
160.2400,20.00,1.1981,-144978,6.4,0.3638,7.276,1296,-0.3394,3
160.2600,20.00,1.2142,-148198,9.9,0.3460,6.919,1303,-0.3769,3
160.2800,20.00,1.1931,-143981,9.4,0.3504,7.008,1311,-0.3676,3
160.3000,20.00,1.1717,-139697,8.9,0.3610,7.220,1309,-0.3453,3
160.3200,20.00,1.1559,-136551,8.4,0.3736,7.472,1304,-0.3188,3
160.3400,20.00,1.1120,-127775,8.0,0.4076,8.152,1299,-0.2472,3
160.3600,20.00,1.1118,-127732,7.5,0.4182,8.365,1283,-0.2248,3
160.3800,20.00,1.0853,-122434,7.0,0.4435,8.870,1278,-0.1716,3
160.4000,20.00,1.0878,-122922,6.6,0.4556,9.111,1266,-0.1462,3
160.4200,20.00,1.1621,-137788,6.1,0.4210,8.419,1261,-0.2190,3
160.4400,20.00,1.1169,-128740,5.7,0.4410,8.821,1277,-0.1767,3
160.4600,20.00,1.2133,-148019,5.3,0.3876,7.752,1267,-0.2893,3
160.4800,20.00,1.1570,-136771,8.7,0.3965,7.929,1292,-0.2706,3
160.5000,20.00,1.2342,-152191,8.2,0.3483,6.967,1288,-0.3719,3
160.5200,20.00,1.2021,-145779,7.8,0.3483,6.965,1310,-0.3721,3
160.5400,20.00,1.1700,-139360,7.3,0.3636,7.272,1310,-0.3398,3
160.5600,20.00,1.1880,-142954,6.8,0.3529,7.057,1303,-0.3624,3
160.5800,20.00,1.1362,-132613,6.3,0.3853,7.707,1308,-0.2940,3
160.6000,20.00,1.1402,-133396,5.9,0.3915,7.830,1293,-0.2811,3
160.6200,20.00,1.1201,-129389,5.5,0.4090,8.180,1290,-0.2442,3
160.6400,20.00,1.1455,-134460,5.0,0.3994,7.988,1282,-0.2644,3
160.6600,20.00,1.1338,-132122,4.5,0.4076,8.151,1287,-0.2472,3
160.6800,19.99,1.1636,-138090,4.1,0.3905,7.810,1283,-0.2832,3
160.7000,20.00,1.1485,-135056,7.5,0.3972,7.945,1291,-0.2690,3
160.7200,20.00,1.1849,-142345,7.1,0.3744,7.489,1288,-0.3170,3
160.7400,20.00,1.1582,-136996,6.6,0.3844,7.688,1298,-0.2960,3
160.7600,20.00,1.1566,-136682,6.1,0.3865,7.731,1294,-0.2915,3
160.7800,20.00,1.1726,-139891,5.7,0.3762,7.524,1293,-0.3133,3
160.8000,20.00,1.1249,-130340,5.1,0.4051,8.103,1298,-0.2524,3
160.8200,20.00,1.1126,-127883,4.7,0.4203,8.406,1284,-0.2204,3
160.8400,20.00,1.1709,-139535,4.3,0.3883,7.767,1277,-0.2877,3
160.8600,20.00,1.1131,-127984,3.8,0.4209,8.418,1292,-0.2191,3
160.8800,20.00,1.1735,-140056,3.4,0.3885,7.770,1277,-0.2874,3
160.9000,20.00,1.1397,-133302,2.9,0.4045,8.090,1292,-0.2536,3
160.9200,20.00,1.1951,-144381,6.4,0.3718,7.436,1284,-0.3225,3
160.9400,20.00,1.1123,-127817,5.9,0.4157,8.314,1299,-0.2301,3
160.9600,20.00,1.1905,-143458,5.4,0.3769,7.539,1279,-0.3117,3
160.9800,20.01,1.1210,-129561,4.9,0.4107,8.214,1297,-0.2406,3
161.0000,20.00,1.1792,-141198,4.5,0.3807,7.614,1282,-0.3038,3
161.0200,20.00,1.1473,-134819,4.0,0.3937,7.874,1295,-0.2764,3
161.0400,20.00,1.1871,-142774,3.5,0.3696,7.393,1289,-0.3271,3
161.0600,19.99,1.1156,-128489,3.1,0.4105,8.211,1301,-0.2410,3
161.0800,20.00,1.1564,-136641,2.7,0.3928,7.857,1282,-0.2782,3
161.1000,20.00,1.1166,-128678,2.1,0.4172,8.344,1290,-0.2270,3
161.1200,20.00,1.1578,-136921,1.8,0.3967,7.933,1279,-0.2702,3
161.1400,20.00,1.1043,-126217,5.2,0.4291,8.582,1288,-0.2019,3
161.1600,20.00,1.1673,-138813,4.7,0.3974,7.948,1273,-0.2686,3
161.1800,20.00,1.1041,-126187,4.3,0.4327,8.653,1288,-0.1944,3
161.2000,20.00,1.1885,-143070,3.8,0.3891,7.783,1271,-0.2860,3
161.2200,20.00,1.1455,-134458,3.3,0.4026,8.051,1292,-0.2578,3
161.2400,20.00,1.1872,-142799,2.8,0.3764,7.528,1285,-0.3128,3
161.2600,20.00,1.1563,-136621,2.4,0.3880,7.760,1297,-0.2884,3
161.2800,19.99,1.1770,-140754,2.0,0.3753,7.506,1292,-0.3152,3
161.3000,20.00,1.1232,-130013,1.5,0.4069,8.139,1298,-0.2485,3
161.3200,20.00,1.1554,-136452,1.0,0.3930,7.859,1283,-0.2780,3
161.3400,20.00,1.1368,-132720,0.6,0.4039,8.079,1290,-0.2549,3
161.3600,20.00,1.1328,-131916,0.1,0.4097,8.194,1285,-0.2428,3
161.3800,20.00,1.1672,-138800,3.6,0.3892,7.784,1282,-0.2859,3
161.4000,19.99,1.1586,-137085,3.1,0.3907,7.814,1292,-0.2827,3
161.4200,20.00,1.1581,-136977,2.7,0.3900,7.800,1291,-0.2842,3
161.4400,20.00,1.1421,-133793,2.1,0.3997,7.993,1291,-0.2639,3
161.4600,20.00,1.1458,-134524,1.7,0.3996,7.992,1287,-0.2640,3
161.4800,20.00,1.1504,-135449,1.2,0.3972,7.943,1287,-0.2691,3
161.5000,20.00,1.1456,-134493,0.8,0.4001,8.003,1288,-0.2629,3
161.5200,20.00,1.1581,-136977,0.3,0.3925,7.850,1286,-0.2789,3
161.5400,20.00,1.1659,-138546,12.0,0.3860,7.720,1290,-0.2927,3
161.5600,20.00,1.1980,-144960,11.6,0.3600,7.200,1293,-0.3474,3
161.5800,20.00,1.1607,-137504,11.1,0.3772,7.544,1305,-0.3111,3
161.6000,20.00,1.1527,-135902,2.4,0.3845,7.689,1297,-0.2959,3
161.6200,20.00,1.1689,-139134,1.9,0.3758,7.516,1294,-0.3141,3
161.6400,20.00,1.1294,-131253,1.5,0.4000,7.999,1298,-0.2632,3
161.6600,20.00,1.1583,-137019,1.0,0.3872,7.744,1286,-0.2901,3
161.6800,20.00,1.1252,-130404,0.5,0.4079,8.158,1292,-0.2466,3
161.7000,20.01,1.1617,-137705,0.0,0.3891,7.783,1283,-0.2860,3
161.7200,20.00,1.1291,-131182,11.8,0.4081,8.161,1292,-0.2462,3
161.7400,20.00,1.1701,-139377,11.3,0.3857,7.715,1283,-0.2932,3
161.7600,20.00,1.1571,-136785,10.9,0.3892,7.785,1293,-0.2858,3
161.7800,20.00,1.1642,-138210,10.4,0.3844,7.688,1292,-0.2960,3
161.8000,20.00,1.1563,-136622,9.9,0.3873,7.745,1294,-0.2900,3
161.8200,20.00,1.1747,-140305,1.2,0.3753,7.506,1292,-0.3152,3
161.8400,20.00,1.1450,-134372,0.8,0.3904,7.807,1298,-0.2834,3
161.8600,20.00,1.1949,-144334,0.3,0.3601,7.202,1291,-0.3471,3
161.8800,20.00,1.2055,-146452,8.1,0.3441,6.883,1305,-0.3808,3
161.9000,20.00,1.1293,-131229,7.7,0.3887,7.773,1312,-0.2870,3
161.9200,20.00,1.2301,-151371,7.1,0.3357,6.714,1292,-0.3985,3
161.9400,20.00,1.1127,-127906,10.7,0.3948,7.896,1316,-0.2741,3
161.9600,20.00,1.1948,-144323,10.1,0.3553,7.106,1289,-0.3572,3
161.9800,20.00,1.0788,-121122,9.7,0.4225,8.449,1307,-0.2159,3
162.0000,20.00,1.2077,-146892,9.2,0.3627,7.255,1276,-0.3416,3
162.0200,20.00,1.0732,-120012,8.8,0.4308,8.615,1304,-0.1984,3
162.0400,20.00,1.1340,-132170,0.1,0.4104,8.208,1272,-0.2413,3
162.0600,20.00,1.0906,-123478,7.8,0.4395,8.790,1282,-0.1800,3
162.0800,20.00,1.2080,-146959,7.4,0.3824,7.648,1268,-0.3002,3
162.1000,20.00,1.1403,-133430,7.0,0.4016,8.032,1295,-0.2598,3
162.1200,20.00,1.2060,-146570,6.5,0.3621,7.242,1286,-0.3429,3
162.1400,20.00,1.1703,-139413,6.0,0.3714,7.427,1304,-0.3235,3
162.1600,20.00,1.1911,-143588,9.5,0.3558,7.115,1300,-0.3563,3
162.1800,20.00,1.1664,-138636,9.0,0.3667,7.333,1307,-0.3333,3
162.2000,20.00,1.1486,-135087,8.5,0.3804,7.608,1302,-0.3044,3
162.2200,20.00,1.1384,-133050,8.1,0.3904,7.808,1295,-0.2833,3
162.2400,20.00,1.1550,-136370,7.6,0.3845,7.690,1291,-0.2958,3
162.2600,20.00,1.1520,-135759,7.1,0.3861,7.722,1294,-0.2924,3
162.2800,20.00,1.1349,-132352,6.7,0.3975,7.950,1293,-0.2685,3
162.3000,20.00,1.1250,-130372,6.2,0.4081,8.162,1288,-0.2461,3
162.3200,20.00,1.1303,-131421,5.8,0.4093,8.186,1283,-0.2436,3
162.3400,20.00,1.1508,-135522,5.3,0.3988,7.977,1282,-0.2656,3
162.3600,20.00,1.1547,-136312,4.9,0.3945,7.891,1287,-0.2747,3
162.3800,20.00,1.1601,-137376,8.3,0.3896,7.791,1289,-0.2851,3
162.4000,20.00,1.1692,-139198,7.9,0.3815,7.630,1291,-0.3021,3
162.4200,20.00,1.1568,-136729,7.4,0.3857,7.715,1295,-0.2932,3
162.4400,19.99,1.1556,-136480,6.9,0.3864,7.728,1293,-0.2918,3
162.4600,20.00,1.1753,-140430,6.4,0.3734,7.469,1293,-0.3191,3
162.4800,20.01,1.1350,-132362,5.9,0.3946,7.893,1299,-0.2745,3
162.5000,20.00,1.1671,-138774,5.5,0.3800,7.601,1289,-0.3052,3
162.5200,20.00,1.1138,-128124,5.0,0.4108,8.216,1296,-0.2404,3
162.5400,20.00,1.1550,-136363,4.6,0.3917,7.833,1281,-0.2807,3
162.5600,20.00,1.1276,-130879,4.1,0.4078,8.156,1290,-0.2468,3
162.5800,20.00,1.1594,-137236,3.7,0.3912,7.825,1283,-0.2816,3
162.6000,20.00,1.1409,-133550,7.1,0.4000,7.999,1291,-0.2632,3
162.6200,20.00,1.1766,-140681,6.7,0.3801,7.603,1286,-0.3050,3
162.6400,19.99,1.1158,-128519,6.2,0.4124,8.249,1296,-0.2370,3
162.6600,20.00,1.1597,-137294,5.7,0.3910,7.819,1281,-0.2822,3
162.6800,20.00,1.1038,-126131,5.2,0.4245,8.490,1291,-0.2116,3
162.7000,20.00,1.1579,-136934,4.8,0.3992,7.983,1275,-0.2649,3
162.7200,20.00,1.1176,-128895,4.3,0.4217,8.434,1287,-0.2175,3
162.7400,20.00,1.1394,-133250,3.9,0.4137,8.273,1276,-0.2344,3
162.7600,20.00,1.1411,-133586,3.5,0.4127,8.253,1280,-0.2365,3
162.7800,20.00,1.1780,-140964,3.0,0.3879,7.759,1281,-0.2886,3
162.8000,20.00,1.2162,-148592,2.5,0.3524,7.047,1292,-0.3634,3
162.8200,20.00,1.1919,-143735,6.0,0.3536,7.072,1308,-0.3608,3
162.8400,20.00,1.1722,-139797,5.5,0.3621,7.242,1308,-0.3430,3
162.8600,20.00,1.1073,-126834,5.0,0.4061,8.122,1304,-0.2503,3
162.8800,20.00,1.1802,-141410,4.5,0.3727,7.454,1284,-0.3207,3
162.9000,20.00,1.1144,-128237,4.1,0.4071,8.143,1299,-0.2481,3
162.9200,20.00,1.0933,-124029,3.7,0.4293,8.586,1283,-0.2015,3
162.9400,20.00,1.1163,-128619,3.1,0.4263,8.527,1273,-0.2077,3
162.9600,20.00,1.1433,-134030,2.7,0.4144,8.288,1274,-0.2329,3
162.9800,20.00,1.1763,-140615,2.3,0.3912,7.824,1280,-0.2817,3
163.0000,20.00,1.1576,-136877,1.8,0.3939,7.877,1291,-0.2761,3
163.0200,20.00,1.1631,-137991,1.4,0.3878,7.756,1289,-0.2889,3
163.0400,20.00,1.2122,-147810,4.8,0.3512,7.024,1292,-0.3659,3
163.0600,20.00,1.1137,-128113,4.3,0.4043,8.085,1309,-0.2542,3
163.0800,20.00,1.1215,-129674,3.9,0.4108,8.215,1284,-0.2405,3
163.1000,20.00,1.2446,-154288,3.4,0.3434,6.868,1281,-0.3823,3
163.1200,20.00,1.0152,-108406,2.9,0.4624,9.249,1313,-0.1317,3
163.1400,20.00,1.1319,-131737,2.5,0.4235,8.471,1257,-0.2136,3
163.1600,20.00,1.1187,-129099,2.0,0.4314,8.627,1275,-0.1971,3
163.1800,20.00,1.2231,-149977,1.6,0.3740,7.479,1272,-0.3180,3
163.2000,20.00,1.1222,-129812,1.1,0.4108,8.216,1298,-0.2404,3
163.2200,20.00,1.1579,-136949,0.7,0.3936,7.872,1281,-0.2766,3
163.2400,19.99,1.1192,-129213,0.2,0.4165,8.331,1289,-0.2283,3
163.2600,20.00,1.2669,-158741,3.6,0.3422,6.844,1279,-0.3848,3
163.2800,20.00,1.0699,-119351,3.2,0.4297,8.594,1313,-0.2006,3
163.3000,20.00,1.1582,-137007,2.7,0.3928,7.856,1273,-0.2784,3
163.3200,20.00,1.1484,-135046,2.2,0.3948,7.895,1290,-0.2742,3
163.3400,20.00,1.1900,-143355,1.8,0.3685,7.369,1289,-0.3295,3
163.3600,20.00,1.0911,-123588,1.3,0.4245,8.491,1301,-0.2115,3
163.3800,20.00,1.0986,-125087,0.8,0.4339,8.677,1275,-0.1918,3
163.4000,20.00,1.1907,-143502,0.4,0.3868,7.736,1271,-0.2909,3
163.4200,20.00,1.1456,-134483,12.1,0.3996,7.991,1292,-0.2641,3
163.4400,20.00,1.1576,-136881,11.6,0.3924,7.849,1287,-0.2791,3
163.4600,20.00,1.1041,-126192,11.1,0.4255,8.510,1290,-0.2094,3
163.4800,20.00,1.1533,-136024,2.5,0.4032,8.064,1275,-0.2565,3
163.5000,20.00,1.1523,-135826,2.0,0.4005,8.010,1285,-0.2621,3
163.5200,20.00,1.2093,-147213,1.5,0.3617,7.235,1286,-0.3437,3
163.5400,20.00,1.1652,-138398,1.0,0.3761,7.522,1304,-0.3135,3
163.5600,20.00,1.1620,-137771,0.6,0.3788,7.576,1298,-0.3078,3
163.5800,20.00,1.1935,-144060,0.1,0.3558,7.116,1296,-0.3562,3
163.6000,20.00,1.1716,-139676,11.9,0.3635,7.270,1307,-0.3400,3
163.6200,20.00,1.1432,-133997,11.4,0.3831,7.663,1303,-0.2987,3
163.6400,20.00,1.1270,-130763,10.9,0.3990,7.981,1294,-0.2652,3
163.6600,20.00,1.1222,-129796,10.5,0.4084,8.168,1287,-0.2454,3
163.6800,20.01,1.1062,-126606,10.0,0.4237,8.475,1282,-0.2132,3
163.7000,20.00,1.0811,-121589,1.3,0.4490,8.981,1275,-0.1599,3
163.7200,20.00,1.1330,-131973,0.9,0.4325,8.649,1264,-0.1948,3
163.7400,20.00,1.1006,-125491,0.4,0.4518,9.036,1271,-0.1541,3
163.7600,20.00,1.0714,-119644,8.1,0.4731,9.463,1262,-0.1092,3
163.7800,20.00,1.2191,-149180,7.7,0.4070,8.141,1253,-0.2483,3
163.8000,20.00,1.1703,-139418,7.3,0.3997,7.993,1283,-0.2639,3
163.8200,20.00,1.2345,-152268,10.7,0.3509,7.018,1287,-0.3665,3
163.8400,20.01,1.2152,-148396,10.3,0.3402,6.805,1309,-0.3890,3
163.8600,20.00,1.2031,-145990,9.8,0.3396,6.792,1314,-0.3903,3
163.8800,20.00,1.2063,-146623,9.3,0.3330,6.660,1314,-0.4042,3
163.9000,20.00,1.0826,-121896,8.9,0.4107,8.215,1317,-0.2405,3
163.9200,20.00,1.0724,-119840,0.1,0.4358,8.717,1282,-0.1877,3
163.9400,20.00,1.0564,-116650,7.9,0.4590,9.180,1270,-0.1390,3
163.9600,20.00,1.1294,-131251,7.5,0.4372,8.743,1259,-0.1849,3
163.9800,20.00,1.1137,-128096,7.0,0.4467,8.934,1269,-0.1649,3
164.0000,20.00,1.1061,-126577,6.6,0.4547,9.094,1265,-0.1480,3
164.0200,20.00,1.1254,-130437,6.1,0.4482,8.964,1261,-0.1617,3
164.0400,20.00,1.1489,-135138,9.6,0.4328,8.657,1264,-0.1940,3
164.0600,20.00,1.1690,-139168,9.1,0.4107,8.214,1271,-0.2406,3
164.0800,20.00,1.1805,-141456,8.7,0.3921,7.843,1282,-0.2797,3
164.1000,20.00,1.2059,-146542,8.1,0.3630,7.261,1290,-0.3410,3
164.1200,20.00,1.2004,-145437,7.7,0.3538,7.075,1304,-0.3605,3
164.1400,20.00,1.1313,-131618,7.2,0.3932,7.864,1308,-0.2775,3
164.1600,20.00,1.1795,-141271,6.8,0.3708,7.415,1290,-0.3247,3
164.1800,20.00,1.1033,-126022,6.3,0.4159,8.318,1300,-0.2297,3
164.2000,20.00,1.1257,-130501,5.9,0.4130,8.260,1279,-0.2358,3
164.2200,20.00,1.1110,-127571,5.4,0.4259,8.519,1280,-0.2086,3
164.2400,20.00,1.1420,-133770,5.0,0.4134,8.268,1274,-0.2349,3
164.2600,20.00,1.1328,-131917,8.4,0.4192,8.383,1280,-0.2228,3
164.2800,20.00,1.1425,-133856,7.9,0.4143,8.285,1278,-0.2331,3
164.3000,20.00,1.1889,-143144,7.5,0.3836,7.673,1280,-0.2976,3
164.3200,20.00,1.2190,-149152,7.0,0.3508,7.015,1294,-0.3668,3
164.3400,20.00,1.2036,-146072,6.5,0.3467,6.934,1309,-0.3754,3
164.3600,20.00,1.1884,-143032,6.0,0.3505,7.009,1311,-0.3674,3
164.3800,20.00,1.1662,-138608,5.6,0.3625,7.250,1309,-0.3421,3
164.4000,20.00,1.1306,-131491,5.1,0.3885,7.769,1304,-0.2875,3
164.4200,20.00,1.1169,-128753,4.7,0.4067,8.134,1292,-0.2490,3
164.4400,20.00,1.1416,-133687,4.2,0.3984,7.968,1283,-0.2666,3
164.4600,20.00,1.0822,-121816,3.8,0.4375,8.751,1287,-0.1842,3
164.4800,20.00,1.1653,-138417,7.2,0.3988,7.975,1269,-0.2658,3
164.5000,20.00,1.1065,-126659,6.8,0.4302,8.605,1287,-0.1995,3
164.5200,20.00,1.1857,-142500,6.3,0.3887,7.773,1272,-0.2870,3
164.5400,20.00,1.1556,-136479,5.8,0.3949,7.898,1292,-0.2739,3
164.5600,20.00,1.1837,-142101,5.4,0.3754,7.507,1289,-0.3150,3
164.5800,20.00,1.1971,-144772,4.9,0.3573,7.145,1298,-0.3531,3
164.6000,20.00,1.1656,-138479,4.4,0.3713,7.425,1306,-0.3236,3
164.6200,20.00,1.1681,-138981,4.0,0.3710,7.419,1300,-0.3243,3
164.6400,20.00,1.1266,-130685,3.5,0.3981,7.963,1300,-0.2671,3
164.6600,20.00,1.1068,-126728,3.0,0.4185,8.371,1287,-0.2242,3
164.6800,20.00,1.1621,-137780,2.6,0.3905,7.809,1278,-0.2832,3
164.7000,20.00,1.1142,-128213,6.1,0.4182,8.363,1291,-0.2249,3
164.7200,20.00,1.1782,-141002,5.6,0.3844,7.687,1278,-0.2961,3
164.7400,20.00,1.0970,-124761,5.1,0.4292,8.585,1294,-0.2016,3
164.7600,20.00,1.1756,-140475,4.6,0.3898,7.797,1273,-0.2846,3
164.7800,20.00,1.1508,-135526,4.1,0.3968,7.937,1291,-0.2698,3
164.8000,20.00,1.1623,-137819,3.7,0.3894,7.788,1288,-0.2855,3
164.8200,20.00,1.1919,-143733,3.3,0.3661,7.323,1291,-0.3345,3
164.8400,20.00,1.1865,-142670,2.8,0.3607,7.214,1302,-0.3459,3
164.8600,20.00,1.1919,-143739,2.4,0.3526,7.052,1305,-0.3629,3
164.8800,20.00,1.1195,-129274,1.9,0.3964,7.929,1308,-0.2707,3
164.9000,20.00,1.1102,-127407,1.4,0.4140,8.281,1288,-0.2336,3
164.9200,20.00,1.0611,-117586,4.9,0.4521,9.042,1280,-0.1535,3
164.9400,20.00,1.1262,-130608,4.4,0.4333,8.666,1262,-0.1930,3
164.9600,20.00,1.0838,-122137,4.0,0.4596,9.192,1271,-0.1377,3
164.9800,20.00,1.1242,-130210,3.5,0.4483,8.965,1259,-0.1615,3
165.0000,20.00,1.1457,-134508,3.0,0.4349,8.697,1264,-0.1898,3
165.0200,20.00,1.1819,-141750,2.6,0.4028,8.055,1270,-0.2573,3
165.0400,20.00,1.1484,-135044,2.1,0.4112,8.225,1285,-0.2395,3
165.0600,20.00,1.1742,-140203,1.6,0.3909,7.818,1281,-0.2823,3
165.0800,20.00,1.1701,-139380,1.1,0.3858,7.716,1291,-0.2931,3
165.1000,20.00,1.2120,-147755,0.7,0.3533,7.065,1293,-0.3616,3
165.1200,20.00,1.2405,-153463,0.3,0.3266,6.532,1308,-0.4177,3
165.1400,20.00,1.1787,-141106,3.7,0.3505,7.009,1321,-0.3674,3
165.1600,20.00,1.1854,-142449,3.3,0.3466,6.931,1309,-0.3757,3
165.1800,20.00,1.1728,-139926,2.8,0.3533,7.066,1311,-0.3614,3
165.2000,20.00,1.1293,-131215,2.3,0.3842,7.684,1308,-0.2964,3
165.2200,20.00,1.1069,-126743,1.9,0.4090,8.180,1294,-0.2443,3
165.2400,20.00,1.0759,-120546,1.3,0.4382,8.763,1282,-0.1828,3
165.2600,20.00,1.0942,-124216,0.9,0.4428,8.857,1269,-0.1730,3
165.2800,20.00,1.1160,-128571,0.5,0.4411,8.823,1266,-0.1766,3
165.3000,20.02,1.1350,-132357,0.0,0.4325,8.651,1267,-0.1946,3
165.3200,19.98,1.1295,-131262,11.7,0.4344,8.689,1271,-0.1907,3
165.3400,20.00,1.1080,-126975,11.3,0.4490,8.980,1270,-0.1600,3
165.3600,20.00,1.1818,-141718,2.6,0.4072,8.145,1264,-0.2479,3
165.3800,20.00,1.1867,-142693,2.1,0.3872,7.745,1283,-0.2900,3
165.4000,20.00,1.1738,-140115,1.6,0.3829,7.657,1292,-0.2992,3
165.4200,20.00,1.2018,-145724,1.1,0.3575,7.150,1294,-0.3527,3
165.4400,20.00,1.2608,-157525,0.7,0.3193,6.386,1306,-0.4330,3
165.4600,20.00,1.1166,-128682,0.2,0.3902,7.804,1324,-0.2838,3
165.4800,20.00,1.1499,-135347,12.0,0.3820,7.639,1291,-0.3011,3
165.5000,20.00,1.1255,-130459,11.5,0.4000,7.999,1295,-0.2632,3
165.5200,20.00,1.0740,-120168,11.0,0.4392,8.783,1286,-0.1807,3
165.5400,20.00,1.0929,-123955,10.5,0.4446,8.893,1268,-0.1692,3
165.5600,20.00,1.0953,-124419,10.1,0.4543,9.085,1266,-0.1489,3
165.5800,20.00,1.1192,-129206,1.4,0.4491,8.982,1261,-0.1598,3
165.6000,20.00,1.1283,-131030,0.9,0.4453,8.905,1264,-0.1679,3
165.6200,20.00,1.1899,-143349,0.5,0.4038,8.076,1265,-0.2551,3
165.6400,20.00,1.2124,-147831,8.3,0.3702,7.404,1285,-0.3259,3
165.6600,20.00,1.1433,-134027,7.8,0.3971,7.941,1300,-0.2693,3
165.6800,20.00,1.1881,-142984,7.3,0.3717,7.434,1288,-0.3228,3
165.7000,20.00,1.1323,-131828,10.8,0.4008,8.016,1300,-0.2615,3
165.7200,20.00,1.1191,-129190,10.4,0.4156,8.312,1286,-0.2303,3
165.7400,20.00,1.1031,-125983,9.8,0.4319,8.638,1279,-0.1960,3
165.7600,20.00,1.1675,-138862,9.4,0.3990,7.981,1272,-0.2652,3
165.7800,20.00,1.1096,-127292,8.9,0.4301,8.602,1287,-0.1998,3
165.8000,20.00,1.1322,-131814,0.2,0.4246,8.493,1272,-0.2113,3
165.8200,20.00,1.1074,-126840,8.0,0.4430,8.860,1275,-0.1726,3
165.8400,20.00,1.1874,-142833,7.6,0.3990,7.980,1266,-0.2653,3
165.8600,20.00,1.1740,-140160,7.1,0.3904,7.808,1287,-0.2834,3
165.8800,20.00,1.2044,-146249,6.7,0.3617,7.233,1291,-0.3438,3
165.9000,20.00,1.1911,-143579,6.2,0.3592,7.183,1304,-0.3491,3
165.9200,20.00,1.1868,-142725,9.7,0.3570,7.141,1305,-0.3536,3
165.9400,20.00,1.1031,-125985,9.2,0.4114,8.227,1306,-0.2392,3
165.9600,20.00,1.0442,-114210,8.7,0.4603,9.206,1281,-0.1362,3
165.9800,20.00,1.0360,-112564,8.3,0.4854,9.709,1258,-0.0833,3
166.0000,20.00,1.0782,-121003,7.8,0.4840,9.680,1247,-0.0863,3
166.0200,20.00,1.1211,-129576,7.3,0.4701,9.402,1247,-0.1156,3
166.0400,20.00,1.1436,-134090,6.8,0.4540,9.080,1254,-0.1494,3
166.0600,20.00,1.1987,-145099,6.4,0.4128,8.257,1261,-0.2361,3
166.0800,20.00,1.2374,-152835,5.9,0.3645,7.291,1280,-0.3378,3
166.1000,20.00,1.2554,-156430,5.5,0.3306,6.613,1303,-0.4092,3
166.1200,20.00,1.2531,-155982,5.0,0.3151,6.303,1319,-0.4418,3
166.1400,20.00,1.2081,-146977,8.5,0.3271,6.541,1326,-0.4167,3
166.1600,20.00,1.1755,-140463,8.0,0.3445,6.889,1320,-0.3801,3
166.1800,20.00,1.1311,-131580,7.5,0.3781,7.562,1312,-0.3093,3
166.2000,20.00,1.0813,-121626,7.1,0.4212,8.424,1297,-0.2185,3
166.2200,20.00,1.0726,-119886,6.6,0.4437,8.875,1277,-0.1711,3
166.2400,20.00,1.0567,-116702,6.1,0.4650,9.299,1266,-0.1264,3
166.2600,20.00,1.0594,-117242,5.7,0.4824,9.648,1256,-0.0897,3
166.2800,20.00,1.1224,-129853,5.2,0.4640,9.280,1248,-0.1284,3
166.3000,20.00,1.1224,-129838,4.8,0.4622,9.244,1257,-0.1322,3
166.3200,20.00,1.1748,-140316,4.3,0.4294,8.588,1258,-0.2012,3
166.3400,20.00,1.1969,-144745,3.9,0.3968,7.936,1273,-0.2699,3
166.3600,20.00,1.2319,-151748,7.3,0.3557,7.113,1288,-0.3565,3
166.3800,20.00,1.2434,-154042,6.9,0.3311,6.621,1307,-0.4083,3
166.4000,20.00,1.1730,-139967,6.4,0.3591,7.182,1318,-0.3493,3
166.4200,20.00,1.1662,-138603,5.9,0.3652,7.304,1305,-0.3364,3
166.4400,20.00,1.1310,-131572,5.4,0.3911,7.822,1303,-0.2818,3
166.4600,20.00,1.1298,-131316,4.9,0.4012,8.023,1291,-0.2607,3
166.4800,20.00,1.0766,-120687,4.5,0.4404,8.808,1286,-0.1781,3
166.5000,20.00,1.0952,-124397,4.1,0.4461,8.921,1268,-0.1662,3
166.5200,20.00,1.0793,-121223,3.6,0.4641,9.282,1265,-0.1283,3
166.5400,20.00,1.1343,-132232,3.1,0.4455,8.910,1257,-0.1673,3
166.5600,20.00,1.1161,-128577,2.7,0.4545,9.089,1265,-0.1485,3
166.5800,20.00,1.1825,-141861,6.1,0.4151,8.301,1261,-0.2315,3
166.6000,20.00,1.1032,-126007,5.7,0.4499,8.999,1279,-0.1580,3
166.6200,20.00,1.1974,-144835,5.2,0.4000,7.999,1263,-0.2632,3
166.6400,20.00,1.1520,-135759,4.7,0.4068,8.135,1286,-0.2489,3
166.6600,20.00,1.1711,-139579,4.3,0.3914,7.829,1283,-0.2812,3
166.6800,20.00,1.1507,-135513,3.8,0.4001,8.002,1290,-0.2630,3
166.7000,20.00,1.1755,-140453,3.3,0.3839,7.677,1286,-0.2971,3
166.7200,20.00,1.1316,-131680,2.9,0.4087,8.174,1294,-0.2448,3
166.7400,20.00,1.1572,-136794,2.4,0.3967,7.933,1282,-0.2702,3
166.7600,20.00,1.1179,-128937,2.0,0.4208,8.415,1288,-0.2195,3
166.7800,20.00,1.1829,-141936,1.5,0.3855,7.711,1277,-0.2936,3
166.8000,20.00,1.1624,-137845,5.0,0.3889,7.778,1293,-0.2866,3
166.8200,20.00,1.1569,-136748,4.5,0.3918,7.835,1292,-0.2805,3
166.8400,20.00,1.1201,-129387,4.0,0.4165,8.331,1290,-0.2283,3
166.8600,20.00,1.1443,-134232,3.6,0.4074,8.147,1279,-0.2477,3
166.8800,20.00,1.2092,-147203,3.1,0.3659,7.318,1283,-0.3349,3
166.9000,20.00,1.1614,-137642,2.6,0.3821,7.643,1302,-0.3008,3
166.9200,20.00,1.1820,-141763,2.1,0.3696,7.392,1295,-0.3272,3
166.9400,20.00,1.1188,-129126,1.7,0.4087,8.174,1301,-0.2448,3
166.9600,20.00,1.1695,-139270,1.3,0.3841,7.683,1282,-0.2965,3
166.9800,20.00,1.1031,-125986,0.8,0.4240,8.481,1294,-0.2125,3
167.0000,20.00,1.1153,-128419,0.4,0.4281,8.562,1275,-0.2040,3
167.0200,20.00,1.1508,-135524,3.8,0.4097,8.193,1273,-0.2428,3
167.0400,20.00,1.1478,-134926,3.3,0.4084,8.168,1282,-0.2455,3
167.0600,20.00,1.1557,-136495,2.9,0.4020,8.040,1282,-0.2589,3
167.0800,20.00,1.1649,-138353,2.4,0.3933,7.865,1285,-0.2773,3
167.1000,20.00,1.1735,-140061,1.9,0.3839,7.677,1289,-0.2971,3
167.1200,20.00,1.1592,-137201,1.5,0.3890,7.781,1294,-0.2862,3
167.1400,20.00,1.1532,-135997,1.0,0.3933,7.866,1292,-0.2772,3
167.1600,20.00,1.1789,-141150,0.5,0.3766,7.532,1289,-0.3125,3
167.1800,20.00,1.1351,-132379,0.1,0.4013,8.027,1297,-0.2604,3
167.2000,20.01,1.1652,-138396,11.8,0.3866,7.731,1286,-0.2915,3
167.2200,19.99,1.0886,-123085,11.3,0.4340,8.680,1293,-0.1916,3
167.2400,20.00,1.1357,-132512,2.7,0.4182,8.363,1271,-0.2249,3
167.2600,20.00,1.0523,-115822,2.1,0.4684,9.367,1278,-0.1192,3
167.2800,20.00,1.1607,-137508,1.7,0.4295,8.590,1255,-0.2010,3
167.3000,20.00,1.1087,-127112,1.1,0.4524,9.047,1273,-0.1529,3
167.3200,20.00,1.1476,-134892,0.7,0.4327,8.655,1262,-0.1942,3
167.3400,20.00,1.0994,-125243,0.3,0.4586,9.171,1271,-0.1399,3
167.3600,20.00,1.1435,-134069,8.1,0.4395,8.789,1259,-0.1801,3
167.3800,20.00,1.1516,-135682,11.6,0.4283,8.566,1268,-0.2036,3
167.4000,20.00,1.1308,-131529,11.1,0.4363,8.727,1273,-0.1866,3
167.4200,20.00,1.1688,-139117,10.6,0.4111,8.222,1269,-0.2398,3
167.4400,20.00,1.1090,-127175,10.1,0.4414,8.829,1281,-0.1759,3
167.4600,20.00,1.1339,-132136,9.7,0.4347,8.693,1267,-0.1902,3
167.4800,20.00,1.1138,-128130,1.0,0.4489,8.978,1270,-0.1602,3
167.5000,20.00,1.1434,-134051,0.5,0.4344,8.688,1264,-0.1908,3
167.5200,20.00,1.1494,-135244,0.1,0.4261,8.521,1270,-0.2083,3
167.5400,20.00,1.1336,-132084,7.9,0.4324,8.648,1274,-0.1949,3
167.5600,20.00,1.1579,-136950,7.4,0.4165,8.331,1271,-0.2283,3
167.5800,20.00,1.1635,-138064,7.0,0.4062,8.123,1279,-0.2502,3
167.6000,20.00,1.1587,-137104,10.4,0.4036,8.072,1284,-0.2556,3
167.6200,20.00,1.1740,-140162,10.0,0.3905,7.811,1285,-0.2831,3
167.6400,20.00,1.1537,-136098,9.5,0.3998,7.995,1291,-0.2636,3
167.6600,20.00,1.1451,-134383,9.0,0.4063,8.126,1286,-0.2499,3
167.6800,20.00,1.1285,-131065,8.5,0.4189,8.378,1283,-0.2234,3
167.7000,20.00,1.1379,-132944,8.1,0.4178,8.355,1278,-0.2258,3
167.7200,20.00,1.1299,-131338,7.6,0.4245,8.489,1278,-0.2117,3
167.7400,20.00,1.1420,-133771,7.1,0.4197,8.393,1275,-0.2218,3
167.7600,20.00,1.1258,-130526,6.7,0.4305,8.610,1277,-0.1990,3
167.7800,20.00,1.1378,-132932,6.3,0.4269,8.539,1272,-0.2065,3
167.8000,20.00,1.1147,-128306,5.8,0.4433,8.866,1274,-0.1721,3
167.8200,20.01,1.1399,-133349,9.3,0.4332,8.664,1266,-0.1933,3
167.8400,20.00,1.0920,-123769,8.8,0.4623,9.246,1271,-0.1320,3
167.8600,20.00,1.1452,-134406,8.3,0.4410,8.820,1257,-0.1768,3
167.8800,20.00,1.1593,-137225,7.9,0.4256,8.512,1267,-0.2092,3
167.9000,20.00,1.1733,-140014,7.4,0.4075,8.151,1275,-0.2473,3
167.9200,20.00,1.1506,-135492,6.9,0.4131,8.262,1283,-0.2356,3
167.9400,20.00,1.1458,-134527,6.5,0.4158,8.316,1280,-0.2299,3
167.9600,20.00,1.2022,-145801,6.0,0.3794,7.589,1279,-0.3065,3
167.9800,20.00,1.1964,-144638,5.6,0.3681,7.361,1296,-0.3304,3
168.0000,20.00,1.1768,-140725,5.1,0.3743,7.485,1301,-0.3174,3
168.0200,20.00,1.1587,-137099,4.7,0.3853,7.706,1298,-0.2941,3
168.0400,20.00,1.1227,-129907,8.1,0.4129,8.257,1293,-0.2361,3
168.0600,20.00,1.1210,-129566,7.6,0.4228,8.455,1280,-0.2153,3
168.0800,20.00,1.0957,-124497,7.1,0.4469,8.937,1276,-0.1645,3
168.1000,20.00,1.0860,-122567,6.7,0.4623,9.247,1265,-0.1319,3
168.1200,20.00,1.0907,-123515,6.2,0.4710,9.420,1257,-0.1137,3
168.1400,20.00,1.1748,-140319,5.7,0.4332,8.664,1253,-0.1933,3
168.1600,20.00,1.1138,-128122,5.3,0.4560,9.120,1271,-0.1453,3
168.1800,20.00,1.1728,-139931,4.9,0.4236,8.472,1260,-0.2135,3
168.2000,20.00,1.1688,-139115,4.4,0.4106,8.211,1275,-0.2409,3
168.2200,20.00,1.1627,-137907,4.0,0.4067,8.133,1282,-0.2491,3
168.2400,20.00,1.1515,-135673,3.5,0.4106,8.213,1283,-0.2408,3
168.2600,20.00,1.1033,-126029,6.9,0.4432,8.864,1282,-0.1722,3
168.2800,20.00,1.1018,-125719,6.5,0.4559,9.118,1266,-0.1455,3
168.3000,20.00,1.1815,-141669,6.0,0.4153,8.306,1260,-0.2310,3
168.3200,20.00,1.1308,-131525,5.5,0.4314,8.629,1279,-0.1970,3
168.3400,20.00,1.1351,-132376,5.0,0.4325,8.651,1272,-0.1946,3
168.3600,20.00,1.0557,-116518,4.5,0.4803,9.605,1271,-0.0942,3
168.3800,20.00,1.1191,-129184,4.1,0.4656,9.312,1249,-0.1250,3
168.4000,20.00,1.0902,-123407,3.7,0.4820,9.641,1256,-0.0904,3
168.4200,20.00,1.1652,-138396,3.2,0.4489,8.978,1248,-0.1602,3
168.4400,20.00,1.1967,-144710,2.8,0.4151,8.302,1264,-0.2314,3
168.4600,20.00,1.2398,-153313,2.3,0.3675,7.351,1279,-0.3315,3
168.4800,20.00,1.2505,-155449,5.8,0.3405,6.810,1301,-0.3884,3
168.5000,20.00,1.2110,-147557,5.3,0.3457,6.913,1314,-0.3776,3
168.5200,20.00,1.2109,-147536,4.8,0.3409,6.818,1312,-0.3876,3
168.5400,20.00,1.1824,-141834,4.3,0.3542,7.084,1314,-0.3596,3
168.5600,20.00,1.1395,-133261,3.9,0.3851,7.702,1308,-0.2946,3
168.5800,20.00,1.0999,-125355,3.4,0.4204,8.409,1293,-0.2201,3
168.6000,20.00,1.1063,-126629,3.0,0.4319,8.638,1277,-0.1960,3
168.6200,20.00,1.0794,-121256,2.5,0.4592,9.184,1272,-0.1385,3
168.6400,20.00,1.1171,-128777,2.0,0.4489,8.978,1259,-0.1602,3
168.6600,20.00,1.1352,-132396,1.6,0.4414,8.828,1264,-0.1760,3
168.6800,20.00,1.1565,-136661,1.1,0.4256,8.512,1267,-0.2093,3
168.7000,20.00,1.2009,-145548,4.6,0.3908,7.817,1275,-0.2824,3
168.7200,20.00,1.1656,-138479,4.1,0.3966,7.931,1291,-0.2704,3
168.7400,20.00,1.1721,-139788,3.7,0.3902,7.804,1288,-0.2838,3
168.7600,20.00,1.2003,-145418,3.2,0.3690,7.379,1291,-0.3285,3
168.7800,20.00,1.2050,-146352,2.7,0.3569,7.138,1301,-0.3539,3
168.8000,20.00,1.1784,-141042,2.2,0.3670,7.340,1306,-0.3327,3
168.8200,20.00,1.1750,-140354,1.8,0.3692,7.384,1302,-0.3280,3
168.8400,20.00,1.1908,-143525,1.3,0.3586,7.172,1301,-0.3504,3
168.8600,20.00,1.1388,-133124,0.9,0.3910,7.820,1306,-0.2821,3
168.8800,20.00,1.1211,-129595,0.4,0.4113,8.227,1291,-0.2393,3
168.9000,20.02,1.0538,-116127,0.0,0.4640,9.280,1281,-0.1285,3
168.9200,19.97,1.1310,-131561,3.4,0.4371,8.742,1257,-0.1851,3
168.9400,20.00,1.0988,-125131,3.0,0.4574,9.147,1269,-0.1424,3
168.9600,20.00,1.1410,-133566,2.5,0.4407,8.813,1260,-0.1776,3
168.9800,20.00,1.1148,-128332,2.0,0.4548,9.097,1268,-0.1477,3
169.0000,20.00,1.1713,-139629,1.5,0.4236,8.472,1261,-0.2135,3
169.0200,20.00,1.1737,-140105,1.1,0.4070,8.140,1275,-0.2484,3
169.0400,20.00,1.2067,-146694,0.6,0.3764,7.527,1283,-0.3129,3
169.0600,20.00,1.2371,-152778,0.1,0.3469,6.938,1297,-0.3750,3
169.0800,20.00,1.2347,-152305,11.9,0.3337,6.674,1311,-0.4028,3
169.1000,20.00,1.1942,-144206,11.4,0.3472,6.944,1317,-0.3743,3
169.1200,20.00,1.1603,-137418,10.9,0.3672,7.343,1311,-0.3323,3
169.1400,20.00,1.1168,-128723,2.3,0.4035,8.070,1302,-0.2558,3
169.1600,20.01,1.0910,-123561,1.8,0.4323,8.646,1285,-0.1951,3
169.1800,20.00,1.1020,-125764,1.3,0.4408,8.816,1271,-0.1772,3
169.2000,20.00,1.0927,-123902,0.9,0.4554,9.107,1267,-0.1466,3
169.2200,20.00,1.1012,-125603,0.3,0.4603,9.206,1261,-0.1362,3
169.2400,20.00,1.1194,-129243,8.2,0.4570,9.140,1258,-0.1432,3
169.2600,20.00,1.1401,-133376,11.7,0.4464,8.927,1260,-0.1655,3
169.2800,20.00,1.1456,-134484,11.2,0.4390,8.779,1265,-0.1811,3
169.3000,20.00,1.1968,-144712,10.7,0.4018,8.037,1268,-0.2593,3
169.3200,20.00,1.2091,-147186,10.2,0.3731,7.462,1285,-0.3198,3
169.3400,20.00,1.1807,-141507,9.8,0.3778,7.557,1299,-0.3098,3
169.3600,20.00,1.1588,-137122,1.1,0.3898,7.796,1297,-0.2846,3
169.3800,20.00,1.1087,-127111,0.6,0.4255,8.510,1291,-0.2094,3
169.4000,20.00,1.1507,-135494,0.1,0.4098,8.196,1275,-0.2426,3
169.4200,20.00,1.1515,-135658,8.0,0.4071,8.141,1282,-0.2483,3
169.4400,20.00,1.1102,-127405,7.5,0.4343,8.686,1283,-0.1910,3
169.4600,20.00,1.1703,-139429,7.1,0.4045,8.089,1270,-0.2538,3
169.4800,20.00,1.1076,-126891,10.5,0.4377,8.754,1284,-0.1837,3
169.5000,20.00,1.1985,-145057,10.1,0.3925,7.850,1269,-0.2790,3
169.5200,20.00,1.1299,-131337,9.6,0.4189,8.379,1290,-0.2233,3
169.5400,20.00,1.2333,-152020,9.1,0.3615,7.230,1278,-0.3442,3
169.5600,20.00,1.1633,-138032,8.6,0.3827,7.654,1304,-0.2996,3
169.5800,20.00,1.1968,-144717,8.1,0.3629,7.258,1295,-0.3413,3
169.6000,20.00,1.1450,-134357,7.7,0.3913,7.826,1304,-0.2815,3
169.6200,20.00,1.1901,-143375,7.3,0.3674,7.347,1290,-0.3319,3
169.6400,20.00,1.1254,-130451,6.8,0.4051,8.103,1301,-0.2523,3
169.6600,20.00,1.1718,-139729,6.3,0.3835,7.669,1284,-0.2980,3
169.6800,20.00,1.1358,-132526,5.9,0.4046,8.093,1294,-0.2534,3
169.7000,20.00,1.1404,-133442,9.4,0.4068,8.136,1284,-0.2488,3
169.7200,20.00,1.1634,-138041,8.9,0.3941,7.882,1283,-0.2756,3
169.7400,20.00,1.1704,-139439,8.4,0.3855,7.710,1289,-0.2937,3
169.7600,20.00,1.1399,-133353,7.9,0.4047,8.094,1293,-0.2532,3
169.7800,20.00,1.1901,-143387,7.5,0.3756,7.512,1284,-0.3145,3
169.8000,20.00,1.1484,-135037,7.0,0.3946,7.892,1298,-0.2746,3
169.8200,20.00,1.1670,-138759,6.6,0.3854,7.709,1289,-0.2938,3
169.8400,20.00,1.1607,-137498,6.1,0.3873,7.746,1293,-0.2899,3
169.8600,20.00,1.1521,-135788,5.7,0.3940,7.879,1292,-0.2759,3
169.8800,20.00,1.1510,-135555,5.2,0.3970,7.940,1289,-0.2695,3
169.9000,20.00,1.1798,-141327,4.7,0.3778,7.556,1288,-0.3099,3
169.9200,20.00,1.1376,-132882,8.2,0.4019,8.039,1297,-0.2591,3
169.9400,20.00,1.1500,-135354,7.7,0.3993,7.986,1285,-0.2646,3
169.9600,20.00,1.1562,-136608,7.2,0.3958,7.916,1287,-0.2720,3
169.9800,20.00,1.1331,-131981,6.8,0.4107,8.214,1288,-0.2406,3
170.0000,20.00,1.1387,-133099,6.3,0.4114,8.227,1282,-0.2392,3
170.0200,20.00,1.1084,-127049,5.8,0.4337,8.675,1281,-0.1921,3
170.0400,20.00,1.1510,-135559,5.4,0.4142,8.284,1271,-0.2333,3
170.0600,20.00,1.1234,-130052,4.9,0.4293,8.586,1280,-0.2015,3
170.0800,20.00,1.1760,-140568,4.5,0.3999,7.998,1273,-0.2634,3
170.1000,20.00,1.1404,-133451,4.0,0.4135,8.270,1286,-0.2348,3
170.1200,20.00,1.1527,-135899,3.6,0.4074,8.149,1280,-0.2475,3
170.1400,20.00,1.1152,-128407,7.0,0.4309,8.618,1283,-0.1981,3
170.1600,20.00,1.2222,-149795,6.5,0.3743,7.485,1272,-0.3174,3
170.1800,20.00,1.1652,-138408,6.1,0.3855,7.710,1298,-0.2937,3
170.2000,20.00,1.2081,-146987,5.6,0.3580,7.160,1293,-0.3516,3
170.2200,20.00,1.2077,-146899,5.1,0.3478,6.956,1306,-0.3730,3
170.2400,20.00,1.1414,-133643,4.6,0.3852,7.704,1311,-0.2943,3
170.2600,20.00,1.1466,-134674,4.2,0.3904,7.808,1293,-0.2833,3
170.2800,20.00,1.1546,-136287,3.7,0.3884,7.768,1291,-0.2876,3
170.3000,20.00,1.1116,-127692,3.3,0.4184,8.367,1292,-0.2245,3
170.3200,20.00,1.1494,-135246,2.9,0.4032,8.064,1278,-0.2564,3
170.3400,20.00,1.1263,-130627,2.4,0.4174,8.348,1285,-0.2266,3
170.3600,20.00,1.1434,-134035,5.9,0.4113,8.226,1278,-0.2394,3
170.3800,20.00,1.1249,-130353,5.4,0.4235,8.470,1281,-0.2136,3
170.4000,20.00,1.1665,-138666,4.9,0.4005,8.009,1275,-0.2622,3
170.4200,20.00,1.1709,-139536,4.4,0.3910,7.820,1286,-0.2821,3
170.4400,20.00,1.1766,-140677,3.9,0.3820,7.641,1291,-0.3010,3
170.4600,20.00,1.1776,-140886,3.5,0.3772,7.543,1295,-0.3112,3
170.4800,20.00,1.2003,-145429,3.0,0.3577,7.154,1297,-0.3522,3
170.5000,20.01,1.1458,-134517,2.6,0.3870,7.741,1306,-0.2905,3
170.5200,20.00,1.1344,-132247,2.1,0.4020,8.040,1292,-0.2589,3
170.5400,20.00,1.1586,-137092,1.7,0.3909,7.818,1285,-0.2824,3
170.5600,20.00,1.1025,-125874,1.3,0.4266,8.532,1291,-0.2071,3
170.5800,20.00,1.1325,-131865,4.7,0.4188,8.375,1274,-0.2237,3
170.6000,20.00,1.1438,-134115,4.2,0.4122,8.244,1278,-0.2375,3
170.6200,20.00,1.1747,-140295,3.7,0.3906,7.811,1281,-0.2830,3
170.6400,20.00,1.1271,-130792,3.2,0.4165,8.331,1291,-0.2284,3
170.6600,20.00,1.1951,-144381,2.8,0.3792,7.584,1279,-0.3070,3
170.6800,20.00,1.1801,-141376,2.3,0.3754,7.507,1296,-0.3150,3
170.7000,20.00,1.1791,-141180,1.8,0.3718,7.435,1298,-0.3226,3
170.7200,20.00,1.1416,-133680,1.4,0.3942,7.883,1299,-0.2755,3
170.7400,20.00,1.1711,-139586,1.0,0.3796,7.592,1289,-0.3061,3
170.7600,20.00,1.1358,-132529,0.5,0.4010,8.019,1296,-0.2611,3
170.7800,20.00,1.1596,-137293,0.1,0.3903,7.806,1286,-0.2836,3
170.8000,20.00,1.1158,-128525,3.5,0.4179,8.359,1291,-0.2254,3
170.8200,20.00,1.1576,-136881,3.0,0.3982,7.964,1278,-0.2670,3
170.8400,20.00,1.1040,-126168,2.6,0.4308,8.615,1287,-0.1984,3
170.8600,20.00,1.1496,-135278,2.1,0.4112,8.223,1272,-0.2396,3
170.8800,20.00,1.1095,-127270,1.6,0.4353,8.706,1281,-0.1889,3
170.9000,20.00,1.1592,-137197,1.1,0.4111,8.222,1270,-0.2398,3
170.9200,20.00,1.1307,-131499,0.7,0.4238,8.476,1281,-0.2131,3
170.9400,20.00,1.1925,-143867,0.3,0.3872,7.743,1275,-0.2902,3
170.9600,20.00,1.2086,-147084,12.0,0.3611,7.221,1292,-0.3451,3
170.9800,20.00,1.1610,-137571,11.5,0.3816,7.632,1304,-0.3018,3
171.0000,20.00,1.1837,-142100,11.0,0.3683,7.367,1295,-0.3298,3
171.0200,20.00,1.1221,-129778,2.4,0.4064,8.127,1301,-0.2498,3
171.0400,20.00,1.1029,-125953,1.9,0.4278,8.555,1283,-0.2047,3
171.0600,20.00,1.1333,-132021,1.4,0.4183,8.365,1273,-0.2247,3
171.0800,20.00,1.0938,-124131,0.9,0.4461,8.922,1278,-0.1661,3
171.1000,20.00,1.1812,-141595,0.5,0.4031,8.062,1265,-0.2567,3
171.1200,20.00,1.2006,-145490,8.3,0.3743,7.487,1285,-0.3172,3
171.1400,20.00,1.1691,-139182,11.8,0.3820,7.640,1298,-0.3010,3
171.1600,20.00,1.1911,-143575,11.3,0.3659,7.318,1295,-0.3350,3
171.1800,20.00,1.1096,-127290,10.8,0.4155,8.309,1302,-0.2306,3
171.2000,20.00,1.1564,-136635,10.3,0.3960,7.919,1279,-0.2717,3
171.2200,20.00,1.1252,-130408,9.8,0.4147,8.294,1288,-0.2322,3
171.2400,20.00,1.1669,-138735,1.2,0.3923,7.845,1280,-0.2794,3
171.2600,20.00,1.1387,-133104,0.7,0.4070,8.140,1290,-0.2484,3
171.2800,20.00,1.1906,-143474,0.2,0.3764,7.529,1283,-0.3127,3
171.3000,20.00,1.1661,-138578,8.1,0.3818,7.635,1297,-0.3016,3
171.3200,20.00,1.1603,-137420,7.6,0.3850,7.700,1295,-0.2947,3
171.3400,20.00,1.1378,-132930,7.1,0.4013,8.026,1293,-0.2604,3
171.3600,20.00,1.1699,-139336,10.6,0.3838,7.677,1286,-0.2972,3
171.3800,20.00,1.1512,-135601,10.1,0.3923,7.846,1294,-0.2793,3
171.4000,20.00,1.1230,-129964,9.6,0.4133,8.265,1290,-0.2352,3
171.4200,20.00,1.1246,-130290,9.1,0.4185,8.370,1280,-0.2243,3
171.4400,20.00,1.1270,-130756,8.7,0.4214,8.429,1278,-0.2180,3
171.4600,20.01,1.1239,-130149,0.0,0.4275,8.550,1276,-0.2052,3
171.4800,19.99,1.1329,-131940,7.8,0.4263,8.526,1274,-0.2078,3
171.5000,20.00,1.2082,-146996,7.4,0.3811,7.622,1274,-0.3029,3
171.5200,20.00,1.2001,-145389,6.9,0.3634,7.268,1295,-0.3402,3
171.5400,20.00,1.2776,-160882,6.5,0.3179,6.359,1303,-0.4359,3
171.5600,20.00,1.1908,-143512,6.0,0.3424,6.849,1324,-0.3844,3
171.5800,20.00,1.2092,-147204,9.5,0.3307,6.613,1313,-0.4091,3
171.6000,20.00,1.1146,-128292,9.0,0.3889,7.777,1319,-0.2866,3
171.6200,20.00,1.1068,-126717,8.5,0.4091,8.182,1292,-0.2440,3
171.6400,20.00,1.0790,-121174,8.0,0.4373,8.745,1282,-0.1847,3
171.6600,20.00,1.1235,-130060,7.5,0.4241,8.482,1269,-0.2124,3
171.6800,20.00,1.1231,-129977,7.1,0.4269,8.538,1275,-0.2065,3
171.7000,20.00,1.1616,-137682,6.7,0.4050,8.100,1274,-0.2526,3
171.7200,20.00,1.1603,-137430,6.1,0.3992,7.984,1284,-0.2648,3
171.7400,20.00,1.1707,-139508,5.7,0.3887,7.774,1287,-0.2870,3
171.7600,20.00,1.1413,-133624,5.3,0.4036,8.072,1292,-0.2556,3
171.7800,20.00,1.2079,-146947,4.8,0.3632,7.264,1285,-0.3406,3
171.8000,20.00,1.2013,-145625,8.3,0.3525,7.051,1304,-0.3631,3
171.8200,20.00,1.1646,-138288,7.8,0.3701,7.403,1308,-0.3260,3
171.8400,20.00,1.1248,-130331,7.3,0.4002,8.004,1300,-0.2627,3
171.8600,20.00,1.1919,-143745,6.8,0.3649,7.298,1286,-0.3370,3
171.8800,20.00,1.1519,-135746,6.4,0.3821,7.641,1303,-0.3009,3
171.9000,20.00,1.1638,-138124,5.9,0.3778,7.555,1295,-0.3100,3
171.9200,20.00,1.0891,-123187,5.5,0.4264,8.529,1297,-0.2075,3
171.9400,20.00,1.1327,-131906,5.0,0.4126,8.253,1274,-0.2366,3
171.9600,20.00,1.0972,-124799,4.6,0.4371,8.741,1281,-0.1851,3
171.9800,20.00,1.1715,-139666,4.1,0.4004,8.007,1269,-0.2624,3
172.0000,20.00,1.1392,-133207,3.7,0.4120,8.241,1286,-0.2378,3
172.0200,20.00,1.1943,-144225,7.1,0.3785,7.569,1281,-0.3085,3
172.0400,20.00,1.1427,-133903,6.7,0.3993,7.986,1296,-0.2646,3
172.0600,20.00,1.1773,-140824,6.1,0.3799,7.598,1287,-0.3055,3
172.0800,20.00,1.1595,-137254,5.7,0.3856,7.712,1296,-0.2934,3
172.1000,20.00,1.1441,-134180,5.2,0.3961,7.921,1293,-0.2714,3
172.1200,20.00,1.1574,-136847,4.7,0.3897,7.793,1288,-0.2849,3
172.1400,20.00,1.1284,-131040,4.3,0.4082,8.165,1291,-0.2458,3
172.1600,20.00,1.1354,-132452,3.8,0.4086,8.172,1283,-0.2451,3
172.1800,20.00,1.0965,-124666,3.4,0.4360,8.719,1282,-0.1874,3
172.2000,20.00,1.1588,-137130,3.0,0.4071,8.142,1270,-0.2482,3
172.2200,20.00,1.1169,-128738,2.5,0.4291,8.583,1283,-0.2018,3
172.2400,20.00,1.1816,-141688,5.9,0.3926,7.851,1273,-0.2788,3
172.2600,19.99,1.1113,-127624,5.5,0.4280,8.561,1290,-0.2041,3
172.2800,20.00,1.2236,-150078,5.0,0.3686,7.372,1273,-0.3293,3
172.3000,20.01,1.1314,-131651,4.5,0.4043,8.086,1301,-0.2541,3
172.3200,20.00,1.1833,-142025,4.0,0.3770,7.539,1284,-0.3117,3
172.3400,20.00,1.1248,-130327,3.6,0.4084,8.169,1297,-0.2454,3
172.3600,20.00,1.1775,-140859,3.1,0.3811,7.622,1282,-0.3029,3
172.3800,20.00,1.0790,-121169,2.7,0.4382,8.765,1295,-0.1827,3
172.4000,20.00,1.2061,-146580,2.2,0.3798,7.595,1269,-0.3057,3
172.4200,20.00,1.1139,-128147,1.8,0.4182,8.363,1296,-0.2249,3
172.4400,20.00,1.1761,-140592,1.3,0.3855,7.711,1278,-0.2936,3
172.4600,20.00,1.1136,-128081,4.8,0.4202,8.403,1293,-0.2207,3
172.4800,20.00,1.1478,-134928,4.3,0.4056,8.112,1277,-0.2513,3
172.5000,20.00,1.1027,-125908,3.8,0.4343,8.686,1284,-0.1909,3
172.5200,20.00,1.1917,-143704,3.3,0.3891,7.782,1270,-0.2862,3
172.5400,20.00,1.1128,-127932,2.9,0.4249,8.499,1292,-0.2107,3
172.5600,20.00,1.2053,-146413,2.4,0.3775,7.550,1275,-0.3105,3
172.5800,20.00,1.1783,-141014,1.9,0.3749,7.498,1297,-0.3160,3
172.6000,20.00,1.1635,-138060,1.5,0.3809,7.619,1298,-0.3033,3
172.6200,20.00,1.1789,-141149,1.0,0.3703,7.406,1295,-0.3257,3
172.6400,20.00,1.1603,-137425,0.6,0.3791,7.582,1300,-0.3072,3
172.6600,20.00,1.1462,-134609,0.1,0.3896,7.792,1296,-0.2851,3
172.6800,20.00,1.1243,-130219,3.6,0.4081,8.162,1291,-0.2461,3
172.7000,20.00,1.1241,-130191,3.1,0.4143,8.286,1283,-0.2331,3
172.7200,20.00,1.1305,-131467,2.7,0.4145,8.290,1280,-0.2327,3
172.7400,20.00,1.1334,-132041,2.1,0.4153,8.306,1280,-0.2309,3
172.7600,20.00,1.1249,-130340,1.7,0.4236,8.472,1279,-0.2135,3
172.7800,20.01,1.1809,-141535,1.2,0.3902,7.804,1275,-0.2838,3
172.8000,20.00,1.1411,-133592,0.8,0.4067,8.134,1291,-0.2491,3
172.8200,20.00,1.1983,-145022,0.4,0.3723,7.446,1283,-0.3215,3
172.8400,20.00,1.1798,-141317,12.1,0.3708,7.416,1299,-0.3246,3
172.8600,20.00,1.2043,-146212,11.6,0.3506,7.012,1300,-0.3672,3
172.8800,20.00,1.1503,-135414,11.1,0.3796,7.592,1309,-0.3061,3
172.9000,20.00,1.2257,-150509,2.5,0.3378,6.756,1296,-0.3941,3
172.9200,20.00,1.1334,-132048,2.0,0.3841,7.682,1315,-0.2967,3
172.9400,20.00,1.1439,-134135,1.5,0.3866,7.732,1294,-0.2914,3
172.9600,20.00,1.1177,-128896,1.0,0.4079,8.158,1293,-0.2465,3
172.9800,20.00,1.1743,-140225,0.5,0.3792,7.584,1283,-0.3069,3
173.0000,20.01,1.1310,-131564,0.1,0.4017,8.035,1296,-0.2595,3
173.0200,19.99,1.1484,-135049,11.9,0.3958,7.916,1286,-0.2720,3
173.0400,20.00,1.1473,-134815,11.4,0.3966,7.932,1288,-0.2703,3
173.0600,20.00,1.1529,-135937,10.9,0.3935,7.870,1288,-0.2768,3
173.0800,20.00,1.1795,-141261,10.4,0.3760,7.519,1289,-0.3137,3
173.1000,20.00,1.1481,-134990,10.0,0.3904,7.808,1298,-0.2833,3
173.1200,20.00,1.1317,-131698,1.3,0.4043,8.086,1291,-0.2541,3
173.1400,20.00,1.1208,-129528,0.8,0.4157,8.315,1284,-0.2300,3
173.1600,20.00,1.1075,-126862,0.3,0.4296,8.592,1279,-0.2008,3
173.1800,20.00,1.1004,-125444,8.1,0.4448,8.896,1273,-0.1689,3
173.2000,20.00,1.1798,-141321,7.7,0.4029,8.057,1266,-0.2572,3
173.2200,20.00,1.1139,-128151,7.2,0.4318,8.635,1285,-0.1963,3
173.2400,20.00,1.2067,-146696,10.7,0.3820,7.639,1272,-0.3012,3
173.2600,19.99,1.1320,-131764,10.2,0.4091,8.182,1295,-0.2440,3
173.2800,20.00,1.2228,-149914,9.7,0.3565,7.130,1282,-0.3548,3
173.3000,20.00,1.1407,-133499,9.2,0.3913,7.825,1307,-0.2816,3
173.3200,20.00,1.1798,-141318,8.8,0.3721,7.441,1290,-0.3220,3
173.3400,20.00,1.1227,-129896,0.1,0.4049,8.099,1299,-0.2528,3
173.3600,20.00,1.1059,-126541,7.9,0.4237,8.475,1284,-0.2132,3
173.3800,20.00,1.1976,-144878,7.4,0.3771,7.543,1275,-0.3113,3
173.4000,20.00,1.1513,-135630,7.0,0.3905,7.810,1297,-0.2832,3
173.4200,20.00,1.1738,-140121,6.5,0.3777,7.554,1291,-0.3101,3
173.4400,20.00,1.1279,-130935,6.1,0.4041,8.082,1297,-0.2545,3
173.4600,20.00,1.1310,-131573,9.5,0.4084,8.167,1285,-0.2455,3
173.4800,20.00,1.1474,-134851,9.0,0.4007,8.014,1282,-0.2617,3
173.5000,20.02,1.1644,-138244,8.6,0.3890,7.779,1286,-0.2864,3
173.5200,19.99,1.1297,-131306,8.1,0.4088,8.176,1292,-0.2446,3
173.5400,20.00,1.1611,-137589,7.6,0.3921,7.842,1282,-0.2798,3
173.5600,20.00,1.1890,-143169,7.1,0.3704,7.408,1290,-0.3255,3
173.5800,20.00,1.0972,-124811,6.7,0.4236,8.473,1300,-0.2134,3
173.6000,20.00,1.0645,-118265,6.3,0.4565,9.130,1275,-0.1442,3
173.6200,20.00,1.1488,-135133,5.8,0.4239,8.478,1260,-0.2128,3
173.6400,20.00,1.1451,-134381,5.4,0.4200,8.400,1275,-0.2210,3
173.6600,20.00,1.1461,-134581,4.9,0.4161,8.323,1277,-0.2292,3
173.6800,20.00,1.1403,-133417,8.4,0.4174,8.349,1279,-0.2264,3
173.7000,20.00,1.2195,-149252,7.9,0.3681,7.363,1278,-0.3302,3
173.7200,20.00,1.2987,-165104,7.4,0.3111,6.222,1301,-0.4503,3
173.7400,20.00,1.2022,-145802,6.9,0.3330,6.659,1328,-0.4043,3
173.7600,20.00,1.2180,-148959,6.5,0.3213,6.426,1317,-0.4288,3
173.7800,20.00,1.1889,-143147,6.0,0.3338,6.677,1323,-0.4025,3
173.8000,20.00,1.1974,-144848,5.5,0.3290,6.580,1317,-0.4126,3
173.8200,20.01,1.1974,-144836,5.1,0.3277,6.554,1319,-0.4154,3
173.8400,19.99,1.1646,-138276,4.7,0.3472,6.945,1320,-0.3742,3
173.8600,20.00,1.1612,-137603,4.2,0.3537,7.074,1311,-0.3606,3
173.8800,20.00,1.1703,-139413,3.7,0.3514,7.028,1308,-0.3655,3
173.9000,20.00,1.2001,-145387,7.2,0.3334,6.669,1309,-0.4033,3
173.9200,20.00,1.2156,-148476,6.7,0.3203,6.405,1317,-0.4310,3
173.9400,20.00,1.1869,-142747,6.2,0.3328,6.655,1323,-0.4047,3
173.9600,20.00,1.1765,-140656,5.8,0.3398,6.796,1317,-0.3899,3
173.9800,20.00,1.2417,-153702,5.3,0.3032,6.065,1314,-0.4669,3
174.0000,20.00,1.2726,-159882,4.8,0.2721,5.442,1331,-0.5325,3
174.0200,20.00,1.2539,-156141,4.4,0.2661,5.322,1346,-0.5451,3
174.0400,20.00,1.1803,-141420,4.0,0.3130,6.259,1349,-0.4464,3
174.0600,20.00,1.1867,-142693,3.5,0.3145,6.289,1327,-0.4433,3
174.0800,20.00,1.2492,-155199,3.0,0.2765,5.531,1326,-0.5231,3
174.1000,20.00,1.2321,-151770,2.6,0.2743,5.486,1344,-0.5278,3
174.1200,20.00,1.1767,-140703,6.0,0.3110,6.221,1345,-0.4504,3
174.1400,20.00,1.1523,-135816,5.5,0.3337,6.674,1328,-0.4027,3
174.1600,20.00,1.2230,-149955,5.1,0.2971,5.941,1317,-0.4799,3
174.1800,20.00,1.2281,-150989,4.6,0.2835,5.671,1334,-0.5084,3
174.2000,20.00,1.2022,-145801,4.1,0.2964,5.927,1340,-0.4813,3
174.2200,20.00,1.1765,-140666,3.7,0.3160,6.320,1334,-0.4400,3
174.2400,20.00,1.2547,-156295,3.2,0.2682,5.364,1325,-0.5407,3
174.2600,20.00,1.2692,-159199,2.7,0.2441,4.882,1348,-0.5914,3
174.2800,20.00,1.2261,-150578,2.3,0.2609,5.218,1359,-0.5560,3
174.3000,20.00,1.2506,-155471,1.9,0.2440,4.881,1351,-0.5915,3
174.3200,20.00,1.2684,-159029,1.4,0.2278,4.556,1359,-0.6257,3
174.3400,20.00,1.2976,-164884,4.8,0.2086,4.173,1366,-0.6660,3
174.3600,20.00,1.2571,-156783,4.4,0.2191,4.382,1375,-0.6440,3
174.3800,20.00,1.2467,-154694,3.9,0.2217,4.434,1370,-0.6385,3
174.4000,20.00,1.2535,-156053,3.4,0.2173,4.347,1369,-0.6477,3
174.4200,20.00,1.2314,-151638,2.9,0.2298,4.596,1371,-0.6214,3
174.4400,20.00,1.2253,-150427,2.5,0.2345,4.691,1365,-0.6115,3
174.4600,20.00,1.2360,-152554,2.0,0.2310,4.621,1363,-0.6189,3
174.4800,20.00,1.2441,-154170,1.6,0.2269,4.539,1365,-0.6275,3
174.5000,20.00,1.2133,-148023,1.1,0.2431,4.862,1367,-0.5935,3
174.5200,20.00,1.2049,-146332,0.7,0.2500,5.000,1359,-0.5789,3
174.5400,20.00,1.2093,-147223,0.2,0.2503,5.005,1356,-0.5784,3
174.5600,20.00,1.2063,-146624,3.7,0.2529,5.058,1356,-0.5729,3
174.5800,20.00,1.2349,-152334,3.2,0.2391,4.782,1355,-0.6019,3
174.6000,20.00,1.2410,-153553,2.7,0.2336,4.671,1361,-0.6136,3
