t_ms,F_mN,c_x1000,u_us,inferenza_us,eta_ms
0,167,299,1333,4195,6
20,148,407,1283,4191,6
40,153,435,1270,4191,6
60,278,491,1244,4190,6
80,346,495,1242,4190,6
100,700,535,1224,4190,6
120,1155,354,1308,4191,5
140,1421,273,1345,4191,5
160,1575,132,1411,4192,5
180,1698,93,1429,4192,5
200,1733,91,1430,4192,5
220,1639,89,1431,4192,5
240,1386,91,1430,4192,5
260,1259,96,1427,4191,4
280,1148,125,1414,4191,4
300,1084,161,1397,4191,4
320,997,186,1386,4191,4
340,951,198,1380,4191,4
360,941,209,1375,4191,4
380,962,208,1376,4191,3
400,1024,198,1380,4191,3
420,1050,195,1381,4191,3
440,1057,195,1381,4191,3
460,1075,193,1383,4191,3
480,1128,178,1389,4191,3
500,1109,182,1387,4191,3
520,1072,195,1382,4191,2
540,1109,186,1386,4191,2
560,1099,189,1384,4191,2
580,1074,197,1381,4191,2
600,1100,191,1384,4191,2
620,1100,190,1384,4191,2
640,1094,193,1383,4191,1
660,1116,188,1385,4191,1
680,1104,191,1383,4191,1
700,1086,198,1380,4191,1
720,1093,198,1380,4191,1
740,1113,193,1382,4191,1
760,1080,203,1378,4191,1
780,1098,199,1380,4191,10
800,1096,202,1378,4191,10
820,1088,204,1378,4191,10
840,1133,193,1382,4191,10
860,1127,193,1382,4191,10
880,1101,201,1379,4191,10
900,1131,194,1382,4191,10
920,1146,188,1385,4191,9
940,1117,197,1381,4191,9
960,1122,196,1381,4191,9
980,1134,193,1383,4191,9
1000,1112,200,1379,4191,9
1020,1118,199,1380,4191,9
1040,1107,205,1377,4191,9
1060,1102,206,1376,4191,8
1080,1121,202,1378,4191,8
1100,1114,205,1377,4191,8
1120,1130,200,1379,4191,8
1140,1135,198,1380,4191,8
1160,1139,196,1381,4191,8
1180,1139,196,1381,4191,7
1200,1135,197,1381,4191,7
1220,1143,194,1382,4191,7
1240,1147,192,1383,4191,7
1260,1138,195,1382,4191,7
1280,1120,203,1378,4191,7
1300,1106,210,1375,4191,7
1320,1117,207,1376,4191,6
1340,1103,212,1373,4191,6
1360,1128,205,1377,4191,6
1380,1136,201,1379,4191,6
1400,1151,196,1381,4191,6
1420,1129,202,1378,4191,6
1440,1141,199,1380,4191,6
1460,1111,210,1374,4191,5
1480,1128,205,1377,4191,5
1500,1125,205,1377,4191,5
1520,1138,201,1379,4191,5
1540,1124,206,1376,4191,5
1560,1153,197,1380,4191,5
1580,1128,204,1377,4191,4
1600,1143,200,1379,4191,4
1620,1120,208,1375,4191,4
1640,1128,206,1377,4191,4
1660,1127,206,1376,4191,4
1680,1141,202,1378,4191,4
1700,1149,199,1380,4191,4
1720,1144,199,1379,4191,3
1740,1140,201,1379,4191,3
1760,1160,195,1382,4191,3
1780,1148,197,1381,4191,3
1800,1140,200,1379,4191,3
1820,1126,206,1376,4191,3
1840,1130,205,1377,4191,2
1860,1124,208,1376,4191,2
1880,1118,211,1374,4191,2
1900,1144,203,1378,4191,2
1920,1161,196,1381,4191,2
1940,1168,193,1383,4191,2
1960,1178,188,1385,4191,2
1980,1155,193,1382,4191,1
2000,1145,198,1380,4191,1
2020,1128,205,1377,4191,1
2040,1103,217,1371,4191,1
2060,1097,221,1370,4191,1
2080,1112,215,1372,4191,1
2100,1116,215,1372,4191,0
2120,1134,209,1375,4191,10
2140,1156,202,1378,4191,10
2160,1172,195,1381,4191,10
2180,1185,189,1384,4191,10
2200,1185,187,1385,4191,10
2220,1176,187,1385,4191,10
2240,1158,192,1383,4191,10
2260,1136,201,1379,4191,9
2280,1123,208,1376,4191,9
2300,1083,225,1367,4191,9
2320,1095,223,1368,4191,9
2340,1091,226,1367,4191,9
2360,1098,225,1368,4191,9
2380,1130,214,1373,4191,8
2400,1137,211,1374,4191,8
2420,1158,205,1377,4191,8
2440,1175,198,1380,4191,8
2460,1163,198,1380,4191,8
2480,1156,200,1379,4191,8
2500,1191,191,1384,4191,8
2520,1182,189,1384,4191,7
2540,1160,195,1382,4191,7
2560,1157,195,1381,4191,7
2580,1127,207,1376,4191,7
2600,1135,206,1376,4191,7
2620,1110,217,1372,4191,7
2640,1157,203,1378,4191,6
2660,1145,203,1378,4191,6
2680,1145,204,1377,4191,6
2700,1147,204,1378,4191,6
2720,1151,202,1378,4191,6
2740,1153,201,1379,4191,6
2760,1135,207,1376,4191,6
2780,1185,194,1382,4191,5
2800,1142,203,1378,4191,5
2820,1162,198,1380,4191,5
2840,1162,196,1381,4191,5
2860,1150,200,1379,4191,5
2880,1151,200,1379,4191,5
2900,1126,210,1375,4191,4
2920,1120,214,1373,4191,4
2940,1107,220,1370,4191,4
2960,1135,210,1374,4191,4
2980,1142,208,1376,4191,4
3000,1161,202,1378,4191,4
3020,1186,193,1382,4191,4
3040,1190,189,1385,4191,3
3060,1198,185,1386,4191,3
3080,1174,188,1385,4191,3
3100,1185,185,1386,4191,3
3120,1165,189,1384,4191,3
3140,1145,197,1380,4191,3
3160,1126,206,1376,4191,3
3180,1135,205,1377,4191,2
3200,1120,211,1374,4191,2
3220,1112,216,1372,4191,2
3240,1153,204,1377,4191,2
3260,1151,202,1378,4191,2
3280,1167,197,1381,4191,2
3300,1161,196,1381,4191,1
3320,1177,192,1383,4191,1
3340,1149,199,1380,4191,1
3360,1123,210,1374,4191,1
3380,1139,206,1377,4191,1
3400,1109,218,1371,4191,1
3420,1127,212,1374,4191,1
3440,1157,203,1378,4191,10
3460,1146,204,1377,4191,10
3480,1151,203,1378,4191,10
3500,1179,195,1382,4191,10
3520,1152,200,1379,4191,10
3540,1151,201,1379,4191,10
3560,1152,200,1379,4191,10
3580,1154,199,1379,4191,9
3600,1125,211,1374,4191,9
3620,1132,209,1375,4191,9
3640,1110,219,1371,4191,9
3660,1120,216,1372,4191,9
3680,1149,207,1376,4191,9
3700,1135,210,1374,4191,8
3720,1167,201,1379,4191,8
3740,1136,209,1375,4191,8
3760,1173,199,1380,4191,8
3780,1164,198,1380,4191,8
3800,1155,200,1379,4191,8
3820,1163,198,1380,4191,8
3840,1140,205,1377,4191,7
3860,1134,209,1375,4191,7
3880,1111,218,1371,4191,7
3900,1138,210,1375,4191,7
3920,1120,216,1372,4191,7
3940,1134,212,1374,4191,7
3960,1151,207,1376,4191,6
3980,1155,204,1377,4191,6
4000,1174,198,1380,4191,6
4020,1153,203,1378,4191,6
4040,1158,201,1379,4191,6
4060,1133,210,1375,4191,6
4080,1133,211,1374,4191,6
4100,1126,214,1373,4191,5
4120,1141,209,1375,4191,5
4140,1111,221,1369,4191,5
4160,1143,212,1374,4191,5
4180,1151,207,1376,4191,5
4200,1155,205,1377,4191,5
4220,1164,202,1378,4191,4
4240,1163,201,1379,4191,4
4260,1181,195,1381,4191,4
4280,1147,204,1377,4191,4
4300,1153,203,1378,4191,4
4320,1159,201,1379,4191,4
4340,1118,216,1372,4191,3
4360,1158,205,1377,4191,3
4380,1139,208,1375,4191,3
4400,1164,202,1378,4191,3
4420,1153,203,1378,4191,3
4440,1186,194,1382,4191,3
4460,1153,201,1379,4191,3
4480,1148,204,1378,4191,2
4500,1137,208,1376,4191,2
4520,1117,217,1371,4191,2
4540,1128,214,1373,4191,2
4560,1114,220,1370,4191,2
4580,1131,215,1372,4191,2
4600,1117,220,1370,4191,1
4620,1161,208,1375,4191,1
4640,1160,205,1377,4191,1
4660,1160,204,1377,4191,1
4680,1181,197,1381,4191,1
4700,1167,198,1380,4191,1
4720,1164,199,1380,4191,1
4740,1158,201,1379,4191,10
4760,1141,207,1376,4191,10
4780,1126,213,1373,4191,10
4800,1144,208,1375,4191,10
4820,1106,223,1369,4191,10
4840,1155,209,1375,4191,10
4860,1120,218,1371,4191,10
4880,1180,202,1378,4191,9
4900,1126,215,1372,4191,9
4920,1173,203,1378,4191,9
4940,1169,199,1379,4191,9
4960,1156,203,1378,4191,9
4980,1169,199,1380,4191,9
5000,1140,208,1376,4191,8
5020,1169,200,1379,4191,8
5040,1129,212,1374,4191,8
5060,1134,212,1374,4191,8
5080,1160,204,1377,4191,8
5100,1159,202,1378,4191,8
5120,1150,205,1377,4191,8
5140,1180,197,1381,4191,7
5160,1165,198,1380,4191,7
5180,1162,199,1380,4191,7
5200,1150,203,1378,4191,7
5220,1133,210,1375,4191,7
5240,1115,218,1371,4191,7
5260,1138,211,1374,4191,6
5280,1124,216,1372,4191,6
5300,1145,210,1375,4191,6
5320,1149,208,1376,4191,6
5340,1151,207,1376,4191,6
5360,1169,202,1378,4191,6
5380,1139,210,1375,4191,6
5400,1149,208,1376,4191,5
5420,1158,204,1377,4191,5
5440,1160,203,1378,4191,5
5460,1159,203,1378,4191,5
5480,1158,202,1378,4191,5
5500,1177,196,1381,4191,5
5520,1165,198,1380,4191,4
5540,1182,193,1382,4191,4
5560,1142,204,1377,4191,4
5580,1153,202,1378,4191,4
5600,1128,211,1374,4191,4
5620,1134,210,1374,4191,4
5640,1136,210,1375,4191,4
5660,1138,210,1375,4191,3
5680,1157,205,1377,4191,3
5700,1167,200,1379,4191,3
5720,1164,200,1379,4191,3
5740,1163,199,1379,4191,3
5760,1149,203,1378,4191,3
5780,1151,204,1378,4191,2
5800,1138,208,1375,4191,2
5820,1142,208,1376,4191,2
5840,1147,206,1376,4191,2
5860,1143,208,1376,4191,2
5880,1166,201,1379,4191,2
5900,1160,201,1379,4191,2
5920,1161,200,1379,4191,1
5940,1168,198,1380,4191,1
5960,1165,197,1380,4191,1
5980,1141,206,1377,4191,1
6000,1144,206,1377,4191,1
6020,1148,204,1377,4191,1
6040,1126,213,1373,4191,0
6060,1151,206,1376,4191,10
6080,1147,206,1376,4191,10
6100,1140,209,1375,4191,10
6120,1155,204,1377,4191,10
6140,1135,210,1375,4191,10
6160,1145,208,1376,4191,10
6180,1124,215,1372,4191,9
6200,1163,205,1377,4191,9
6220,1131,212,1373,4191,9
6240,1143,209,1375,4191,9
6260,1165,203,1378,4191,9
6280,1158,203,1378,4191,9
6300,1171,199,1380,4191,9
6320,1157,201,1379,4191,8
6340,1169,198,1380,4191,8
6360,1140,207,1376,4191,8
6380,1158,203,1378,4191,8
6400,1126,212,1373,4191,8
6420,1142,208,1375,4191,8
6440,1139,209,1375,4191,7
6460,1164,202,1378,4191,7
6480,1151,204,1377,4191,7
6500,1178,197,1381,4191,7
6520,1146,204,1377,4191,7
6540,1151,204,1377,4191,7
6560,1145,206,1376,4191,7
6580,1152,204,1377,4191,6
6600,1149,205,1377,4191,6
6620,1160,201,1379,4191,6
6640,1125,213,1373,4191,6
6660,1139,209,1375,4191,6
6680,1147,207,1376,4191,6
6700,1134,211,1374,4191,5
6720,1170,202,1378,4191,5
6740,1141,208,1375,4191,5
6760,1139,210,1375,4191,5
6780,1175,200,1379,4191,5
6800,1142,207,1376,4191,5
6820,1145,207,1376,4191,5
6840,1182,197,1381,4191,4
6860,1147,204,1377,4191,4
6880,1171,198,1380,4191,4
6900,1126,212,1374,4191,4
6920,1144,208,1376,4191,4
6940,1147,206,1376,4191,4
6960,1154,204,1377,4191,3
6980,1128,213,1373,4191,3
7000,1156,206,1377,4191,3
7020,1160,202,1378,4191,3
7040,1158,202,1378,4191,3
7060,1175,197,1381,4191,3
7080,1147,204,1377,4191,3
7100,1154,203,1378,4191,2
7120,1142,206,1376,4191,2
7140,1134,210,1375,4191,2
7160,1103,224,1368,4191,2
7180,1112,222,1369,4191,2
7200,1183,202,1378,4191,2
7220,1154,205,1377,4191,1
7240,1183,197,1381,4191,1
7260,1144,206,1376,4191,1
7280,1168,200,1379,4191,1
7300,1132,210,1374,4191,1
7320,1136,210,1374,4191,1
7340,1130,213,1373,4191,1
7360,1132,213,1373,4191,10
7380,1133,213,1373,4191,10
7400,1119,219,1370,4191,10
7420,1162,207,1376,4191,10
7440,1146,209,1375,4191,10
7460,1123,218,1371,4191,10
7480,1167,206,1376,4191,10
7500,1210,191,1383,4191,9
7520,1182,192,1383,4191,9
7540,1133,210,1375,4191,9
7560,1151,205,1377,4191,9
7580,1114,218,1371,4191,9
7600,1110,223,1369,4191,9
7620,1056,247,1357,4191,8
7640,1042,257,1353,4191,8
7660,1135,227,1367,4191,8
7680,1175,210,1375,4191,8
7700,1160,210,1374,4191,8
7720,1048,256,1353,4191,8
7740,989,280,1342,4191,8
7760,1073,260,1352,4191,7
7780,1132,232,1364,4191,7
7800,1110,237,1362,4191,7
7820,1104,243,1359,4191,7
7840,1051,268,1348,4191,7
7860,1023,284,1340,4191,7
7880,1127,246,1358,4191,6
7900,1212,208,1375,4191,6
7920,1203,198,1380,4191,6
7940,1081,257,1353,4191,6
7960,1034,276,1344,4191,6
7980,1006,290,1338,4191,6
8000,965,318,1325,4191,6
8020,941,358,1306,4190,5
8040,938,377,1297,4190,5
8060,953,357,1306,4190,5
8080,1017,313,1327,4191,5
8100,1122,257,1353,4191,5
8120,1215,217,1371,4191,5
8140,1207,213,1373,4191,4
8160,1121,257,1353,4191,4
8180,1052,290,1337,4191,4
8200,1010,310,1328,4191,4
8220,983,329,1319,4191,4
8240,944,371,1300,4190,4
8260,909,439,1268,4190,4
8280,929,430,1273,4190,3
8300,1013,340,1314,4191,3
8320,1150,274,1345,4191,3
8340,1270,215,1372,4191,3
8360,1282,195,1382,4191,3
8380,1225,218,1371,4192,3
8400,1144,259,1352,4191,2
8420,1045,306,1330,4191,2
8440,971,343,1313,4191,2
8460,886,432,1271,4190,2
8480,877,502,1239,4190,2
8500,898,476,1251,4190,2
8520,1007,360,1305,4191,1
8540,1223,287,1339,4191,1
8560,1357,204,1377,4191,1
8580,1328,183,1387,4191,1
8600,1229,227,1367,4192,1
8620,1124,282,1341,4191,1
8640,1009,328,1320,4191,1
8660,948,364,1303,4191,10
8680,871,468,1255,4190,10
8700,825,576,1205,4190,10
8720,891,501,1240,4190,10
8740,1004,372,1299,4191,10
8760,1181,312,1327,4191,10
8780,1326,234,1363,4191,10
8800,1387,177,1390,4191,9
8820,1382,159,1398,4192,9
8840,1291,210,1375,4192,9
8860,1091,302,1332,4191,9
8880,908,365,1302,4191,9
8900,791,515,1233,4190,9
8920,722,623,1183,4190,8
8940,737,607,1190,4191,8
8960,886,491,1244,4191,8
8980,1139,336,1316,4191,8
9000,1387,265,1349,4191,8
9020,1447,181,1388,4191,8
9040,1512,128,1412,4192,8
9060,1413,158,1399,4192,7
9080,1173,278,1343,4192,7
9100,998,341,1314,4191,7
9120,767,489,1245,4191,7
9140,636,622,1184,4190,7
9160,642,651,1170,4190,7
9180,758,592,1197,4191,6
9200,1007,418,1278,4191,6
9220,1262,329,1319,4191,6
9240,1404,253,1355,4191,6
9260,1467,182,1388,4191,6
9280,1432,175,1391,4191,6
9300,1202,279,1342,4192,6
9320,1017,357,1307,4191,5
9340,796,498,1241,4191,5
9360,708,629,1180,4190,5
9380,707,650,1171,4191,5
9400,789,589,1199,4191,5
9420,1003,434,1270,4191,5
9440,1248,342,1313,4191,4
9460,1411,268,1348,4191,4
9480,1503,185,1386,4191,4
9500,1443,190,1384,4191,4
9520,1273,268,1347,4192,4
9540,988,363,1304,4191,4
9560,782,516,1232,4191,4
9580,684,644,1173,4191,3
9600,676,684,1155,4191,3
9620,758,617,1186,4191,3
9640,971,479,1250,4191,3
9660,1225,370,1301,4191,3
9680,1285,340,1314,4191,3
9700,1386,273,1345,4192,2
9720,1368,262,1351,4192,2
9740,1227,307,1330,4191,2
9760,1057,384,1294,4191,2
9780,847,529,1226,4191,2
9800,729,661,1165,4191,2
9820,766,668,1162,4191,2
9840,957,511,1235,4191,1
9860,1231,388,1292,4191,1
9880,1419,296,1335,4192,1
9900,1621,161,1397,4192,1
9920,1700,109,1422,4192,1
9940,1672,121,1416,4192,1
9960,1642,146,1404,4192,11
9980,1473,192,1383,4192,10
10000,1225,288,1338,4192,10
10020,1022,340,1314,4191,10
10040,1001,362,1304,4191,10
10060,1052,363,1304,4191,10
10080,1116,337,1316,4191,10
10100,1194,308,1329,4191,9
10120,1311,248,1357,4192,9
10140,1500,149,1403,4192,9
10160,1617,107,1422,4192,9
10180,1602,113,1420,4192,9
10200,1530,132,1411,4192,9
10220,1443,151,1402,4192,8
10240,1194,258,1352,4192,8
10260,1029,315,1326,4191,8
10280,1015,330,1319,4191,8
10300,991,354,1308,4191,8
10320,1007,362,1304,4191,8
10340,1027,358,1306,4191,8
10360,1039,359,1306,4191,7
10380,1139,312,1327,4191,7
10400,1178,289,1338,4191,7
10420,1183,287,1339,4191,7
10440,1172,292,1336,4191,7
10460,1137,310,1328,4191,7
10480,1136,314,1326,4191,6
10500,1119,320,1323,4191,6
10520,1069,347,1311,4191,6
10540,1029,372,1300,4191,6
10560,1048,366,1302,4191,6
10580,1080,349,1310,4191,6
10600,1118,331,1319,4191,6
10620,1113,334,1317,4191,5
10640,1151,318,1325,4191,5
10660,1131,324,1322,4191,5
10680,1114,333,1317,4191,5
10700,1066,360,1305,4191,5
10720,988,407,1283,4191,5
10740,915,476,1251,4191,4
10760,921,501,1240,4191,4
10780,1026,408,1283,4191,4
10800,1116,360,1305,4191,4
10820,1225,322,1323,4191,4
10840,1278,275,1344,4191,4
10860,1322,247,1358,4192,4
10880,1366,218,1371,4191,3
10900,1340,228,1366,4192,3
10920,1284,249,1356,4192,3
10940,1246,261,1351,4192,3
10960,1218,270,1347,4192,3
10980,1161,295,1335,4191,3
11000,1133,311,1328,4191,2
11020,1169,297,1334,4191,2
11040,1254,254,1354,4191,2
11060,1318,215,1372,4192,2
11080,1327,210,1374,4191,2
11100,1319,214,1373,4192,2
11120,1279,226,1367,4192,2
11140,1246,238,1362,4192,1
11160,1187,262,1351,4192,1
11180,1092,315,1326,4191,1
11200,1091,324,1322,4191,1
11220,1115,310,1328,4191,1
11240,1184,274,1345,4191,1
11260,1208,261,1351,4191,0
11280,1235,249,1357,4192,10
11300,1261,234,1364,4192,10
11320,1243,239,1361,4192,10
11340,1295,210,1375,4191,10
11360,1302,203,1378,4192,10
11380,1213,239,1361,4192,10
11400,1167,263,1350,4191,9
11420,1141,279,1343,4191,9
11440,1057,325,1321,4191,9
11460,1059,332,1318,4191,9
11480,1104,308,1329,4191,9
11500,1149,281,1342,4191,9
11520,1194,260,1351,4191,9
11540,1236,241,1360,4191,8
11560,1316,195,1381,4192,8
11580,1305,197,1381,4192,8
11600,1260,215,1372,4192,8
11620,1234,223,1369,4192,8
11640,1153,262,1350,4191,8
11660,1154,265,1349,4191,7
11680,1095,296,1335,4191,7
11700,1088,305,1331,4191,7
11720,1103,298,1334,4191,7
11740,1096,301,1332,4191,7
11760,1141,280,1342,4191,7
11780,1139,279,1342,4191,7
11800,1152,275,1344,4191,6
11820,1164,269,1347,4191,6
11840,1161,269,1347,4191,6
11860,1157,271,1346,4191,6
11880,1149,275,1344,4191,6
11900,1157,272,1346,4191,6
11920,1116,292,1337,4191,5
11940,1105,302,1332,4191,5
11960,1113,299,1333,4191,5
11980,1105,302,1332,4191,5
12000,1098,307,1329,4191,5
12020,1111,303,1332,4191,5
12040,1117,299,1333,4191,4
12060,1097,311,1328,4191,4
12080,1068,333,1318,4191,4
12100,1061,341,1314,4191,4
12120,1055,344,1312,4191,4
12140,1061,344,1313,4191,4
12160,1083,334,1317,4191,4
12180,1074,340,1314,4191,3
12200,1084,338,1315,4191,3
12220,1087,336,1316,4191,3
12240,1101,328,1320,4191,3
12260,1097,331,1318,4191,3
12280,1082,341,1314,4191,3
12300,1070,350,1310,4191,2
12320,1051,360,1305,4191,2
12340,1049,364,1303,4191,2
12360,1058,361,1305,4191,2
12380,1064,359,1305,4191,2
12400,1073,356,1307,4191,2
12420,1054,368,1301,4191,2
12440,1076,359,1305,4191,1
12460,1072,360,1305,4191,1
12480,1078,360,1305,4191,1
12500,1066,367,1302,4191,1
12520,1043,385,1293,4191,1
12540,1023,402,1285,4191,1
12560,1006,414,1280,4191,11
12580,1012,413,1280,4191,10
12600,1045,398,1287,4191,10
12620,1101,368,1301,4191,10
12640,1149,341,1314,4191,10
12660,1146,334,1317,4191,10
12680,1133,340,1314,4191,10
12700,1057,385,1293,4191,9
12720,1033,410,1282,4191,9
12740,1006,427,1274,4191,9
12760,968,449,1264,4191,9
12780,953,466,1256,4191,9
12800,988,451,1263,4191,9
12820,1004,443,1267,4191,8
12840,1091,399,1287,4191,8
12860,1123,377,1297,4191,8
12880,1196,353,1308,4191,8
12900,1185,343,1313,4191,8
12920,1158,348,1311,4191,8
12940,1109,371,1300,4191,8
12960,1037,420,1277,4191,7
12980,959,474,1252,4191,7
13000,927,511,1235,4191,7
13020,969,479,1250,4191,7
13040,1022,444,1266,4191,7
13060,1084,419,1277,4191,7
13080,1174,384,1294,4191,6
13100,1270,336,1316,4191,6
13120,1298,305,1331,4191,6
13140,1203,334,1317,4191,6
13160,1065,402,1285,4191,6
13180,946,486,1247,4191,6
13200,839,599,1194,4191,6
13220,801,645,1173,4191,5
13240,886,569,1208,4191,5
13260,1016,460,1258,4191,5
13280,1205,400,1286,4191,5
13300,1366,326,1321,4191,5
13320,1394,282,1341,4192,5
13340,1371,286,1339,4192,4
13360,1288,306,1330,4191,4
13380,1139,362,1304,4191,4
13400,1002,439,1269,4191,4
13420,916,514,1233,4191,4
13440,872,578,1204,4191,4
13460,962,505,1238,4191,3
13480,1140,427,1274,4191,3
13500,1274,364,1303,4191,3
13520,1447,271,1346,4192,3
13540,1524,208,1376,4192,3
13560,1489,213,1373,4192,3
13580,1417,267,1348,4192,3
13600,1239,307,1330,4191,2
13620,1057,374,1299,4191,2
13640,986,432,1272,4191,2
13660,967,460,1259,4191,2
13680,1079,419,1278,4191,2
13700,1208,365,1303,4191,2
13720,1346,287,1339,4192,1
13740,1415,241,1360,4192,1
13760,1425,230,1365,4192,1
13780,1404,242,1360,4192,1
13800,1328,269,1347,4192,1
13820,1243,289,1338,4192,1
13840,1196,305,1331,4191,1
13860,1162,319,1324,4191,10
13880,1167,320,1324,4191,10
13900,1174,319,1324,4191,10
13920,1213,305,1331,4191,10
13940,1247,288,1338,4191,10
13960,1279,269,1347,4192,10
13980,1278,265,1349,4192,10
14000,1276,266,1349,4192,9
14020,1237,281,1342,4192,9
14040,1240,279,1343,4192,9
14060,1225,284,1340,4192,9
14080,1218,286,1339,4192,9
14100,1211,288,1338,4192,9
14120,1211,287,1339,4192,8
14140,1222,282,1341,4192,8
14160,1265,258,1352,4192,8
14180,1249,263,1350,4192,8
14200,1250,261,1351,4192,8
14220,1251,259,1352,4192,8
14240,1237,262,1350,4192,7
14260,1224,266,1348,4192,7
14280,1212,271,1346,4192,7
14300,1210,271,1346,4192,7
14320,1225,264,1349,4192,7
14340,1241,255,1354,4192,7
14360,1253,248,1357,4192,7
14380,1245,248,1357,4192,6
14400,1223,256,1353,4192,6
14420,1197,267,1348,4192,6
14440,1203,264,1349,4192,6
14460,1203,263,1350,4192,6
14480,1197,265,1349,4192,6
14500,1181,271,1346,4191,5
14520,1183,271,1346,4191,5
14540,1184,271,1346,4191,5
14560,1181,271,1346,4191,5
14580,1181,271,1346,4191,5
14600,1216,256,1353,4192,5
14620,1187,265,1349,4191,5
14640,1188,265,1349,4192,4
14660,1190,264,1349,4191,4
14680,1183,266,1349,4191,4
14700,1135,289,1338,4191,4
14720,1117,303,1331,4191,4
14740,1106,312,1327,4191,4
14760,1090,321,1323,4191,3
14780,1089,324,1322,4191,3
14800,1092,324,1322,4191,3
14820,1110,315,1326,4191,3
14840,1166,287,1339,4191,3
14860,1152,290,1337,4191,3
14880,1128,304,1331,4191,2
14900,1122,311,1328,4191,2
14920,1084,332,1318,4191,2
14940,1057,350,1310,4191,2
14960,1065,348,1310,4191,2
14980,1059,352,1309,4191,2
15000,1098,335,1317,4191,2
15020,1132,315,1326,4191,1
15040,1148,305,1330,4191,1
15060,1152,303,1331,4191,1
15080,1149,305,1330,4191,1
15100,1137,312,1327,4191,1
15120,1125,318,1324,4191,1
15140,1103,330,1319,4191,11
15160,1097,334,1317,4191,10
15180,1094,336,1316,4191,10
15200,1057,358,1306,4191,10
15220,1063,360,1305,4191,10
15240,1044,370,1300,4191,10
15260,1058,367,1302,4191,10
15280,1095,347,1311,4191,9
15300,1101,344,1312,4191,9
15320,1143,324,1322,4191,9
15340,1186,304,1331,4191,9
15360,1177,304,1331,4191,9
15380,1150,315,1326,4191,9
15400,1127,327,1320,4191,8
15420,1066,358,1306,4191,8
15440,994,402,1286,4191,8
15460,996,416,1279,4191,8
15480,1032,396,1288,4191,8
15500,1082,370,1300,4191,8
15520,1141,339,1315,4191,8
15540,1190,316,1326,4191,7
15560,1203,307,1330,4191,7
15580,1186,309,1329,4191,7
15600,1129,331,1318,4191,7
15620,1125,336,1316,4191,7
15640,1098,348,1311,4191,7
15660,1041,385,1293,4191,6
15680,1028,404,1284,4191,6
15700,1027,407,1283,4191,6
15720,1030,407,1283,4191,6
15740,1091,376,1298,4191,6
15760,1149,346,1311,4191,6
15780,1196,323,1322,4191,6
15800,1202,315,1326,4191,5
15820,1183,317,1325,4191,5
15840,1185,316,1325,4191,5
15860,1140,332,1318,4191,5
15880,1093,357,1306,4191,5
15900,1057,383,1294,4191,5
15920,1102,362,1304,4191,4
15940,1089,366,1302,4191,4
15960,1056,394,1289,4191,4
15980,1080,386,1293,4191,4
16000,1105,368,1301,4191,4
16020,1171,339,1315,4191,4
16040,1176,331,1319,4191,3
16060,1169,331,1319,4191,3
16080,1170,329,1319,4191,3
16100,1150,336,1316,4191,3
16120,1096,363,1304,4191,3
16140,1071,384,1294,4191,3
16160,1056,400,1287,4191,3
16180,1064,398,1287,4191,2
16200,1105,375,1298,4191,2
16220,1144,356,1307,4191,2
16240,1170,342,1313,4191,2
16260,1164,340,1314,4191,2
16280,1187,329,1319,4191,2
16300,1185,326,1321,4191,1
16320,1145,341,1314,4191,1
16340,1106,362,1304,4191,1
16360,1082,380,1296,4191,1
16380,1094,378,1297,4191,1
16400,1073,391,1291,4191,1
16420,1083,390,1291,4191,0
16440,1108,377,1297,4191,10
16460,1144,360,1305,4191,10
16480,1201,336,1316,4191,10
16500,1166,342,1313,4191,10
16520,1188,333,1318,4191,10
16540,1174,334,1317,4191,10
16560,1111,363,1304,4191,9
16580,1084,385,1294,4191,9
16600,1041,416,1279,4191,9
16620,1026,433,1271,4191,9
16640,1073,409,1282,4191,9
16660,1061,411,1281,4191,9
16680,1097,396,1288,4191,9
16700,1138,377,1297,4191,8
16720,1161,366,1302,4191,8
16740,1169,358,1306,4191,8
16760,1163,356,1307,4191,8
16780,1143,362,1304,4191,8
16800,1058,410,1282,4191,8
16820,1024,445,1266,4191,7
16840,1014,454,1261,4191,7
16860,1016,454,1261,4191,7
16880,1044,444,1266,4191,7
16900,1076,427,1274,4191,7
16920,1106,410,1282,4191,7
16940,1149,391,1291,4191,6
16960,1196,373,1299,4191,6
16980,1188,369,1301,4191,6
17000,1194,361,1305,4191,6
17020,1130,380,1296,4191,6
17040,1055,428,1273,4191,6
17060,1051,444,1266,4191,6
17080,1048,445,1266,4191,5
17100,1076,432,1272,4191,5
17120,1097,420,1277,4191,5
17140,1081,429,1273,4191,5
17160,1162,398,1287,4191,5
17180,1173,386,1293,4191,5
17200,1156,386,1293,4191,4
17220,1151,387,1293,4191,4
17240,1103,407,1283,4191,4
17260,1082,426,1275,4191,4
17280,1084,430,1272,4191,4
17300,1103,423,1276,4191,4
17320,1100,422,1276,4191,3
17340,1141,407,1283,4191,3
17360,1142,402,1285,4191,3
17380,1132,405,1284,4191,3
17400,1119,411,1281,4191,3
17420,1140,404,1284,4191,3
17440,1122,410,1282,4191,3
17460,1106,420,1277,4191,2
17480,1094,431,1272,4191,2
17500,1043,464,1257,4191,2
17520,1068,459,1259,4191,2
17540,1086,448,1264,4191,2
17560,1194,407,1283,4191,2
17580,1221,387,1292,4191,1
17600,1235,376,1298,4191,1
17620,1266,351,1309,4191,1
17640,1246,348,1311,4191,1
17660,1194,366,1302,4191,1
17680,1147,386,1293,4191,1
17700,1059,433,1271,4191,1
17720,1021,472,1253,4191,10
17740,1022,479,1250,4191,10
17760,1047,465,1256,4191,10
17780,1128,434,1271,4191,10
17800,1179,408,1283,4191,10
17820,1246,378,1296,4191,10
17840,1305,336,1316,4191,9
17860,1332,308,1329,4191,9
17880,1282,320,1324,4191,9
17900,1222,337,1315,4191,9
17920,1121,388,1292,4191,9
17940,1033,446,1265,4191,9
17960,934,508,1236,4191,9
17980,917,539,1222,4191,8
18000,1022,478,1250,4191,8
18020,1079,448,1264,4191,8
18040,1182,416,1279,4191,8
18060,1308,354,1308,4191,8
18080,1370,300,1333,4191,8
18100,1391,282,1341,4192,7
18120,1364,290,1337,4192,7
18140,1153,358,1306,4191,7
18160,1019,439,1269,4191,7
18180,931,508,1236,4191,7
18200,912,541,1221,4191,7
18220,987,492,1244,4191,7
18240,1054,456,1260,4191,6
18260,1152,428,1274,4191,6
18280,1304,359,1305,4191,6
18300,1403,286,1339,4192,6
18320,1404,275,1344,4192,6
18340,1283,318,1325,4191,6
18360,1187,348,1310,4191,5
18380,1026,430,1273,4191,5
18400,955,498,1241,4191,5
18420,912,539,1222,4191,5
18440,954,514,1234,4191,5
18460,1062,457,1260,4191,5
18480,1172,421,1277,4191,4
18500,1281,369,1301,4191,4
18520,1372,303,1332,4191,4
18540,1386,284,1340,4192,4
18560,1334,303,1332,4191,4
18580,1191,345,1312,4191,4
18600,1051,418,1278,4191,4
18620,988,474,1252,4191,3
18640,929,513,1234,4191,3
18660,982,498,1241,4191,3
18680,1087,450,1263,4191,3
18700,1173,415,1279,4191,3
18720,1250,381,1295,4191,3
18740,1290,348,1311,4191,2
18760,1262,347,1311,4191,2
18780,1235,351,1309,4191,2
18800,1138,387,1292,4191,2
18820,1054,440,1268,4191,2
18840,1054,456,1261,4191,2
18860,1052,457,1260,4191,1
18880,1074,449,1264,4191,1
18900,1096,441,1268,4191,1
18920,1173,411,1281,4191,1
18940,1202,393,1289,4191,1
18960,1179,393,1289,4191,1
18980,1122,411,1281,4191,1
19000,1125,416,1279,4191,10
19020,1104,428,1273,4191,10
19040,1108,431,1272,4191,10
19060,1129,423,1276,4191,10
19080,1136,418,1278,4191,10
19100,1119,424,1275,4191,10
19120,1143,417,1279,4191,10
19140,1154,411,1281,4191,9
19160,1161,407,1283,4191,9
19180,1157,407,1283,4191,9
19200,1096,433,1271,4191,9
19220,1133,425,1275,4191,9
19240,1131,423,1276,4191,9
19260,1112,431,1272,4191,8
19280,1160,416,1279,4191,8
19300,1149,414,1280,4191,8
19320,1175,405,1284,4191,8
19340,1156,408,1283,4191,8
19360,1160,407,1283,4191,8
19380,1164,404,1285,4191,7
19400,1155,406,1284,4191,7
19420,1174,399,1287,4191,7
19440,1153,404,1284,4191,7
19460,1137,412,1281,4191,7
19480,1128,419,1278,4191,7
19500,1099,435,1270,4191,7
19520,1117,433,1271,4191,6
19540,1105,439,1268,4191,6
19560,1111,439,1268,4191,6
19580,1150,424,1275,4191,6
19600,1197,402,1285,4191,6
19620,1206,393,1290,4191,6
19640,1185,395,1289,4191,5
19660,1213,385,1293,4191,5
19680,1162,395,1289,4191,5
19700,1166,396,1288,4191,5
19720,1147,404,1285,4191,5
19740,1079,440,1268,4191,5
19760,1066,462,1258,4191,5
19780,1105,449,1264,4191,4
19800,1136,430,1272,4191,4
19820,1164,416,1279,4191,4
19840,1177,407,1283,4191,4
19860,1200,396,1288,4191,4
19880,1245,376,1298,4191,4
19900,1201,383,1294,4191,3
19920,1160,394,1289,4191,3
19940,1156,398,1287,4191,3
19960,1150,402,1285,4191,3
19980,1154,402,1286,4191,3
20000,1109,421,1276,4191,3
20020,1102,433,1271,4191,2
20040,1121,430,1273,4191,2
20060,1138,421,1277,4191,2
20080,1143,418,1278,4191,2
20100,1171,407,1283,4191,2
20120,1185,398,1287,4191,2
20140,1144,409,1282,4191,2
20160,1148,410,1282,4191,1
20180,1163,404,1285,4191,1
20200,1171,399,1287,4191,1
20220,1181,395,1289,4191,1
20240,1173,395,1289,4191,1
20260,1138,407,1283,4191,1
20280,1135,412,1281,4191,11
20300,1055,458,1260,4191,10
20320,1076,462,1258,4191,10
20340,1108,447,1264,4191,10
20360,1150,426,1274,4191,10
20380,1132,425,1275,4191,10
20400,1156,418,1278,4191,10
20420,1210,396,1288,4191,9
20440,1243,378,1297,4191,9
20460,1213,382,1295,4191,9
20480,1187,386,1293,4191,9
20500,1104,419,1278,4191,9
20520,1097,435,1270,4191,9
20540,1059,460,1258,4191,8
20560,1064,466,1256,4191,8
20580,1079,459,1259,4191,8
20600,1104,449,1264,4191,8
20620,1193,414,1280,4191,8
20640,1230,391,1290,4191,8
20660,1200,393,1289,4191,8
20680,1249,375,1298,4191,7
20700,1239,370,1300,4191,7
20720,1212,376,1297,4191,7
20740,1146,395,1289,4191,7
20760,1077,436,1270,4191,7
20780,1049,468,1255,4191,7
20800,1089,455,1261,4191,6
20820,1078,454,1261,4191,6
20840,1102,447,1265,4191,6
20860,1176,419,1278,4191,6
20880,1242,387,1293,4191,6
20900,1290,355,1307,4191,6
20920,1277,347,1311,4191,6
20940,1248,351,1309,4191,5
20960,1236,351,1309,4191,5
20980,1161,382,1295,4191,5
21000,1159,388,1292,4191,5
21020,1158,390,1291,4191,5
21040,1164,387,1292,4191,5
21060,1162,388,1292,4191,4
21080,1172,385,1293,4191,4
21100,1200,377,1297,4191,4
21120,1223,366,1302,4191,4
21140,1248,345,1312,4191,4
21160,1227,349,1310,4191,4
21180,1207,354,1308,4191,3
21200,1232,340,1314,4191,3
21220,1229,337,1315,4191,3
21240,1217,341,1314,4191,3
21260,1176,356,1307,4191,3
21280,1179,359,1305,4191,3
21300,1177,360,1305,4191,3
21320,1170,364,1303,4191,2
21340,1173,363,1304,4191,2
21360,1204,351,1309,4191,2
21380,1235,332,1318,4191,2
21400,1247,322,1323,4191,2
21420,1227,327,1320,4191,2
21440,1220,326,1321,4191,1
21460,1211,328,1320,4191,1
21480,1212,327,1320,4191,1
21500,1225,321,1323,4191,1
21520,1218,322,1323,4191,1
21540,1185,334,1317,4191,1
21560,1191,332,1318,4191,0
21580,1191,332,1318,4191,10
21600,1207,325,1321,4191,10
21620,1242,309,1328,4191,10
21640,1208,319,1324,4191,10
21660,1232,311,1328,4191,10
21680,1248,301,1332,4191,10
21700,1267,290,1337,4191,9
21720,1267,287,1339,4192,9
21740,1196,312,1327,4191,9
21760,1151,333,1318,4191,9
21780,1149,337,1316,4191,9
21800,1149,337,1315,4191,9
21820,1150,339,1315,4191,9
21840,1165,333,1318,4191,8
21860,1196,321,1323,4191,8
21880,1237,303,1331,4191,8
21900,1246,296,1335,4191,8
21920,1251,291,1337,4191,8
21940,1273,277,1344,4192,8
21960,1266,277,1343,4192,7
21980,1216,296,1335,4192,7
22000,1203,302,1332,4191,7
22020,1204,301,1332,4191,7
22040,1204,301,1332,4191,7
22060,1225,293,1336,4191,7
22080,1196,301,1332,4191,6
22100,1173,310,1328,4191,6
22120,1208,299,1333,4191,6
22140,1193,302,1332,4191,6
22160,1207,297,1334,4191,6
22180,1224,288,1338,4191,6
22200,1198,297,1334,4192,6
22220,1224,285,1340,4192,5
22240,1238,276,1344,4191,5
22260,1245,269,1347,4192,5
22280,1250,265,1349,4192,5
22300,1259,258,1352,4192,5
22320,1225,270,1347,4192,5
22340,1188,287,1339,4192,4
22360,1168,297,1334,4192,4
22380,1198,285,1340,4191,4
22400,1190,286,1339,4192,4
22420,1219,273,1346,4191,4
22440,1211,274,1345,4192,4
22460,1231,264,1350,4192,4
22480,1206,272,1346,4192,3
22500,1217,267,1348,4192,3
22520,1195,275,1344,4192,3
22540,1186,279,1343,4192,3
22560,1217,266,1349,4192,3
22580,1170,284,1340,4192,3
22600,1130,306,1330,4191,2
22620,1126,313,1327,4191,2
22640,1083,333,1317,4191,2
22660,1087,336,1316,4191,2
22680,1071,344,1313,4191,2
22700,1118,325,1321,4191,2
22720,1150,308,1329,4191,1
22740,1115,323,1322,4191,1
22760,1137,317,1325,4191,1
22780,1132,318,1324,4191,1
22800,1087,341,1314,4191,1
22820,1065,358,1306,4191,1
22840,1013,386,1293,4191,1
22860,1002,404,1285,4191,10
22880,1006,406,1284,4191,10
22900,1051,384,1294,4191,10
22920,1097,358,1306,4191,10
22940,1143,331,1318,4191,10
22960,1151,324,1321,4191,10
22980,1186,311,1328,4191,10
23000,1140,326,1321,4191,9
23020,1108,344,1312,4191,9
23040,1037,384,1294,4191,9
23060,969,431,1272,4191,9
23080,953,453,1262,4191,9
23100,977,441,1267,4191,9
23120,1051,401,1286,4191,8
23140,1111,370,1300,4191,8
23160,1183,340,1314,4191,8
23180,1233,310,1328,4191,8
23200,1239,302,1332,4191,8
23220,1199,310,1328,4191,8
23240,1122,342,1313,4191,7
23260,1055,381,1295,4191,7
23280,999,421,1277,4191,7
23300,970,446,1265,4191,7
23320,979,449,1264,4191,7
23340,1022,428,1273,4191,7
23360,1079,396,1288,4191,7
23380,1076,397,1288,4191,6
23400,1124,374,1299,4191,6
23420,1141,363,1304,4191,6
23440,1146,358,1306,4191,6
23460,1137,359,1305,4191,6
23480,1083,390,1291,4191,6
23500,1067,408,1283,4191,5
23520,1064,411,1281,4191,5
23540,1122,382,1295,4191,5
23560,1189,354,1308,4191,5
23580,1250,318,1324,4191,5
23600,1273,300,1333,4191,5
23620,1333,267,1348,4192,4
23640,1380,237,1362,4191,4
23660,1374,236,1363,4192,4
23680,1338,250,1356,4192,4
23700,1321,253,1354,4192,4
23720,1348,230,1365,4192,4
23740,1334,230,1365,4192,4
23760,1272,255,1354,4192,3
23780,1249,264,1349,4192,3
23800,1259,258,1352,4192,3
23820,1236,264,1349,4192,3
23840,1219,271,1346,4192,3
23860,1202,279,1343,4192,3
23880,1177,291,1337,4191,2
23900,1175,293,1336,4191,2
23920,1167,298,1334,4191,2
23940,1173,296,1335,4191,2
23960,1178,294,1336,4191,2
23980,1179,293,1336,4191,2
24000,1241,263,1350,4191,1
24020,1284,239,1361,4191,1
24040,1318,217,1372,4192,1
24060,1314,218,1371,4192,1
24080,1356,194,1382,4192,1
24100,1386,166,1395,4192,1
24120,1343,182,1388,4192,1
24140,1271,220,1370,4192,10
24160,1211,242,1360,4192,10
24180,1152,270,1347,4191,10
24200,1052,324,1322,4191,10
24220,966,357,1306,4191,10
24240,917,397,1288,4191,10
24260,915,438,1269,4191,10
24280,897,484,1248,4190,9
24300,860,536,1223,4190,9
24320,900,501,1240,4190,9
24340,1023,386,1293,4191,9
24360,1122,344,1312,4191,9
24380,1193,318,1325,4191,9
24400,1280,263,1350,4191,8
24420,1199,292,1336,4191,8
24440,1063,362,1304,4191,8
24460,937,436,1270,4191,8
24480,810,577,1204,4191,8
24500,704,652,1169,4190,8
24520,691,649,1171,4191,7
24540,804,583,1201,4191,7
24560,1048,409,1282,4191,7
24580,1240,346,1312,4191,7
24600,1359,292,1337,4192,7
24620,1438,229,1366,4192,7
24640,1336,257,1353,4192,7
24660,1173,317,1325,4191,6
24680,1078,364,1303,4191,6
24700,973,427,1274,4191,6
24720,966,454,1262,4191,6
24740,1067,403,1285,4191,6
24760,1152,363,1304,4191,6
24780,1276,303,1331,4191,5
24800,1378,241,1360,4192,5
24820,1438,200,1379,4191,5
24840,1449,186,1386,4192,5
24860,1417,208,1376,4192,5
24880,1347,237,1362,4192,5
24900,1248,263,1350,4192,4
24920,1229,266,1348,4192,4
24940,1230,265,1349,4192,4
24960,1283,238,1361,4192,4
24980,1315,217,1371,4192,4
25000,1417,161,1397,4192,4
25020,1485,129,1412,4192,4
25040,1393,158,1399,4192,3
25060,1234,244,1359,4192,3
25080,1173,267,1348,4191,3
25100,1126,290,1338,4191,3
25120,1066,324,1322,4191,3
25140,1046,339,1315,4191,3
25160,1077,329,1319,4191,2
25180,1098,319,1324,4191,2
25200,1130,303,1331,4191,2
25220,1137,300,1333,4191,2
25240,1088,329,1319,4191,2
25260,1031,363,1304,4191,2
25280,927,422,1276,4191,1
25300,863,525,1228,4190,1
25320,868,550,1217,4190,1
25340,937,464,1257,4190,1
25360,1021,384,1294,4191,1
25380,1178,336,1316,4191,1
25400,1222,308,1329,4191,1
25420,1227,295,1335,4191,10
25440,1200,300,1333,4191,10
25460,1071,360,1305,4191,10
25480,881,485,1247,4191,10
25500,801,610,1189,4191,10
25520,844,583,1201,4191,10
25540,885,515,1233,4191,10
25560,984,438,1269,4191,9
25580,1115,379,1296,4191,9
25600,1269,331,1318,4191,9
25620,1306,286,1339,4191,9
25640,1295,280,1342,4191,9
25660,1199,311,1328,4191,9
25680,1059,377,1297,4191,8
25700,951,455,1261,4191,8
25720,842,574,1205,4191,8
25740,833,607,1190,4191,8
25760,924,511,1235,4191,8
25780,1023,428,1273,4191,8
25800,1141,388,1292,4191,7
25820,1251,353,1308,4191,7
25840,1292,309,1329,4191,7
25860,1262,311,1328,4191,7
25880,1192,329,1319,4191,7
25900,1095,377,1297,4191,7
25920,988,445,1266,4191,7
25940,948,487,1246,4191,6
25960,912,524,1229,4191,6
25980,976,479,1250,4191,6
26000,1068,431,1272,4191,6
26020,1147,400,1286,4191,6
26040,1246,361,1305,4191,6
26060,1300,314,1326,4191,5
26080,1234,331,1318,4191,5
26100,1165,353,1308,4191,5
26120,1088,395,1289,4191,5
26140,1024,441,1267,4191,5
26160,977,476,1251,4191,5
26180,965,487,1246,4191,4
26200,1002,472,1253,4191,4
26220,1057,446,1265,4191,4
26240,1140,413,1280,4191,4
26260,1233,377,1297,4191,4
26280,1250,358,1306,4191,4
26300,1233,352,1308,4191,4
26320,1221,348,1311,4191,3
26340,1120,383,1294,4191,3
26360,1043,438,1269,4191,3
26380,1017,464,1257,4191,3
26400,974,486,1246,4191,3
26420,986,489,1245,4191,3
26440,1035,467,1256,4191,2
26460,1106,438,1269,4191,2
26480,1196,401,1286,4191,2
26500,1260,368,1301,4191,2
26520,1256,357,1306,4191,2
26540,1216,363,1304,4191,2
26560,1126,391,1291,4191,1
26580,1077,425,1275,4191,1
26600,1098,425,1275,4191,1
26620,1028,462,1258,4191,1
26640,1063,457,1260,4191,1
26660,1091,442,1267,4191,1
26680,1116,428,1274,4191,1
26700,1112,426,1274,4191,10
26720,1133,419,1278,4191,10
26740,1157,409,1282,4191,10
26760,1129,414,1280,4191,10
26780,1141,412,1281,4191,10
26800,1142,411,1281,4191,10
26820,1115,421,1276,4191,10
26840,1135,417,1279,4191,9
26860,1088,439,1268,4191,9
26880,1079,454,1261,4191,9
26900,1100,447,1265,4191,9
26920,1157,422,1276,4191,9
26940,1145,419,1278,4191,9
26960,1162,412,1281,4191,8
26980,1204,394,1289,4191,8
27000,1153,405,1284,4191,8
27020,1178,398,1287,4191,8
27040,1110,422,1276,4191,8
27060,1142,416,1279,4191,8
27080,1104,431,1272,4191,7
27100,1156,416,1279,4191,7
27120,1150,413,1280,4191,7
27140,1140,416,1279,4191,7
27160,1110,430,1272,4191,7
27180,1135,425,1275,4191,7
27200,1101,438,1269,4191,6
27220,1166,418,1278,4191,6
27240,1141,419,1278,4191,6
27260,1159,414,1280,4191,6
27280,1118,427,1274,4191,6
27300,1088,450,1263,4191,6
27320,1155,426,1274,4191,6
27340,1146,422,1276,4191,5
27360,1174,411,1281,4191,5
27380,1179,405,1284,4191,5
27400,1178,403,1285,4191,5
27420,1150,411,1281,4191,5
27440,1125,423,1276,4191,5
27460,1110,435,1270,4191,4
27480,1102,445,1266,4191,4
27500,1089,454,1261,4191,4
27520,1118,444,1266,4191,4
27540,1175,419,1277,4191,4
27560,1167,414,1280,4191,4
27580,1161,415,1280,4191,4
27600,1131,425,1275,4191,3
27620,1145,424,1275,4191,3
27640,1133,428,1273,4191,3
27660,1116,438,1269,4191,3
27680,1109,446,1265,4191,3
27700,1162,426,1274,4191,3
27720,1139,427,1274,4191,2
27740,1150,424,1275,4191,2
27760,1165,418,1278,4191,2
27780,1173,413,1280,4191,2
27800,1163,415,1280,4191,2
27820,1136,424,1275,4191,2
27840,1154,421,1277,4191,1
27860,1104,442,1267,4191,1
27880,1164,423,1276,4191,1
27900,1125,432,1272,4191,1
27920,1179,415,1279,4191,1
27940,1141,423,1276,4191,1
27960,1131,429,1273,4191,1
27980,1113,442,1267,4191,10
28000,1111,448,1264,4191,10
28020,1083,461,1258,4191,10
28040,1108,455,1261,4191,10
28060,1119,449,1264,4191,10
28080,1114,450,1263,4191,10
28100,1167,431,1272,4191,10
28120,1152,429,1273,4191,9
28140,1230,400,1286,4191,9
28160,1152,418,1278,4191,9
28180,1191,409,1282,4191,9
28200,1161,416,1279,4191,9
28220,1113,439,1268,4191,9
28240,1115,448,1264,4191,8
28260,1141,438,1269,4191,8
28280,1139,434,1271,4191,8
28300,1138,434,1271,4191,8
28320,1132,436,1270,4191,8
28340,1138,435,1270,4191,8
28360,1156,429,1273,4191,7
28380,1143,431,1272,4191,7
28400,1116,444,1266,4191,7
28420,1094,461,1258,4191,7
28440,1126,451,1263,4191,7
28460,1147,439,1268,4191,7
28480,1174,426,1274,4191,7
28500,1167,424,1275,4191,6
28520,1181,417,1278,4191,6
28540,1152,425,1275,4191,6
28560,1172,421,1277,4191,6
28580,1134,433,1271,4191,6
28600,1110,450,1263,4191,6
28620,1169,429,1273,4191,5
28640,1186,416,1279,4191,5
28660,1196,408,1283,4191,5
28680,1134,427,1274,4191,5
28700,1099,454,1261,4191,5
28720,1152,437,1269,4191,5
28740,1178,422,1276,4191,4
28760,1168,420,1277,4191,4
28780,1180,415,1280,4191,4
28800,1184,411,1281,4191,4
28820,1193,405,1284,4191,4
28840,1212,396,1288,4191,4
28860,1213,393,1290,4191,4
28880,1193,397,1288,4191,3
28900,1159,408,1283,4191,3
28920,1154,413,1280,4191,3
28940,1161,412,1281,4191,3
28960,1152,416,1279,4191,3
28980,1130,426,1274,4191,3
29000,1119,436,1270,4191,2
29020,1148,426,1274,4191,2
29040,1169,416,1279,4191,2
29060,1166,414,1280,4191,2
29080,1169,412,1281,4191,2
29100,1158,415,1279,4191,2
29120,1151,418,1278,4191,1
29140,1114,435,1270,4191,1
29160,1114,443,1267,4191,1
29180,1105,449,1264,4191,1
29200,1131,439,1268,4191,1
29220,1159,426,1274,4191,1
29240,1159,421,1277,4191,1
29260,1171,416,1279,4191,10
29280,1187,408,1283,4191,10
29300,1172,410,1282,4191,10
29320,1142,420,1277,4191,10
29340,1147,422,1276,4191,10
29360,1155,420,1277,4191,10
29380,1121,433,1271,4191,10
29400,1113,442,1267,4191,9
29420,1121,442,1267,4191,9
29440,1128,439,1269,4191,9
29460,1126,438,1269,4191,9
29480,1128,438,1269,4191,9
29500,1147,431,1272,4191,9
29520,1162,424,1275,4191,8
29540,1171,418,1278,4191,8
29560,1197,406,1284,4191,8
29580,1185,406,1284,4191,8
29600,1175,409,1282,4191,8
29620,1167,411,1281,4191,8
29640,1190,403,1285,4191,7
29660,1134,420,1277,4191,7
29680,1108,440,1268,4191,7
29700,1124,440,1268,4191,7
29720,1186,414,1280,4191,7
29740,1227,392,1290,4191,7
29760,1258,372,1299,4191,7
29780,1249,370,1300,4191,6
29800,1305,333,1318,4191,6
29820,1350,300,1333,4191,6
29840,1300,316,1325,4191,6
29860,1292,316,1325,4191,6
29880,1282,312,1327,4191,6
29900,1278,310,1328,4191,5
29920,1236,324,1322,4191,5
29940,1203,339,1315,4191,5
29960,1186,349,1310,4191,5
29980,1198,346,1312,4191,5
30000,1208,341,1314,4191,5
30020,1232,330,1319,4191,4
30040,1268,310,1328,4191,4
30060,1290,297,1334,4192,4
30080,1340,280,1342,4192,4
30100,1331,276,1344,4192,4
30120,1285,289,1338,4192,4
30140,1258,298,1334,4192,4
30160,1249,298,1334,4191,3
30180,1228,305,1330,4191,3
30200,1224,307,1330,4191,3
30220,1250,295,1335,4192,3
30240,1254,291,1337,4192,3
30260,1255,289,1338,4192,3
30280,1244,293,1336,4192,2
30300,1268,281,1342,4192,2
30320,1267,278,1343,4192,2
30340,1256,282,1341,4192,2
30360,1252,283,1341,4192,2
30380,1251,281,1342,4192,2
30400,1244,282,1341,4192,1
30420,1244,280,1342,4192,1
30440,1219,290,1337,4192,1
30460,1241,279,1342,4192,1
30480,1236,280,1342,4192,1
30500,1206,291,1337,4192,1
30520,1200,294,1335,4192,1
30540,1219,286,1339,4192,10
30560,1256,265,1349,4192,10
30580,1289,245,1358,4192,10
30600,1256,258,1352,4192,10
30620,1238,265,1349,4192,10
30640,1217,273,1345,4192,10
30660,1196,282,1341,4192,10
30680,1165,297,1334,4191,9
30700,1152,305,1331,4191,9
30720,1124,318,1325,4191,9
30740,1141,313,1327,4191,9
30760,1141,313,1327,4191,9
30780,1158,307,1330,4191,9
30800,1176,298,1334,4191,8
30820,1198,288,1339,4191,8
30840,1179,294,1335,4192,8
30860,1170,299,1333,4191,8
30880,1151,307,1329,4191,8
30900,1163,303,1331,4191,8
30920,1144,310,1328,4191,7
30940,1090,337,1316,4191,7
30960,1071,352,1309,4191,7
30980,1080,349,1310,4191,7
31000,1069,356,1307,4191,7
31020,1070,360,1305,4191,7
31040,1099,346,1312,4191,7
31060,1092,349,1310,4191,6
31080,1116,339,1315,4191,6
31100,1126,333,1317,4191,6
31120,1104,345,1312,4191,6
31140,1072,365,1302,4191,6
31160,1064,373,1299,4191,6
31180,1110,348,1311,4191,5
31200,1105,348,1310,4191,5
31220,1097,357,1306,4191,5
31240,1102,354,1308,4191,5
31260,1103,353,1308,4191,5
31280,1105,354,1308,4191,5
31300,1071,376,1298,4191,4
31320,1042,401,1286,4191,4
31340,1041,406,1284,4191,4
31360,1074,387,1293,4191,4
31380,1078,382,1295,4191,4
31400,1083,382,1295,4191,4
31420,1102,373,1299,4191,4
31440,1142,349,1310,4191,3
31460,1131,351,1309,4191,3
31480,1126,355,1307,4191,3
31500,1110,363,1304,4191,3
31520,1096,372,1299,4191,3
31540,1070,392,1290,4191,3
31560,1060,404,1285,4191,2
31580,1032,423,1276,4191,2
31600,1044,421,1277,4191,2
31620,1078,401,1286,4191,2
31640,1092,391,1291,4191,2
31660,1133,372,1299,4191,2
31680,1167,356,1307,4191,1
31700,1128,366,1302,4191,1
31720,1096,386,1293,4191,1
31740,1044,422,1276,4191,1
31760,1000,455,1261,4191,1
31780,981,471,1254,4191,1
31800,1013,455,1261,4191,1
31820,1024,450,1263,4191,10
31840,1075,427,1274,4191,10
31860,1103,410,1282,4191,10
31880,1108,405,1284,4191,10
31900,1141,390,1291,4191,10
31920,1137,386,1293,4191,10
31940,1101,404,1284,4191,10
31960,1093,413,1280,4191,9
31980,1077,425,1275,4191,9
32000,1080,427,1274,4191,9
32020,1106,414,1280,4191,9
32040,1132,400,1286,4191,9
32060,1173,384,1294,4191,9
32080,1171,379,1296,4191,8
32100,1173,376,1297,4191,8
32120,1169,375,1298,4191,8
32140,1136,385,1293,4191,8
32160,1117,395,1289,4191,8
32180,1067,426,1274,4191,8
32200,1049,450,1263,4191,7
32220,1073,439,1268,4191,7
32240,1109,421,1277,4191,7
32260,1136,406,1283,4191,7
32280,1169,391,1290,4191,7
32300,1211,375,1298,4191,7
32320,1275,336,1316,4191,7
32340,1248,336,1316,4191,6
32360,1232,339,1315,4191,6
32380,1162,363,1304,4191,6
32400,1082,404,1285,4191,6
32420,1074,421,1277,4191,6
32440,1071,428,1274,4191,6
32460,1092,421,1276,4191,5
32480,1125,406,1284,4191,5
32500,1168,388,1292,4191,5
32520,1272,342,1313,4191,5
32540,1334,296,1334,4192,5
32560,1323,295,1335,4192,5
32580,1253,315,1326,4191,4
32600,1219,325,1321,4191,4
32620,1207,329,1319,4191,4
32640,1182,340,1314,4191,4
32660,1145,358,1306,4191,4
32680,1129,371,1300,4191,4
32700,1146,368,1301,4191,4
32720,1179,353,1308,4191,3
32740,1229,330,1319,4191,3
32760,1260,311,1328,4191,3
32780,1263,305,1331,4191,3
32800,1284,292,1337,4192,3
32820,1269,292,1336,4192,3
32840,1271,291,1337,4192,2
32860,1212,311,1328,4191,2
32880,1170,328,1320,4191,2
32900,1186,324,1321,4191,2
32920,1211,315,1326,4191,2
32940,1201,317,1325,4191,2
32960,1212,313,1327,4191,1
32980,1227,305,1330,4191,1
33000,1235,300,1333,4191,1
33020,1239,296,1335,4191,1
33040,1254,288,1338,4192,1
33060,1284,269,1347,4192,1
33080,1250,284,1340,4192,1
33100,1246,285,1340,4192,10
33120,1234,289,1338,4192,10
33140,1238,286,1340,4191,10
33160,1250,276,1344,4192,10
33180,1255,272,1346,4192,10
33200,1248,273,1345,4192,10
33220,1228,280,1342,4192,10
33240,1202,291,1337,4192,9
33260,1180,301,1333,4191,9
33280,1162,308,1329,4191,9
33300,1220,285,1340,4191,9
33320,1240,272,1346,4191,9
33340,1270,254,1354,4192,9
33360,1265,255,1354,4192,8
33380,1280,246,1358,4192,8
33400,1291,237,1362,4192,8
33420,1279,240,1361,4192,8
33440,1254,248,1357,4192,8
33460,1203,268,1348,4192,8
33480,1177,280,1342,4191,7
33500,1177,282,1341,4191,7
33520,1164,288,1338,4191,7
33540,1148,297,1334,4191,7
33560,1155,296,1335,4191,7
33580,1169,289,1338,4191,7
33600,1142,301,1332,4191,7
33620,1213,270,1347,4192,6
33640,1225,261,1351,4192,6
33660,1252,246,1358,4192,6
33680,1246,247,1358,4192,6
33700,1254,240,1360,4192,6
33720,1271,228,1366,4192,6
33740,1221,248,1357,4192,5
33760,1219,249,1356,4192,5
33780,1188,261,1351,4192,5
33800,1190,261,1351,4191,5
33820,1163,272,1346,4191,5
33840,1133,289,1338,4191,5
33860,1148,284,1340,4191,4
33880,1150,282,1341,4191,4
33900,1113,301,1332,4191,4
33920,1080,326,1321,4191,4
33940,1080,331,1319,4191,4
33960,1068,336,1316,4191,4
33980,1119,311,1328,4191,4
34000,1116,311,1328,4191,3
34020,1160,289,1338,4191,3
34040,1185,277,1343,4191,3
34060,1186,274,1345,4191,3
34080,1147,292,1336,4191,3
34100,1119,310,1328,4191,3
34120,1107,320,1324,4191,2
34140,1086,330,1319,4191,2
34160,1069,342,1314,4191,2
34180,1073,342,1313,4191,2
34200,1086,337,1316,4191,2
34220,1078,342,1313,4191,2
34240,1104,331,1318,4191,1
34260,1102,331,1318,4191,1
34280,1120,323,1322,4191,1
34300,1097,334,1317,4191,1
34320,1098,338,1315,4191,1
34340,1095,338,1315,4191,1
34360,1094,340,1314,4191,1
34380,1092,342,1313,4191,10
34400,1075,353,1308,4191,10
34420,1051,368,1301,4191,10
34440,1063,365,1303,4191,10
34460,1087,351,1309,4191,10
34480,1102,344,1312,4191,10
34500,1128,331,1319,4191,10
34520,1114,337,1316,4191,9
34540,1108,342,1313,4191,9
34560,1080,357,1306,4191,9
34580,1053,377,1297,4191,9
34600,1044,387,1293,4191,9
34620,1047,388,1292,4191,9
34640,1051,389,1292,4191,8
34660,1110,355,1307,4191,8
34680,1164,326,1321,4191,8
34700,1143,330,1319,4191,8
34720,1112,348,1310,4191,8
34740,1083,365,1302,4191,8
34760,1111,351,1309,4191,7
34780,1111,349,1310,4191,7
34800,1074,375,1298,4191,7
34820,1062,387,1292,4191,7
34840,1061,392,1290,4191,7
34860,1094,372,1299,4191,7
34880,1080,379,1296,4191,7
34900,1088,379,1296,4191,6
34920,1128,355,1307,4191,6
34940,1159,338,1315,4191,6
34960,1180,328,1320,4191,6
34980,1187,322,1322,4191,6
35000,1149,335,1317,4191,6
35020,1107,356,1307,4191,5
35040,1068,382,1295,4191,5
35060,1029,414,1280,4191,5
35080,1017,429,1273,4191,5
35100,1060,406,1284,4191,5
35120,1128,371,1300,4191,5
35140,1153,358,1306,4191,4
35160,1142,355,1307,4191,4
35180,1208,328,1320,4191,4
35200,1205,322,1322,4191,4
35220,1140,345,1312,4191,4
35240,1114,360,1305,4191,4
35260,1110,365,1303,4191,4
35280,1099,372,1300,4191,3
35300,1066,395,1289,4191,3
35320,1078,396,1288,4191,3
35340,1080,393,1289,4191,3
35360,1107,379,1296,4191,3
35380,1153,360,1305,4191,3
35400,1159,353,1308,4191,2
35420,1156,351,1309,4191,2
35440,1169,344,1313,4191,2
35460,1154,348,1311,4191,2
35480,1104,373,1299,4191,2
35500,1066,402,1285,4191,2
35520,1061,412,1281,4191,1
35540,1082,400,1286,4191,1
35560,1126,379,1296,4191,1
35580,1166,363,1304,4191,1
35600,1191,348,1311,4191,1
35620,1215,332,1318,4191,1
35640,1204,330,1319,4191,1
35660,1188,332,1318,4191,10
35680,1146,349,1310,4191,10
35700,1132,358,1306,4191,10
35720,1125,364,1303,4191,10
35740,1081,388,1292,4191,10
35760,1078,398,1287,4191,10
35780,1107,386,1293,4191,9
35800,1151,367,1302,4191,9
35820,1136,368,1301,4191,9
35840,1134,368,1301,4191,9
35860,1140,366,1302,4191,9
35880,1164,355,1307,4191,9
35900,1130,367,1302,4191,9
35920,1107,381,1295,4191,8
35940,1120,380,1295,4191,8
35960,1139,372,1299,4191,8
35980,1153,363,1303,4191,8
36000,1177,352,1309,4191,8
36020,1196,342,1313,4191,8
36040,1204,335,1317,4191,7
36060,1197,333,1317,4191,7
36080,1208,327,1320,4191,7
36100,1187,332,1318,4191,7
36120,1177,335,1316,4191,7
36140,1177,335,1316,4191,7
36160,1176,335,1316,4191,6
36180,1165,340,1314,4191,6
36200,1132,355,1307,4191,6
36220,1142,354,1308,4191,6
36240,1153,349,1310,4191,6
36260,1172,341,1314,4191,6
36280,1147,350,1310,4191,6
36300,1178,338,1315,4191,5
36320,1223,318,1324,4191,5
36340,1223,316,1326,4191,5
36360,1179,328,1320,4191,5
36380,1169,333,1318,4191,5
36400,1197,323,1322,4191,5
36420,1198,320,1323,4191,4
36440,1181,325,1321,4191,4
36460,1152,337,1316,4191,4
36480,1159,336,1316,4191,4
36500,1173,330,1319,4191,4
36520,1203,319,1324,4191,4
36540,1201,317,1325,4191,3
36560,1188,320,1323,4191,3
36580,1197,317,1325,4191,3
36600,1175,323,1322,4191,3
36620,1157,331,1318,4191,3
36640,1150,335,1317,4191,3
36660,1174,326,1321,4191,3
36680,1186,320,1323,4191,2
36700,1192,317,1325,4191,2
36720,1202,312,1327,4191,2
36740,1197,313,1327,4191,2
36760,1151,329,1319,4191,2
36780,1142,335,1316,4191,2
36800,1205,312,1327,4191,1
36820,1194,312,1327,4191,1
36840,1190,313,1327,4191,1
36860,1183,315,1326,4191,1
36880,1198,310,1328,4191,1
36900,1182,314,1327,4191,1
36920,1165,320,1324,4191,0
36940,1141,330,1319,4191,10
36960,1174,319,1324,4191,10
36980,1154,325,1321,4191,10
37000,1184,315,1326,4191,10
37020,1167,319,1324,4191,10
37040,1180,315,1326,4191,10
37060,1220,299,1333,4191,9
37080,1227,292,1336,4191,9
37100,1216,295,1335,4192,9
37120,1195,302,1332,4191,9
37140,1188,305,1331,4191,9
37160,1151,318,1325,4191,9
37180,1198,302,1332,4191,9
37200,1186,304,1331,4191,8
37220,1192,302,1332,4191,8
37240,1195,300,1333,4191,8
37260,1223,286,1339,4191,8
37280,1235,277,1343,4191,8
37300,1217,283,1341,4192,8
37320,1201,289,1338,4192,7
37340,1203,288,1338,4192,7
37360,1216,281,1342,4192,7
37380,1217,278,1343,4192,7
37400,1208,280,1342,4192,7
37420,1204,281,1341,4192,7
37440,1219,274,1345,4192,6
37460,1166,296,1335,4191,6
37480,1172,295,1335,4191,6
37500,1189,288,1339,4191,6
37520,1213,275,1344,4192,6
37540,1218,270,1347,4192,6
37560,1225,265,1349,4192,6
37580,1221,265,1349,4192,5
37600,1231,259,1352,4192,5
37620,1179,280,1342,4192,5
37640,1165,288,1338,4191,5
37660,1159,292,1336,4191,5
37680,1163,290,1337,4191,5
37700,1145,299,1333,4191,4
37720,1176,286,1340,4191,4
37740,1233,258,1352,4191,4
37760,1240,252,1355,4191,4
37780,1229,254,1354,4192,4
37800,1248,245,1359,4192,4
37820,1219,253,1354,4192,3
37840,1208,257,1353,4192,3
37860,1181,268,1348,4191,3
37880,1175,271,1346,4191,3
37900,1172,273,1345,4191,3
37920,1159,279,1343,4191,3
37940,1178,271,1346,4191,3
37960,1185,267,1348,4192,2
37980,1214,254,1354,4192,2
38000,1263,228,1366,4192,2
38020,1277,217,1372,4192,2
38040,1248,226,1367,4192,2
38060,1225,235,1363,4192,2
38080,1226,234,1364,4192,1
38100,1204,243,1359,4192,1
38120,1163,261,1351,4191,1
38140,1163,263,1350,4191,1
38160,1130,280,1342,4191,1
38180,1133,280,1342,4191,1
38200,1153,271,1346,4191,0
38220,1130,282,1341,4191,10
38240,1115,292,1336,4191,10
38260,1112,297,1334,4191,10
38280,1101,304,1331,4191,10
38300,1100,306,1330,4191,10
38320,1147,283,1341,4191,10
38340,1189,261,1351,4191,9
38360,1198,255,1354,4192,9
38380,1260,223,1368,4191,9
38400,1263,218,1371,4192,9
38420,1211,239,1361,4192,9
38440,1219,233,1364,4192,9
38460,1194,244,1359,4192,9
38480,1153,262,1350,4191,8
38500,1127,278,1343,4191,8
38520,1127,280,1342,4191,8
38540,1117,286,1340,4191,8
38560,1094,299,1333,4191,8
38580,1151,273,1345,4191,8
38600,1131,280,1342,4191,7
38620,1124,285,1340,4191,7
38640,1122,289,1338,4191,7
38660,1162,269,1347,4191,7
38680,1199,250,1356,4191,7
38700,1222,238,1362,4191,7
38720,1249,221,1370,4192,6
38740,1277,205,1377,4192,6
38760,1256,209,1375,4192,6
38780,1252,207,1376,4192,6
38800,1222,218,1371,4192,6
38820,1179,240,1361,4192,6
38840,1110,276,1344,4191,6
38860,1107,282,1341,4191,5
38880,1084,296,1335,4191,5
38900,1101,288,1338,4191,5
38920,1125,277,1344,4191,5
38940,1167,256,1353,4191,5
38960,1158,259,1352,4191,5
38980,1257,212,1373,4191,4
39000,1275,199,1380,4192,4
39020,1293,184,1387,4191,4
39040,1319,163,1396,4192,4
39060,1317,157,1399,4192,4
39080,1372,136,1409,4192,4
39100,1309,149,1403,4192,3
39120,1098,257,1353,4192,3
39140,1081,273,1345,4191,3
39160,1122,259,1352,4191,3
39180,1126,254,1354,4191,3
39200,1090,273,1345,4191,3
39220,1131,258,1352,4191,3
39240,1221,214,1372,4191,2
39260,1261,189,1384,4191,2
39280,1266,182,1388,4192,2
39300,1220,198,1380,4192,2
39320,1174,224,1368,4192,2
39340,1150,238,1361,4191,2
39360,1133,248,1357,4191,1
39380,1180,224,1368,4191,1
39400,1166,230,1365,4191,1
39420,1232,198,1380,4191,1
39440,1198,209,1375,4192,1
39460,1252,186,1386,4191,1
39480,1170,220,1370,4191,0
39500,1172,219,1371,4191,10
39520,1145,235,1363,4191,10
39540,1125,247,1357,4191,10
39560,1116,253,1355,4191,10
39580,1118,253,1354,4191,10
39600,1134,247,1358,4191,10
39620,1205,211,1374,4191,9
39640,1201,208,1376,4191,9
39660,1223,196,1381,4192,9
39680,1200,204,1377,4192,9
39700,1196,205,1377,4191,9
39720,1143,234,1364,4191,9
39740,1151,230,1365,4191,8
39760,1121,247,1357,4191,8
39780,1169,224,1368,4191,8
39800,1141,237,1362,4191,8
39820,1188,213,1373,4191,8
39840,1200,205,1377,4191,8
39860,1218,195,1382,4192,8
39880,1189,205,1377,4192,7
39900,1190,205,1377,4191,7
39920,1147,227,1367,4191,7
39940,1145,229,1366,4191,7
39960,1134,236,1362,4191,7
39980,1146,231,1365,4191,7
40000,1163,222,1369,4191,6
40020,1171,217,1371,4191,6
40040,1180,212,1374,4191,6
40060,1176,213,1373,4191,6
40080,1152,225,1368,4191,6
40100,1168,217,1371,4191,6
40120,1170,216,1372,4191,6
40140,1143,229,1366,4191,5
40160,1187,210,1374,4191,5
40180,1147,226,1367,4191,5
40200,1181,211,1374,4191,5
40220,1147,225,1367,4191,5
40240,1204,203,1378,4191,5
40260,1158,218,1371,4191,4
40280,1179,209,1375,4191,4
40300,1188,204,1377,4191,4
40320,1176,207,1376,4191,4
40340,1194,200,1379,4191,4
40360,1149,219,1370,4191,4
40380,1164,214,1373,4191,3
40400,1116,239,1361,4191,3
40420,1150,224,1368,4191,3
40440,1169,215,1372,4191,3
40460,1127,234,1363,4191,3
40480,1106,248,1357,4191,3
40500,1188,215,1372,4191,3
40520,1203,199,1380,4191,2
40540,1188,201,1379,4191,2
40560,1175,207,1376,4191,2
40580,1185,204,1378,4191,2
40600,1162,212,1374,4191,2
40620,1139,225,1368,4191,2
40640,1141,225,1368,4191,1
40660,1133,230,1365,4191,1
40680,1139,227,1367,4191,1
40700,1152,222,1369,4191,1
40720,1168,213,1373,4191,1
40740,1143,224,1368,4191,1
40760,1156,219,1370,4191,0
40780,1176,210,1374,4191,10
40800,1152,219,1371,4191,10
40820,1161,215,1372,4191,10
40840,1172,211,1374,4191,10
40860,1192,202,1378,4191,10
40880,1170,208,1376,4191,10
40900,1169,209,1375,4191,9
40920,1150,217,1371,4191,9
40940,1155,216,1372,4191,9
40960,1124,232,1364,4191,9
40980,1109,243,1359,4191,9
41000,1121,238,1362,4191,9
41020,1161,219,1371,4191,9
41040,1199,201,1379,4191,8
41060,1189,201,1379,4191,8
41080,1191,200,1379,4191,8
41100,1218,189,1384,4191,8
41120,1142,218,1371,4191,8
41140,1090,249,1356,4191,8
41160,1107,243,1359,4191,7
41180,1133,230,1365,4191,7
41200,1094,249,1357,4191,7
41220,1048,272,1346,4191,7
41240,1103,253,1355,4191,7
41260,1119,243,1359,4191,7
41280,1116,242,1360,4191,6
41300,1174,218,1371,4191,6
41320,1210,200,1379,4191,6
41340,1211,195,1381,4191,6
41360,1125,236,1363,4191,6
41380,1110,246,1358,4191,6
41400,1084,258,1352,4191,6
41420,1051,274,1345,4191,5
41440,1031,287,1339,4191,5
41460,1037,288,1338,4191,5
41480,1029,295,1335,4191,5
41500,1011,309,1328,4191,5
41520,1014,311,1328,4191,5
41540,1046,296,1335,4191,4
41560,1123,258,1352,4191,4
41580,1124,254,1354,4191,4
41600,1134,252,1355,4191,4
41620,1205,220,1370,4191,4
41640,1190,221,1370,4191,4
41660,1147,242,1360,4191,4
41680,1060,285,1340,4191,3
41700,1069,288,1339,4191,3
41720,1045,299,1333,4191,3
41740,1061,295,1335,4191,3
41760,1085,283,1341,4191,3
41780,1104,272,1346,4191,3
41800,1114,269,1347,4191,2
41820,1131,262,1351,4191,2
41840,1155,250,1356,4191,2
41860,1161,246,1358,4191,2
41880,1145,253,1355,4191,2
41900,1150,251,1356,4191,2
41920,1108,272,1346,4191,1
41940,1105,276,1344,4191,1
41960,1124,266,1348,4191,1
41980,1147,253,1354,4191,1
42000,1097,277,1343,4191,1
42020,1092,285,1340,4191,1
42040,1107,279,1343,4191,1
42060,1098,282,1341,4191,10
42080,1106,279,1342,4191,10
42100,1092,288,1338,4191,10
42120,1137,267,1348,4191,10
42140,1132,267,1348,4191,10
42160,1117,275,1344,4191,10
42180,1105,284,1340,4191,10
42200,1096,291,1337,4191,9
42220,1108,285,1340,4191,9
42240,1173,251,1355,4191,9
42260,1191,239,1361,4191,9
42280,1124,270,1347,4191,9
42300,995,334,1317,4191,9
42320,985,352,1309,4191,8
42340,966,362,1304,4191,8
42360,897,449,1264,4190,8
42380,824,576,1205,4190,8
42400,841,546,1219,4190,8
42420,957,412,1281,4191,8
42440,1145,319,1324,4191,7
42460,1304,254,1354,4191,7
42480,1376,191,1383,4191,7
42500,1380,160,1398,4192,7
42520,1332,184,1387,4192,7
42540,1233,229,1366,4192,7
42560,1070,307,1330,4191,7
42580,915,365,1303,4191,6
42600,858,458,1259,4190,6
42620,888,497,1241,4190,6
42640,923,451,1263,4190,6
42660,1024,362,1304,4191,6
42680,1110,330,1319,4191,6
42700,1173,296,1335,4191,5
42720,1202,277,1343,4191,5
42740,1266,246,1358,4191,5
42760,1280,234,1364,4191,5
42780,1165,280,1342,4192,5
42800,1093,327,1320,4191,5
42820,1028,352,1309,4191,5
42840,1006,367,1302,4191,4
42860,1004,379,1296,4191,4
42880,987,397,1288,4191,4
42900,976,412,1281,4191,4
42920,1088,351,1309,4191,4
42940,1122,326,1321,4191,4
42960,1108,338,1315,4191,3
42980,1180,304,1331,4191,3
43000,1202,289,1338,4191,3
43020,1231,274,1345,4191,3
43040,1177,293,1336,4192,3
43060,1097,334,1317,4191,3
43080,1090,343,1313,4191,2
43100,1103,334,1317,4191,2
43120,1097,336,1316,4191,2
43140,1099,339,1315,4191,2
43160,1043,370,1300,4191,2
43180,1071,362,1304,4191,2
43200,1123,332,1318,4191,2
43220,1118,332,1318,4191,1
43240,1143,323,1322,4191,1
43260,1163,314,1326,4191,1
43280,1151,316,1325,4191,1
43300,1129,326,1321,4191,1
43320,1132,327,1320,4191,1
43340,1131,326,1321,4191,11
43360,1166,312,1327,4191,10
43380,1106,335,1317,4191,10
43400,1077,357,1306,4191,10
43420,1099,347,1311,4191,10
43440,1126,332,1318,4191,10
43460,1148,322,1323,4191,10
43480,1161,316,1325,4191,9
43500,1163,314,1326,4191,9
43520,1155,317,1325,4191,9
43540,1173,310,1328,4191,9
43560,1130,325,1321,4191,9
43580,1102,342,1313,4191,9
43600,1056,369,1301,4191,8
43620,1122,339,1315,4191,8
43640,1133,330,1319,4191,8
43660,1111,342,1313,4191,8
43680,1106,347,1311,4191,8
43700,1125,337,1315,4191,8
43720,1153,325,1321,4191,8
43740,1153,323,1322,4191,7
43760,1133,332,1318,4191,7
43780,1148,327,1320,4191,7
43800,1176,315,1326,4191,7
43820,1145,324,1322,4191,7
43840,1166,318,1325,4191,7
43860,1119,335,1316,4191,6
43880,1109,344,1313,4191,6
43900,1103,347,1311,4191,6
43920,1120,340,1314,4191,6
43940,1141,331,1318,4191,6
43960,1160,323,1322,4191,6
43980,1167,319,1324,4191,5
44000,1173,316,1326,4191,5
44020,1160,320,1324,4191,5
44040,1091,351,1309,4191,5
44060,1054,379,1296,4191,5
44080,1071,373,1299,4191,5
44100,1116,349,1310,4191,5
44120,1133,339,1315,4191,4
44140,1175,323,1322,4191,4
44160,1193,313,1327,4191,4
44180,1195,310,1328,4191,4
44200,1192,309,1328,4191,4
44220,1144,326,1321,4191,4
44240,1149,327,1320,4191,3
44260,1155,324,1322,4191,3
44280,1139,330,1319,4191,3
44300,1068,368,1301,4191,3
44320,1064,378,1297,4191,3
44340,1120,348,1311,4191,3
44360,1179,322,1323,4191,3
44380,1186,317,1325,4191,2
44400,1172,319,1324,4191,2
44420,1168,320,1323,4191,2
44440,1180,315,1326,4191,2
44460,1195,309,1329,4191,2
44480,1160,319,1324,4191,2
44500,1138,330,1319,4191,1
44520,1116,341,1314,4191,1
44540,1122,340,1314,4191,1
44560,1076,364,1303,4191,1
44580,1050,390,1291,4191,1
44600,1150,339,1315,4191,1
44620,1153,329,1319,4191,0
44640,1146,334,1317,4191,10
44660,1156,331,1319,4191,10
44680,1164,326,1321,4191,10
44700,1194,314,1326,4191,10
44720,1170,320,1324,4191,10
44740,1148,329,1319,4191,10
44760,1124,340,1314,4191,9
44780,1114,346,1311,4191,9
44800,1103,353,1308,4191,9
44820,1080,370,1300,4191,9
44840,1164,333,1318,4191,9
44860,1164,326,1321,4191,9
44880,1147,333,1317,4191,9
44900,1132,340,1314,4191,8
44920,1111,351,1309,4191,8
44940,1143,339,1315,4191,8
44960,1119,347,1311,4191,8
44980,1130,345,1312,4191,8
45000,1138,341,1314,4191,8
45020,1173,327,1320,4191,7
45040,1150,333,1317,4191,7
45060,1144,337,1316,4191,7
45080,1153,334,1317,4191,7
45100,1131,341,1314,4191,7
45120,1106,356,1307,4191,7
45140,1111,356,1307,4191,6
45160,1178,328,1320,4191,6
45180,1172,325,1321,4191,6
45200,1174,324,1322,4191,6
45220,1173,324,1322,4191,6
45240,1185,319,1324,4191,6
45260,1176,320,1323,4191,6
45280,1127,340,1314,4191,5
45300,1064,379,1296,4191,5
45320,1068,385,1294,4191,5
45340,1100,368,1301,4191,5
45360,1083,378,1297,4191,5
45380,1103,371,1300,4191,5
45400,1074,386,1293,4191,4
45420,1136,357,1306,4191,4
45440,1212,323,1322,4191,4
45460,1240,308,1329,4191,4
45480,1224,309,1329,4191,4
45500,1157,330,1319,4191,4
45520,1102,358,1306,4191,3
45540,1047,396,1288,4191,3
45560,1079,387,1292,4191,3
45580,1063,394,1289,4191,3
45600,1053,405,1284,4191,3
45620,1082,393,1290,4191,3
45640,1152,361,1305,4191,3
45660,1209,335,1317,4191,2
45680,1199,329,1319,4191,2
45700,1161,339,1315,4191,2
45720,1155,341,1314,4191,2
45740,1157,339,1315,4191,2
45760,1112,360,1305,4191,2
45780,1096,374,1298,4191,1
45800,1062,399,1287,4191,1
45820,1068,402,1285,4191,1
45840,1085,392,1290,4191,1
45860,1085,392,1290,4191,1
45880,1099,387,1292,4191,1
45900,1128,374,1298,4191,0
45920,1164,357,1306,4191,10
45940,1158,355,1307,4191,10
45960,1178,345,1312,4191,10
45980,1139,358,1306,4191,10
46000,1147,356,1307,4191,10
46020,1132,363,1304,4191,10
46040,1145,358,1306,4191,9
46060,1128,365,1303,4191,9
46080,1091,386,1293,4191,9
46100,1110,382,1295,4191,9
46120,1144,367,1302,4191,9
46140,1164,356,1307,4191,9
46160,1165,353,1308,4191,9
46180,1156,353,1308,4191,8
46200,1141,359,1305,4191,8
46220,1120,371,1300,4191,8
46240,1144,364,1303,4191,8
46260,1112,376,1297,4191,8
46280,1116,378,1296,4191,8
46300,1100,386,1293,4191,7
46320,1092,394,1289,4191,7
46340,1093,396,1288,4191,7
46360,1106,391,1291,4191,7
46380,1085,402,1285,4191,7
46400,1083,409,1282,4191,7
46420,1115,394,1289,4191,7
46440,1192,368,1301,4191,6
46460,1201,356,1307,4191,6
46480,1185,354,1308,4191,6
46500,1223,334,1317,4191,6
46520,1247,317,1325,4191,6
46540,1263,306,1330,4191,6
46560,1224,317,1325,4191,5
46580,1162,340,1314,4191,5
46600,1115,366,1302,4191,5
46620,1079,392,1290,4191,5
46640,1031,427,1274,4191,5
46660,1061,420,1277,4191,5
46680,1106,396,1288,4191,4
46700,1172,371,1300,4191,4
46720,1244,335,1317,4191,4
46740,1253,317,1325,4191,4
46760,1245,315,1326,4191,4
46780,1178,335,1317,4191,4
46800,1139,355,1307,4191,4
46820,1073,394,1289,4191,3
46840,1039,425,1275,4191,3
46860,1026,441,1267,4191,3
46880,1020,448,1264,4191,3
46900,1097,412,1281,4191,3
46920,1161,382,1295,4191,3
46940,1222,359,1305,4191,2
46960,1243,335,1317,4191,2
46980,1268,311,1328,4191,2
47000,1225,322,1322,4191,2
47020,1156,348,1310,4191,2
47040,1101,380,1296,4191,2
47060,1031,425,1275,4191,1
47080,1033,440,1268,4191,1
47100,1009,455,1261,4191,1
47120,1038,446,1265,4191,1
47140,1090,418,1278,4191,1
47160,1154,390,1291,4191,1
47180,1212,368,1301,4191,1
47200,1216,356,1307,4191,10
47220,1227,342,1313,4191,10
47240,1211,341,1314,4191,10
47260,1180,349,1310,4191,10
47280,1133,370,1300,4191,10
47300,1068,408,1283,4191,10
47320,1081,410,1282,4191,10
47340,1062,423,1276,4191,9
47360,1062,430,1272,4191,9
47380,1085,420,1277,4191,9
47400,1108,407,1283,4191,9
47420,1115,401,1286,4191,9
47440,1104,408,1283,4191,9
47460,1125,400,1286,4191,8
47480,1075,425,1275,4191,8
47500,1088,426,1274,4191,8
47520,1108,417,1279,4191,8
47540,1160,394,1289,4191,8
47560,1187,381,1295,4191,8
47580,1190,375,1298,4191,7
47600,1141,385,1293,4191,7
47620,1136,390,1291,4191,7
47640,1124,396,1288,4191,7
47660,1116,402,1285,4191,7
47680,1091,418,1278,4191,7
47700,1041,456,1261,4191,7
47720,1037,467,1255,4191,6
47740,1044,462,1258,4191,6
47760,1104,436,1269,4191,6
47780,1186,402,1285,4191,6
47800,1213,385,1293,4191,6
47820,1199,381,1295,4191,6
47840,1172,384,1294,4191,5
47860,1178,382,1295,4191,5
47880,1162,384,1294,4191,5
47900,1107,407,1283,4191,5
47920,1068,438,1269,4191,5
47940,1020,474,1252,4191,5
47960,1033,475,1252,4191,4
47980,1107,443,1266,4191,4
48000,1124,428,1273,4191,4
48020,1143,418,1278,4191,4
48040,1164,408,1283,4191,4
48060,1192,394,1289,4191,4
48080,1177,393,1290,4191,4
48100,1162,396,1288,4191,3
48120,1134,406,1284,4191,3
48140,1069,445,1266,4191,3
48160,1071,457,1260,4191,3
48180,1101,445,1266,4191,3
48200,1135,427,1274,4191,3
48220,1160,414,1280,4191,2
48240,1136,417,1278,4191,2
48260,1130,420,1277,4191,2
48280,1179,404,1285,4191,2
48300,1199,392,1290,4191,2
48320,1193,390,1291,4191,2
48340,1143,403,1285,4191,2
48360,1117,418,1278,4191,1
48380,1143,414,1280,4191,1
48400,1128,418,1278,4191,1
48420,1107,430,1273,4191,1
48440,1076,453,1262,4191,1
48460,1118,440,1268,4191,1
48480,1137,428,1274,4191,10
48500,1178,409,1282,4191,10
48520,1155,412,1281,4191,10
48540,1107,432,1272,4191,10
48560,1153,419,1278,4191,10
48580,1188,402,1286,4191,10
48600,1202,393,1290,4191,10
48620,1179,396,1288,4191,9
48640,1132,412,1281,4191,9
48660,1111,427,1274,4191,9
48680,1141,420,1277,4191,9
48700,1132,421,1277,4191,9
48720,1111,432,1272,4191,9
48740,1116,434,1271,4191,8
48760,1128,430,1272,4191,8
48780,1138,425,1275,4191,8
48800,1162,416,1279,4191,8
48820,1190,402,1285,4191,8
48840,1163,407,1283,4191,8
48860,1174,403,1285,4191,8
48880,1139,414,1280,4191,7
48900,1126,423,1276,4191,7
48920,1162,412,1281,4191,7
48940,1162,409,1282,4191,7
48960,1114,427,1274,4191,7
48980,1066,462,1257,4191,7
49000,1086,461,1258,4191,6
49020,1143,436,1270,4191,6
49040,1185,412,1281,4191,6
49060,1165,412,1281,4191,6
49080,1185,405,1284,4191,6
49100,1181,402,1286,4191,6
49120,1194,396,1288,4191,5
49140,1140,411,1281,4191,5
49160,1093,441,1268,4191,5
49180,1120,438,1269,4191,5
49200,1123,436,1270,4191,5
49220,1128,431,1272,4191,5
49240,1100,444,1266,4191,5
49260,1094,454,1261,4191,4
49280,1156,430,1273,4191,4
49300,1174,416,1279,4191,4
49320,1162,416,1279,4191,4
49340,1116,434,1271,4191,4
49360,1123,439,1268,4191,4
49380,1176,418,1278,4191,3
49400,1172,413,1280,4191,3
49420,1166,413,1280,4191,3
49440,1159,416,1279,4191,3
49460,1131,426,1274,4191,3
49480,1097,448,1264,4191,3
49500,1065,472,1253,4191,2
49520,1068,473,1252,4191,2
49540,1107,457,1260,4191,2
49560,1154,436,1270,4191,2
49580,1159,428,1273,4191,2
49600,1177,419,1278,4191,2
49620,1185,413,1280,4191,2
49640,1242,390,1291,4191,1
49660,1219,390,1291,4191,1
49680,1145,413,1280,4191,1
49700,1093,447,1265,4191,1
49720,1096,459,1259,4191,1
49740,1102,456,1260,4191,1
49760,1138,439,1268,4191,11
49780,1136,435,1270,4191,10
49800,1152,429,1273,4191,10
49820,1161,424,1275,4191,10
49840,1182,414,1280,4191,10
49860,1206,402,1286,4191,10
49880,1184,405,1284,4191,10
49900,1148,418,1278,4191,9
49920,1122,434,1271,4191,9
49940,1127,438,1269,4191,9
49960,1109,447,1264,4191,9
49980,1078,465,1256,4191,9
50000,1103,459,1259,4191,9
50020,1134,443,1266,4191,8
50040,1206,413,1281,4191,8
50060,1213,401,1286,4191,8
50080,1184,406,1283,4191,8
50100,1167,413,1280,4191,8
50120,1177,410,1282,4191,8
50140,1192,403,1285,4191,8
50160,1119,429,1273,4191,7
50180,1072,466,1256,4191,7
50200,1040,489,1245,4191,7
50220,1092,468,1255,4191,7
50240,1154,440,1268,4191,7
50260,1151,433,1271,4191,7
50280,1112,446,1265,4191,6
50300,1094,463,1257,4191,6
50320,1147,443,1266,4191,6
50340,1180,426,1274,4191,6
50360,1132,437,1269,4191,6
50380,1123,446,1265,4191,6
50400,1111,456,1260,4191,6
50420,1141,445,1265,4191,5
50440,1193,422,1276,4191,5
50460,1189,415,1279,4191,5
50480,1149,427,1274,4191,5
50500,1131,440,1268,4191,5
50520,1131,444,1266,4191,5
50540,1094,462,1258,4191,4
50560,1046,489,1245,4191,4
50580,1150,453,1262,4191,4
50600,1182,431,1272,4191,4
50620,1079,467,1255,4191,4
50640,1060,490,1245,4191,4
50660,974,522,1230,4191,3
50680,1113,475,1251,4191,3
50700,1240,423,1276,4191,3
50720,1220,412,1281,4191,3
50740,1198,416,1279,4191,3
50760,1099,461,1258,4191,3
50780,1032,504,1238,4191,3
50800,1069,492,1244,4191,2
50820,1074,481,1249,4191,2
50840,1099,471,1253,4191,2
50860,1093,475,1252,4191,2
50880,1052,498,1241,4191,2
50900,1089,486,1246,4191,2
50920,1138,467,1255,4191,1
50940,1115,470,1254,4191,1
50960,1101,479,1250,4191,1
50980,1086,487,1246,4191,1
51000,1079,491,1244,4191,1
51020,1049,506,1237,4191,1
51040,1056,506,1237,4191,0
51060,1059,505,1238,4191,10
51080,1061,506,1237,4191,10
51100,1083,498,1241,4191,10
51120,1120,485,1247,4191,10
51140,1086,497,1241,4191,10
51160,1135,484,1247,4191,10
51180,1111,489,1245,4191,9
51200,1100,495,1242,4191,9
51220,1087,501,1240,4191,9
51240,1058,516,1233,4191,9
51260,1114,498,1241,4191,9
51280,1057,516,1233,4191,9
51300,1060,524,1229,4191,9
51320,1143,494,1243,4191,8
51340,1146,487,1246,4191,8
51360,1143,490,1245,4191,8
51380,1149,488,1246,4191,8
51400,1138,491,1244,4191,8
51420,1114,499,1240,4191,8
51440,1111,502,1239,4191,7
51460,1078,514,1234,4191,7
51480,1088,514,1233,4191,7
51500,1132,500,1240,4191,7
51520,1176,485,1247,4191,7
51540,1158,488,1245,4191,7
51560,1114,503,1239,4191,6
51580,1134,500,1240,4191,6
51600,1158,490,1245,4191,6
51620,1155,490,1245,4191,6
51640,1148,492,1244,4191,6
51660,1122,501,1239,4191,6
51680,1191,483,1248,4191,6
51700,1184,480,1249,4191,5
51720,1160,487,1246,4191,5
51740,1159,488,1245,4191,5
51760,1181,482,1248,4191,5
51780,1193,477,1251,4191,5
51800,1177,480,1249,4191,5
51820,1101,503,1239,4191,4
51840,1039,529,1226,4191,4
51860,1082,521,1230,4191,4
51880,1097,512,1234,4191,4
51900,1101,511,1235,4191,4
51920,1110,510,1235,4191,4
51940,1130,504,1238,4191,4
51960,1181,490,1245,4191,3
51980,1197,482,1248,4191,3
52000,1197,482,1249,4191,3
52020,1091,511,1235,4191,3
52040,1088,521,1230,4191,3
52060,1028,538,1222,4191,3
52080,1072,533,1225,4191,2
52100,1119,515,1233,4191,2
52120,1129,509,1236,4191,2
52140,1145,505,1238,4191,2
52160,1178,496,1242,4191,2
52180,1152,500,1240,4191,2
52200,1142,505,1238,4191,1
52220,1185,493,1243,4191,1
52240,1144,501,1240,4191,1
52260,1128,509,1236,4191,1
52280,1105,518,1231,4191,1
52300,1115,517,1232,4191,1
52320,1160,502,1239,4191,1
52340,1168,497,1241,4191,10
52360,1157,500,1240,4191,10
52380,1146,504,1238,4191,10
52400,1147,504,1238,4191,10
52420,1213,487,1246,4191,10
52440,1218,482,1248,4191,10
52460,1201,485,1247,4191,9
52480,1137,501,1239,4191,9
52500,1162,496,1242,4191,9
52520,1209,482,1248,4191,9
52540,1158,492,1244,4191,9
52560,1154,496,1242,4191,9
52580,1098,515,1233,4191,9
52600,1092,521,1230,4191,8
52620,1109,516,1232,4191,8
52640,1136,506,1237,4191,8
52660,1138,504,1238,4191,8
52680,1130,508,1236,4191,8
52700,1244,478,1250,4191,8
52720,1226,475,1252,4191,7
52740,1216,477,1250,4191,7
52760,1160,491,1244,4191,7
52780,1133,502,1239,4191,7
52800,1137,502,1239,4191,7
52820,1171,491,1244,4191,7
52840,1178,487,1246,4191,7
52860,1123,503,1239,4191,6
52880,1093,517,1232,4191,6
52900,1109,515,1233,4191,6
52920,1169,494,1243,4191,6
52940,1162,493,1243,4191,6
52960,1121,506,1237,4191,6
52980,1134,506,1237,4191,5
53000,1180,491,1244,4191,5
53020,1244,469,1254,4191,5
53040,1177,485,1247,4191,5
53060,1162,493,1243,4191,5
53080,1159,493,1243,4191,5
53100,1223,474,1252,4191,4
53120,1224,467,1255,4191,4
53140,1149,489,1245,4191,4
53160,1096,511,1235,4191,4
53180,1098,514,1234,4191,4
53200,1103,511,1235,4191,4
53220,1167,492,1244,4191,4
53240,1186,484,1247,4191,3
53260,1173,487,1246,4191,3
53280,1143,495,1242,4191,3
53300,1152,494,1243,4191,3
53320,1153,492,1244,4191,3
53340,1142,495,1242,4191,3
53360,1174,488,1246,4191,2
53380,1135,496,1242,4191,2
53400,1098,511,1235,4191,2
53420,1058,527,1227,4191,2
53440,1077,526,1228,4191,2
53460,1106,516,1233,4191,2
53480,1185,492,1244,4191,1
53500,1178,490,1245,4191,1
53520,1112,509,1236,4191,1
53540,1142,505,1238,4191,1
53560,1160,496,1242,4191,1
53580,1209,483,1248,4191,1
53600,1150,495,1242,4191,1
53620,1142,501,1240,4191,10
53640,1084,520,1231,4191,10
53660,1119,514,1234,4191,10
53680,1199,487,1246,4191,10
53700,1116,505,1238,4191,10
53720,1070,528,1227,4191,10
53740,1100,524,1229,4191,10
53760,1062,532,1225,4191,9
53780,1082,532,1225,4191,9
53800,1072,535,1224,4191,9
53820,1068,539,1222,4191,9
53840,1125,524,1229,4191,9
53860,1128,519,1231,4191,9
53880,1165,509,1236,4191,8
53900,1160,507,1237,4191,8
53920,1149,511,1235,4191,8
53940,1167,505,1238,4191,8
53960,1182,500,1240,4191,8
53980,1140,511,1235,4191,8
54000,1150,511,1235,4191,7
54020,1131,516,1233,4191,7
54040,1181,502,1239,4191,7
54060,1153,505,1237,4191,7
54080,1141,512,1235,4191,7
54100,1134,516,1233,4191,7
54120,1187,499,1240,4191,7
54140,1184,497,1241,4191,6
54160,1144,508,1236,4191,6
54180,1113,521,1230,4191,6
54200,1083,533,1225,4191,6
54220,1092,534,1224,4191,6
54240,1107,530,1226,4191,6
54260,1159,513,1234,4191,5
54280,1167,507,1237,4191,5
54300,1178,504,1238,4191,5
54320,1193,499,1240,4191,5
54340,1139,512,1234,4191,5
54360,1101,528,1227,4191,5
54380,1067,539,1222,4191,5
54400,1032,556,1214,4191,4
54420,1077,551,1216,4191,4
54440,1136,530,1226,4191,4
54460,1092,539,1222,4191,4
54480,1135,531,1226,4191,4
54500,1123,532,1225,4191,4
54520,1155,523,1229,4191,3
54540,1187,512,1234,4191,3
54560,1075,538,1222,4191,3
54580,1048,561,1212,4191,3
54600,1045,566,1209,4191,3
54620,1045,570,1208,4191,3
54640,1063,569,1208,4191,2
54660,1054,573,1206,4191,2
54680,1075,571,1207,4191,2
54700,1169,541,1221,4191,2
54720,1260,511,1235,4191,2
54740,1186,522,1230,4191,2
54760,1118,542,1221,4191,2
54780,1101,551,1216,4191,1
54800,1125,548,1218,4191,1
54820,1150,539,1222,4191,1
54840,1173,531,1226,4191,1
54860,1136,539,1222,4191,1
54880,1106,550,1217,4191,1
54900,1155,540,1222,4191,11
54920,1148,538,1222,4191,10
54940,1172,532,1225,4191,10
54960,1100,549,1217,4191,10
54980,1086,560,1212,4191,10
55000,1128,552,1216,4191,10
55020,1176,534,1224,4191,10
55040,1177,531,1225,4191,9
55060,1110,548,1218,4191,9
55080,1112,554,1215,4191,9
55100,1138,548,1218,4191,9
55120,1177,534,1224,4191,9
55140,1189,530,1226,4191,9
55160,1114,547,1218,4191,8
55180,1086,560,1212,4191,8
55200,1094,562,1211,4191,8
55220,1100,562,1211,4191,8
55240,1199,535,1224,4191,8
55260,1242,519,1231,4191,8
55280,1254,513,1234,4191,8
55300,1170,530,1226,4191,7
55320,1143,541,1221,4191,7
55340,1221,518,1232,4191,7
55360,1166,527,1228,4191,7
55380,1093,549,1217,4191,7
55400,1049,568,1209,4191,7
55420,1046,575,1205,4191,6
55440,1104,564,1210,4191,6
55460,1077,570,1207,4191,6
55480,1105,567,1209,4191,6
55500,1077,573,1206,4191,6
55520,1046,586,1200,4191,6
55540,1044,592,1197,4191,5
55560,1098,582,1202,4191,5
55580,1125,573,1206,4191,5
55600,1103,577,1204,4191,5
55620,1078,585,1200,4191,5
55640,1040,599,1194,4191,5
55660,1071,597,1195,4191,5
55680,1105,590,1198,4191,4
55700,1121,585,1201,4191,4
55720,1166,571,1207,4191,4
55740,1176,562,1211,4191,4
55760,1109,575,1205,4191,4
55780,1108,580,1203,4191,4
55800,1138,573,1206,4191,3
55820,1125,575,1205,4191,3
55840,1117,579,1203,4191,3
55860,1025,610,1189,4191,3
55880,1003,636,1177,4191,3
55900,1073,618,1185,4191,3
55920,1139,599,1194,4191,2
55940,1169,589,1198,4191,2
55960,1098,600,1193,4191,2
55980,1100,602,1193,4191,2
56000,1132,594,1197,4191,2
56020,1205,574,1206,4191,2
56040,1228,561,1212,4191,2
56060,1208,560,1212,4191,1
56080,1145,572,1207,4191,1
56100,1157,572,1206,4191,1
56120,1167,569,1208,4191,1
56140,1128,577,1204,4191,1
56160,1094,589,1199,4191,1
56180,1093,594,1196,4191,11
56200,1101,595,1196,4191,10
56220,1119,594,1196,4191,10
56240,1171,582,1202,4191,10
56260,1173,577,1204,4191,10
56280,1168,576,1205,4191,10
56300,1152,578,1204,4191,10
56320,1085,594,1196,4191,9
56340,1076,603,1192,4191,9
56360,1159,587,1200,4191,9
56380,1160,583,1202,4191,9
56400,1151,585,1201,4191,9
56420,1129,588,1199,4191,9
56440,1156,583,1202,4191,8
56460,1161,580,1203,4191,8
56480,1160,580,1203,4191,8
56500,1128,586,1200,4191,8
56520,1062,606,1191,4191,8
56540,1084,608,1190,4191,8
56560,1119,602,1193,4191,8
56580,1133,599,1194,4191,7
56600,1152,594,1196,4191,7
56620,1084,609,1189,4191,7
56640,1067,621,1184,4191,7
56660,1121,610,1189,4191,7
56680,1217,585,1201,4191,7
56700,1206,581,1202,4191,6
56720,1201,579,1203,4191,6
56740,1185,577,1204,4191,6
56760,1171,578,1204,4191,6
56780,1169,578,1204,4191,6
56800,1128,586,1200,4191,6
56820,1060,608,1190,4191,5
56840,1091,609,1189,4191,5
56860,1111,606,1191,4191,5
56880,1153,598,1195,4191,5
56900,1156,595,1196,4191,5
56920,1143,596,1195,4191,5
56940,1136,597,1195,4191,5
56960,1174,589,1199,4191,4
56980,1174,586,1200,4191,4
57000,1147,590,1198,4191,4
57020,1131,594,1196,4191,4
57040,1134,595,1196,4191,4
57060,1167,589,1199,4191,4
57080,1150,591,1198,4191,3
57100,1176,586,1200,4191,3
57120,1158,587,1200,4191,3
57140,1096,602,1193,4191,3
57160,1104,606,1191,4191,3
57180,1147,597,1195,4191,3
57200,1171,591,1198,4191,2
57220,1166,590,1198,4191,2
57240,1162,590,1198,4191,2
57260,1108,601,1193,4191,2
57280,1131,599,1194,4191,2
57300,1206,582,1202,4191,2
57320,1189,581,1202,4191,2
57340,1136,592,1197,4191,1
57360,1117,598,1195,4191,1
57380,1113,601,1193,4191,1
57400,1135,599,1194,4191,1
57420,1148,596,1195,4191,1
57440,1157,594,1196,4191,1
57460,1128,599,1194,4191,0
57480,1106,607,1190,4191,10
57500,1093,614,1187,4191,10
57520,1126,609,1189,4191,10
57540,1171,598,1195,4191,10
57560,1173,595,1196,4191,10
57580,1135,601,1193,4191,10
57600,1142,600,1194,4191,9
57620,1180,591,1198,4191,9
57640,1183,588,1199,4191,9
57660,1179,587,1200,4191,9
57680,1141,593,1197,4191,9
57700,1181,587,1200,4191,9
57720,1196,580,1203,4191,8
57740,1137,591,1198,4191,8
57760,1167,588,1199,4191,8
57780,1143,590,1198,4191,8
57800,1163,589,1199,4191,8
57820,1205,578,1204,4191,8
57840,1207,574,1206,4191,8
57860,1257,558,1213,4191,7
57880,1221,559,1213,4191,7
57900,1195,565,1210,4191,7
57920,1164,572,1206,4191,7
57940,1172,572,1206,4191,7
57960,1186,568,1208,4191,7
57980,1208,561,1212,4191,6
58000,1179,566,1210,4191,6
58020,1192,564,1210,4191,6
58040,1256,544,1220,4191,6
58060,1302,526,1228,4191,6
58080,1290,526,1228,4191,6
58100,1239,537,1223,4191,5
58120,1198,546,1219,4191,5
58140,1226,537,1223,4191,5
58160,1264,525,1228,4191,5
58180,1266,522,1230,4191,5
58200,1253,522,1230,4191,5
58220,1252,520,1231,4191,5
58240,1314,489,1245,4191,4
58260,1347,453,1262,4191,4
58280,1270,489,1245,4191,4
58300,1246,502,1239,4191,4
58320,1207,514,1234,4191,4
58340,1214,512,1234,4191,4
58360,1236,505,1238,4191,3
58380,1243,501,1239,4191,3
58400,1250,496,1242,4191,3
58420,1233,498,1241,4191,3
58440,1272,481,1249,4191,3
58460,1331,435,1270,4191,3
58480,1320,426,1274,4191,3
58500,1298,433,1271,4191,2
58520,1195,480,1249,4191,2
58540,1191,493,1243,4191,2
58560,1237,474,1252,4191,2
58580,1279,447,1265,4191,2
58600,1247,455,1261,4191,2
58620,1250,454,1261,4191,1
58640,1304,420,1277,4191,1
58660,1293,413,1281,4191,1
58680,1293,409,1282,4191,1
58700,1234,434,1271,4191,1
58720,1258,428,1274,4191,1
58740,1258,421,1277,4191,0
58760,1222,436,1270,4191,10
58780,1283,407,1283,4191,10
58800,1290,393,1290,4191,10
58820,1282,393,1289,4191,10
58840,1277,393,1290,4191,10
58860,1288,384,1294,4191,10
58880,1305,371,1300,4191,9
58900,1298,369,1301,4191,9
58920,1272,378,1297,4191,9
58940,1271,377,1297,4191,9
58960,1210,399,1287,4191,9
58980,1168,422,1276,4191,9
59000,1213,407,1283,4191,9
59020,1181,416,1279,4191,8
59040,1233,399,1287,4191,8
59060,1282,371,1300,4191,8
59080,1293,357,1306,4191,8
59100,1323,333,1317,4191,8
59120,1311,329,1319,4191,8
59140,1296,333,1318,4191,7
59160,1247,349,1310,4191,7
59180,1226,359,1305,4191,7
59200,1213,368,1301,4191,7
59220,1212,370,1300,4191,7
59240,1174,385,1293,4191,7
59260,1170,390,1291,4191,6
59280,1192,384,1294,4191,6
59300,1199,382,1295,4191,6
59320,1224,373,1299,4191,6
59340,1228,366,1302,4191,6
59360,1256,345,1312,4191,6
59380,1297,318,1324,4191,6
59400,1325,303,1332,4191,5
59420,1297,308,1329,4191,5
59440,1242,322,1322,4191,5
59460,1211,335,1316,4191,5
59480,1215,335,1317,4191,5
59500,1198,343,1313,4191,5
59520,1175,355,1307,4191,4
59540,1170,360,1305,4191,4
59560,1160,366,1302,4191,4
59580,1186,358,1306,4191,4
59600,1216,343,1313,4191,4
59620,1245,325,1321,4191,4
59640,1262,312,1327,4191,3
59660,1255,311,1328,4191,3
59680,1258,306,1330,4191,3
59700,1224,318,1324,4191,3
59720,1228,317,1325,4191,3
59740,1190,330,1319,4191,3
59760,1140,354,1308,4191,3
59780,1144,357,1306,4191,2
59800,1193,337,1316,4191,2
59820,1223,322,1323,4191,2
59840,1231,317,1325,4191,2
59860,1205,323,1322,4191,2
59880,1198,325,1321,4191,2
59900,1280,290,1337,4192,1
59920,1360,250,1356,4192,1
59940,1336,258,1353,4192,1
59960,1257,288,1338,4192,1
59980,1177,316,1326,4191,1
60000,1157,326,1321,4191,1
60020,1259,286,1339,4192,0
60040,1260,280,1342,4192,10
60060,1257,280,1342,4192,10
60080,1480,182,1388,4192,10
60100,1779,103,1424,4192,10
60120,1922,88,1431,4192,10
60140,1562,114,1419,4192,10
60160,1181,275,1344,4192,9
60180,1201,269,1347,4192,9
60200,1248,235,1363,4192,9
60220,1044,315,1326,4191,9
60240,1076,322,1323,4191,9
60260,1191,271,1346,4192,9
60280,1293,212,1374,4192,9
60300,1317,192,1383,4191,8
60320,1258,225,1368,4192,8
60340,1362,181,1388,4192,8
60360,1321,186,1385,4192,8
60380,1206,235,1363,4192,8
60400,1203,239,1361,4192,8
60420,1212,236,1363,4192,7
60440,1180,249,1356,4192,7
60460,1192,246,1358,4192,7
60480,1190,246,1358,4192,7
60500,1229,228,1366,4192,7
60520,1215,233,1364,4192,7
60540,1220,228,1366,4192,6
60560,1269,204,1377,4191,6
60580,1257,205,1377,4192,6
60600,1239,211,1374,4192,6
60620,1238,209,1375,4192,6
60640,1205,223,1368,4192,6
60660,1165,244,1359,4191,6
60680,1187,234,1363,4191,5
60700,1176,240,1361,4191,5
60720,1185,236,1363,4191,5
60740,1190,232,1364,4192,5
60760,1251,203,1378,4192,5
60780,1248,199,1380,4192,5
60800,1226,206,1376,4192,4
60820,1234,201,1379,4192,4
60840,1184,225,1368,4192,4
60860,1180,227,1367,4191,4
60880,1167,235,1363,4191,4
60900,1161,239,1361,4191,4
60920,1148,246,1358,4191,4
60940,1172,234,1363,4191,3
60960,1204,217,1371,4191,3
60980,1191,221,1369,4191,3
61000,1206,212,1373,4192,3
61020,1254,189,1384,4191,3
61040,1190,216,1372,4191,3
61060,1222,199,1380,4191,2
61080,1167,227,1367,4191,2
61100,1177,221,1369,4191,2
61120,1149,238,1362,4191,2
61140,1144,241,1360,4191,2
61160,1174,226,1367,4191,2
61180,1177,223,1368,4191,1
61200,1183,219,1371,4191,1
61220,1218,201,1379,4191,1
61240,1176,220,1370,4191,1
61260,1185,215,1372,4191,1
61280,1161,227,1366,4191,1
61300,1173,220,1370,4191,1
61320,1166,224,1368,4191,10
61340,1167,224,1368,4191,10
61360,1157,229,1366,4191,10
61380,1196,210,1374,4191,10
61400,1167,222,1369,4191,10
61420,1182,214,1373,4191,10
61440,1174,218,1371,4191,10
61460,1184,212,1374,4191,9
61480,1158,225,1368,4191,9
61500,1169,219,1370,4191,9
61520,1127,243,1359,4191,9
61540,1155,229,1366,4191,9
61560,1151,231,1365,4191,9
61580,1143,235,1363,4191,8
61600,1191,213,1373,4191,8
61620,1183,213,1373,4191,8
61640,1203,202,1378,4191,8
61660,1180,211,1374,4191,8
61680,1214,196,1381,4192,8
61700,1148,226,1367,4191,8
61720,1152,225,1368,4191,7
61740,1147,229,1366,4191,7
61760,1119,244,1359,4191,7
61780,1136,237,1362,4191,7
61800,1149,231,1365,4191,7
61820,1170,219,1371,4191,7
61840,1163,221,1369,4191,6
61860,1194,207,1376,4191,6
61880,1178,212,1374,4191,6
61900,1207,199,1380,4191,6
61920,1156,219,1370,4191,6
61940,1183,209,1375,4191,6
61960,1119,241,1360,4191,5
61980,1166,220,1370,4191,5
62000,1120,241,1360,4191,5
62020,1132,237,1362,4191,5
62040,1146,231,1365,4191,5
62060,1176,214,1373,4191,5
62080,1159,221,1370,4191,5
62100,1216,198,1380,4191,4
62120,1213,194,1382,4191,4
62140,1130,233,1364,4191,4
62160,1203,205,1377,4191,4
62180,1221,190,1384,4191,4
62200,1089,252,1355,4191,4
62220,1016,283,1341,4191,3
62240,1017,290,1338,4191,3
62260,1129,248,1357,4191,3
62280,1236,202,1378,4191,3
62300,1245,184,1386,4191,3
62320,1200,198,1380,4191,3
62340,1103,249,1356,4191,3
62360,1054,272,1346,4191,2
62380,999,296,1334,4191,2
62400,998,307,1330,4191,2
62420,972,328,1320,4191,2
62440,1008,315,1326,4191,2
62460,996,329,1319,4191,2
62480,1069,290,1337,4191,1
62500,1067,292,1337,4191,1
62520,1051,306,1330,4191,1
62540,1000,336,1316,4191,1
62560,992,345,1312,4191,1
62580,982,355,1307,4191,1
62600,975,366,1302,4191,0
62620,960,387,1292,4191,10
62640,935,426,1274,4190,10
62660,935,441,1267,4190,10
62680,968,399,1287,4191,10
62700,1040,350,1309,4191,10
62720,1128,299,1333,4191,10
62740,1197,258,1353,4191,9
62760,1165,271,1346,4191,9
62780,1097,315,1326,4191,9
62800,979,370,1300,4191,9
62820,910,441,1268,4190,9
62840,885,507,1237,4190,9
62860,889,507,1237,4190,9
62880,930,451,1263,4190,8
62900,1020,374,1298,4191,8
62920,1162,323,1322,4191,8
62940,1291,252,1355,4191,8
62960,1298,232,1364,4191,8
62980,1247,251,1355,4192,8
63000,1166,288,1338,4191,7
63020,1035,347,1311,4191,7
63040,932,402,1286,4191,7
63060,893,482,1248,4190,7
63080,915,494,1243,4191,7
63100,955,436,1270,4191,7
63120,1040,375,1298,4191,6
63140,1183,327,1320,4191,6
63160,1283,263,1350,4191,6
63180,1292,248,1357,4191,6
63200,1251,262,1350,4192,6
63220,1167,300,1333,4191,6
63240,1065,349,1310,4191,6
63260,970,395,1289,4191,5
63280,915,459,1259,4191,5
63300,922,484,1248,4191,5
63320,989,422,1276,4191,5
63340,1061,378,1297,4191,5
63360,1148,348,1310,4191,5
63380,1213,313,1327,4191,4
63400,1209,306,1330,4191,4
63420,1179,312,1327,4191,4
63440,1136,330,1319,4191,4
63460,1084,357,1306,4191,4
63480,1023,396,1288,4191,4
63500,994,424,1275,4191,3
63520,994,429,1273,4191,3
63540,1012,420,1277,4191,3
63560,1047,404,1285,4191,3
63580,1121,367,1302,4191,3
63600,1168,344,1313,4191,3
63620,1165,336,1316,4191,3
63640,1149,339,1315,4191,2
63660,1137,343,1313,4191,2
63680,1104,361,1305,4191,2
63700,1090,373,1299,4191,2
63720,1070,388,1292,4191,2
63740,1035,415,1280,4191,2
63760,1015,432,1271,4191,1
63780,1041,420,1277,4191,1
63800,1097,388,1292,4191,1
63820,1163,363,1304,4191,1
63840,1223,332,1318,4191,1
63860,1187,333,1317,4191,1
63880,1128,356,1307,4191,0
63900,1103,371,1300,4191,10
63920,1100,376,1297,4191,10
63940,1086,386,1293,4191,10
63960,1052,411,1281,4191,10
63980,1056,416,1279,4191,10
64000,1095,393,1290,4191,10
64020,1135,373,1299,4191,9
64040,1133,370,1300,4191,9
64060,1158,359,1306,4191,9
64080,1166,351,1309,4191,9
64100,1164,350,1310,4191,9
64120,1152,353,1308,4191,9
64140,1104,376,1297,4191,9
64160,1094,388,1292,4191,8
64180,1113,382,1295,4191,8
64200,1132,373,1299,4191,8
64220,1103,383,1294,4191,8
64240,1110,383,1294,4191,8
64260,1107,385,1293,4191,8
64280,1127,378,1296,4191,7
64300,1129,377,1297,4191,7
64320,1118,380,1296,4191,7
64340,1119,381,1295,4191,7
64360,1125,381,1295,4191,7
64380,1127,380,1296,4191,7
64400,1130,379,1296,4191,6
64420,1137,376,1297,4191,6
64440,1098,392,1290,4191,6
64460,1095,399,1287,4191,6
64480,1133,385,1294,4191,6
64500,1153,375,1298,4191,6
64520,1122,381,1295,4191,6
64540,1134,380,1296,4191,5
64560,1162,370,1300,4191,5
64580,1182,360,1305,4191,5
64600,1205,347,1311,4191,5
64620,1227,332,1318,4191,5
64640,1253,315,1326,4191,5
64660,1277,300,1333,4191,4
64680,1293,289,1338,4192,4
64700,1300,282,1341,4192,4
64720,1264,293,1336,4192,4
64740,1248,298,1334,4192,4
64760,1225,305,1331,4191,4
64780,1200,313,1327,4191,3
64800,1186,319,1324,4191,3
64820,1190,318,1324,4191,3
64840,1237,299,1333,4191,3
64860,1264,285,1340,4191,3
64880,1260,283,1341,4192,3
64900,1295,265,1349,4192,3
64920,1339,239,1361,4192,2
64940,1333,241,1360,4192,2
64960,1345,232,1364,4192,2
64980,1263,263,1350,4192,2
65000,1209,284,1340,4192,2
65020,1328,230,1365,4192,2
65040,1428,171,1393,4191,1
65060,1499,129,1412,4192,1
65080,1610,113,1420,4192,1
65100,1342,191,1383,4192,1
65120,1090,308,1329,4191,1
65140,1106,302,1332,4191,1
65160,1224,259,1352,4191,0
65180,1177,267,1348,4191,10
65200,1159,277,1344,4191,10
65220,1224,253,1355,4192,10
65240,1347,187,1385,4192,10
65260,1291,208,1375,4192,10
65280,1277,217,1371,4192,10
65300,1281,213,1373,4192,9
65320,1281,207,1376,4192,9
65340,1191,244,1359,4192,9
65360,1189,249,1357,4192,9
65380,1217,237,1362,4192,9
65400,1210,239,1361,4192,9
65420,1184,249,1357,4192,9
65440,1250,219,1370,4192,8
65460,1217,232,1364,4192,8
65480,1228,225,1368,4192,8
65500,1238,218,1371,4192,8
65520,1242,214,1373,4192,8
65540,1206,229,1366,4192,8
65560,1221,221,1369,4192,7
65580,1157,251,1355,4191,7
65600,1210,227,1367,4192,7
65620,1177,241,1360,4192,7
65640,1195,234,1364,4192,7
65660,1220,221,1369,4192,7
65680,1220,218,1371,4191,6
65700,1212,220,1370,4191,6
65720,1203,223,1369,4192,6
65740,1207,220,1370,4191,6
65760,1206,219,1370,4192,6
65780,1200,221,1369,4192,6
65800,1196,223,1369,4192,6
65820,1197,221,1369,4191,5
65840,1179,231,1365,4191,5
65860,1188,225,1367,4191,5
65880,1161,240,1361,4191,5
65900,1195,222,1369,4191,5
65920,1166,237,1362,4191,5
65940,1205,215,1372,4191,4
65960,1181,227,1367,4191,4
65980,1225,204,1377,4192,4
66000,1165,233,1364,4191,4
66020,1227,203,1378,4191,4
66040,1161,234,1363,4191,4
66060,1202,211,1374,4191,3
66080,1145,241,1360,4191,3
66100,1181,222,1369,4191,3
66120,1179,224,1368,4191,3
66140,1175,225,1368,4191,3
66160,1156,235,1363,4191,3
66180,1190,217,1371,4191,3
66200,1192,215,1372,4191,2
66220,1184,217,1371,4191,2
66240,1198,210,1375,4191,2
66260,1162,228,1366,4191,2
66280,1201,208,1375,4191,2
66300,1167,224,1368,4191,2
66320,1161,227,1367,4191,1
66340,1176,220,1370,4191,1
66360,1199,208,1376,4191,1
66380,1161,225,1367,4191,1
66400,1167,222,1369,4191,1
66420,1167,223,1369,4191,1
66440,1161,225,1367,4191,0
66460,1162,225,1368,4191,10
66480,1117,249,1356,4191,10
66500,1132,244,1359,4191,10
66520,1172,225,1368,4191,10
66540,1138,239,1361,4191,10
66560,1152,233,1364,4191,10
66580,1173,223,1369,4191,9
66600,1174,220,1370,4191,9
66620,1152,231,1365,4191,9
66640,1137,240,1361,4191,9
66660,1146,236,1363,4191,9
66680,1157,230,1365,4191,9
66700,1136,241,1360,4191,9
66720,1188,216,1372,4191,8
66740,1150,232,1364,4191,8
66760,1153,231,1365,4191,8
66780,1132,243,1359,4191,8
66800,1227,203,1378,4191,8
66820,1082,264,1349,4191,8
66840,1184,224,1368,4191,7
66860,1124,247,1357,4191,7
66880,1187,216,1372,4191,7
66900,1148,233,1364,4191,7
66920,1160,227,1367,4191,7
66940,1192,211,1374,4191,7
66960,1234,191,1383,4191,6
66980,1112,247,1357,4191,6
67000,1147,233,1364,4191,6
67020,1167,223,1369,4191,6
67040,1174,215,1372,4191,6
67060,1118,245,1358,4191,6
67080,1136,239,1361,4191,6
67100,1163,226,1367,4191,5
67120,1175,216,1372,4191,5
67140,1159,224,1368,4191,5
67160,1166,221,1370,4191,5
67180,1190,209,1375,4191,5
67200,1171,216,1372,4191,5
67220,1152,225,1368,4191,4
67240,1088,260,1351,4191,4
67260,1160,230,1365,4191,4
67280,1170,220,1370,4191,4
67300,1165,219,1370,4191,4
67320,1157,224,1368,4191,4
67340,1201,205,1377,4191,3
67360,1211,197,1381,4191,3
67380,1173,211,1374,4191,3
67400,1137,231,1365,4191,3
67420,1115,245,1358,4191,3
67440,1148,229,1366,4191,3
67460,1126,240,1361,4191,3
67480,1147,230,1365,4191,2
67500,1134,237,1362,4191,2
67520,1189,211,1374,4191,2
67540,1188,208,1376,4191,2
67560,1167,216,1372,4191,2
67580,1162,218,1371,4191,2
67600,1188,208,1376,4191,1
67620,1155,220,1370,4191,1
67640,1133,234,1364,4191,1
67660,1146,228,1366,4191,1
67680,1152,225,1368,4191,1
67700,1158,221,1369,4191,1
67720,1142,229,1366,4191,1
67740,1146,228,1366,4191,10
67760,1157,223,1368,4191,10
67780,1148,226,1367,4191,10
67800,1178,213,1373,4191,10
67820,1181,209,1375,4191,10
67840,1163,216,1372,4191,10
67860,1170,213,1373,4191,9
67880,1197,201,1379,4191,9
67900,1127,234,1364,4191,9
67920,1167,217,1371,4191,9
67940,1137,229,1366,4191,9
67960,1153,222,1369,4191,9
67980,1143,227,1367,4191,9
68000,1151,223,1368,4191,8
68020,1177,212,1374,4191,8
68040,1179,208,1375,4191,8
68060,1146,223,1369,4191,8
68080,1182,209,1375,4191,8
68100,1136,228,1366,4191,8
68120,1153,221,1370,4191,7
68140,1160,218,1371,4191,7
68160,1140,227,1367,4191,7
68180,1169,214,1372,4191,7
68200,1159,217,1371,4191,7
68220,1155,219,1371,4191,7
68240,1129,233,1364,4191,7
68260,1167,217,1371,4191,6
68280,1141,226,1367,4191,6
68300,1154,220,1370,4191,6
68320,1164,216,1372,4191,6
68340,1169,213,1373,4191,6
68360,1186,205,1377,4191,6
68380,1168,210,1374,4191,5
68400,1156,216,1372,4191,5
68420,1127,232,1364,4191,5
68440,1156,220,1370,4191,5
68460,1124,235,1363,4191,5
68480,1117,241,1360,4191,5
68500,1142,229,1366,4191,4
68520,1149,224,1368,4191,4
68540,1150,222,1369,4191,4
68560,1165,216,1372,4191,4
68580,1204,200,1379,4191,4
68600,1169,210,1375,4191,4
68620,1175,208,1376,4191,4
68640,1143,222,1369,4191,3
68660,1119,237,1362,4191,3
68680,1140,228,1366,4191,3
68700,1209,201,1379,4191,3
68720,1122,234,1363,4191,3
68740,1114,242,1360,4191,3
68760,1154,224,1368,4191,2
68780,1156,218,1371,4191,2
68800,1193,203,1378,4191,2
68820,1171,209,1375,4191,2
68840,1172,209,1375,4191,2
68860,1187,202,1378,4191,2
68880,1172,206,1376,4191,1
68900,1137,224,1368,4191,1
68920,1169,211,1374,4191,1
68940,1116,235,1363,4191,1
68960,1147,222,1369,4191,1
68980,1160,216,1372,4191,1
69000,1134,227,1367,4191,1
69020,1140,225,1368,4191,10
69040,1157,218,1371,4191,10
69060,1091,252,1355,4191,10
69080,1144,230,1365,4191,10
69100,1147,225,1368,4191,10
69120,1148,222,1369,4191,10
69140,1189,206,1376,4191,10
69160,1154,218,1371,4191,9
69180,1212,198,1380,4191,9
69200,1175,205,1377,4191,9
69220,1196,198,1380,4191,9
69240,1160,209,1375,4191,9
69260,1154,214,1373,4191,9
69280,1142,220,1370,4191,8
69300,1135,225,1368,4191,8
69320,1138,224,1368,4191,8
69340,1159,215,1372,4191,8
69360,1158,214,1373,4191,8
69380,1105,243,1359,4191,8
69400,1146,225,1367,4191,7
69420,1126,233,1364,4191,7
69440,1170,214,1373,4191,7
69460,1147,221,1370,4191,7
69480,1169,212,1374,4191,7
69500,1171,210,1375,4191,7
69520,1191,201,1379,4191,7
69540,1159,212,1374,4191,6
69560,1149,217,1371,4191,6
69580,1163,212,1373,4191,6
69600,1146,218,1371,4191,6
69620,1151,217,1371,4191,6
69640,1139,223,1369,4191,6
69660,1146,220,1370,4191,5
69680,1143,221,1369,4191,5
69700,1154,217,1371,4191,5
69720,1151,218,1371,4191,5
69740,1151,218,1371,4191,5
69760,1136,225,1368,4191,5
69780,1168,213,1373,4191,4
69800,1156,215,1372,4191,4
69820,1125,231,1365,4191,4
69840,1165,215,1372,4191,4
69860,1171,210,1375,4191,4
69880,1140,222,1369,4191,4
69900,1144,221,1369,4191,4
69920,1167,212,1374,4191,3
69940,1171,209,1375,4191,3
69960,1181,204,1377,4191,3
69980,1170,207,1376,4191,3
70000,1197,197,1380,4191,3
70020,1174,203,1378,4191,3
70040,1160,209,1375,4191,2
70060,1124,227,1367,4191,2
70080,1172,210,1375,4191,2
70100,1172,206,1376,4191,2
70120,1173,205,1377,4191,2
70140,1212,192,1383,4191,2
70160,1185,196,1381,4191,1
70180,1197,192,1383,4191,1
70200,1203,189,1384,4191,1
70220,1180,195,1381,4191,1
70240,1160,202,1378,4191,1
70260,1159,204,1377,4191,1
70280,1148,209,1375,4191,1
70300,1136,215,1372,4191,10
70320,1161,209,1375,4191,10
70340,1166,206,1377,4191,10
70360,1193,197,1381,4191,10
70380,1202,191,1383,4191,10
70400,1213,186,1386,4191,10
70420,1201,186,1386,4191,10
70440,1176,192,1383,4191,9
70460,1155,200,1379,4191,9
70480,1163,199,1380,4191,9
70500,1136,209,1375,4191,9
70520,1146,208,1376,4191,9
70540,1151,206,1376,4191,9
70560,1118,219,1370,4191,8
70580,1123,220,1370,4191,8
70600,1115,224,1368,4191,8
70620,1112,226,1367,4191,8
70640,1090,240,1361,4191,8
70660,1109,232,1364,4191,8
70680,1092,241,1360,4191,7
70700,1091,244,1359,4191,7
70720,1094,243,1359,4191,7
70740,1115,235,1363,4191,7
70760,1107,239,1361,4191,7
70780,1117,236,1363,4191,7
70800,1121,235,1363,4191,7
70820,1115,238,1362,4191,6
70840,1095,249,1356,4191,6
70860,1106,245,1358,4191,6
70880,1098,247,1357,4191,6
70900,1081,257,1353,4191,6
70920,1097,251,1355,4191,6
70940,1083,258,1352,4191,5
70960,1062,270,1347,4191,5
70980,1072,267,1348,4191,5
71000,1067,270,1347,4191,5
71020,1057,277,1344,4191,5
71040,1074,271,1346,4191,5
71060,1054,282,1341,4191,4
71080,1060,282,1341,4191,4
71100,1078,275,1345,4191,4
71120,1046,293,1336,4191,4
71140,1070,284,1340,4191,4
71160,1062,288,1338,4191,4
71180,1077,282,1341,4191,4
71200,1053,297,1334,4191,3
71220,1061,296,1335,4191,3
71240,1074,291,1337,4191,3
71260,1068,294,1336,4191,3
71280,1069,296,1335,4191,3
71300,1078,293,1336,4191,3
71320,1066,301,1332,4191,2
71340,1051,311,1328,4191,2
71360,1078,298,1334,4191,2
71380,1072,302,1332,4191,2
71400,1072,304,1331,4191,2
71420,1069,308,1329,4191,2
71440,1062,313,1327,4191,2
71460,1088,300,1333,4191,1
71480,1069,311,1328,4191,1
71500,1075,311,1328,4191,1
71520,1064,318,1324,4191,1
71540,1096,301,1332,4191,1
71560,1085,308,1329,4191,1
71580,1084,311,1327,4191,10
71600,1112,295,1335,4191,10
71620,1093,305,1331,4191,10
71640,1090,310,1328,4191,10
71660,1103,302,1332,4191,10
71680,1063,326,1321,4191,10
71700,1079,322,1323,4191,10
71720,1083,318,1325,4191,9
71740,1071,327,1320,4191,9
71760,1078,326,1321,4191,9
71780,1097,315,1326,4191,9
71800,1095,316,1325,4191,9
71820,1102,314,1326,4191,9
71840,1156,285,1340,4191,8
71860,1119,300,1333,4191,8
71880,1122,302,1332,4191,8
71900,1120,304,1331,4191,8
71920,1074,331,1318,4191,8
71940,1079,333,1318,4191,8
71960,1110,314,1326,4191,7
71980,1099,318,1324,4191,7
72000,1106,318,1324,4191,7
72020,1112,314,1326,4191,7
72040,1105,319,1324,4191,7
72060,1089,331,1319,4191,7
72080,1089,333,1318,4191,7
72100,1109,321,1323,4191,6
72120,1095,330,1319,4191,6
72140,1108,324,1321,4191,6
72160,1102,327,1320,4191,6
72180,1104,328,1320,4191,6
72200,1111,325,1321,4191,6
72220,1127,316,1325,4191,5
72240,1130,314,1326,4191,5
72260,1127,316,1326,4191,5
72280,1116,323,1322,4191,5
72300,1111,326,1321,4191,5
72320,1083,341,1314,4191,5
72340,1110,330,1319,4191,4
72360,1102,332,1318,4191,4
72380,1132,320,1324,4191,4
72400,1091,338,1315,4191,4
72420,1136,321,1323,4191,4
72440,1108,329,1319,4191,4
72460,1112,331,1318,4191,4
72480,1118,328,1320,4191,3
72500,1109,332,1318,4191,3
72520,1135,322,1323,4191,3
72540,1126,324,1322,4191,3
72560,1140,319,1324,4191,3
72580,1123,326,1321,4191,3
72600,1119,329,1319,4191,2
72620,1091,343,1313,4191,2
72640,1095,344,1312,4191,2
72660,1105,339,1315,4191,2
72680,1105,339,1315,4191,2
72700,1102,343,1313,4191,2
72720,1128,331,1318,4191,2
72740,1140,324,1322,4191,1
72760,1118,333,1317,4191,1
72780,1132,330,1319,4191,1
72800,1130,329,1319,4191,1
72820,1106,341,1314,4191,1
72840,1086,354,1308,4191,1
72860,1108,344,1312,4191,10
72880,1092,351,1309,4191,10
72900,1111,344,1312,4191,10
72920,1089,355,1307,4191,10
72940,1115,344,1312,4191,10
72960,1086,358,1306,4191,10
72980,1102,355,1307,4191,10
73000,1085,363,1304,4191,9
73020,1101,357,1306,4191,9
73040,1112,350,1310,4191,9
73060,1116,349,1310,4191,9
73080,1120,347,1311,4191,9
73100,1130,341,1314,4191,9
73120,1138,338,1315,4191,8
73140,1123,344,1313,4191,8
73160,1130,342,1313,4191,8
73180,1111,350,1309,4191,8
73200,1105,356,1307,4191,8
73220,1102,359,1306,4191,8
73240,1089,368,1301,4191,7
73260,1114,357,1306,4191,7
73280,1091,368,1301,4191,7
73300,1098,370,1301,4191,7
73320,1102,366,1302,4191,7
73340,1096,371,1300,4191,7
73360,1108,367,1302,4191,7
73380,1124,357,1306,4191,6
73400,1129,354,1308,4191,6
73420,1108,366,1302,4191,6
73440,1135,353,1308,4191,6
73460,1127,355,1307,4191,6
73480,1125,357,1306,4191,6
73500,1117,361,1305,4191,5
73520,1135,354,1308,4191,5
73540,1129,356,1307,4191,5
73560,1126,358,1306,4191,5
73580,1132,356,1307,4191,5
73600,1139,352,1309,4191,5
73620,1129,357,1306,4191,5
73640,1130,357,1306,4191,4
73660,1129,358,1306,4191,4
73680,1104,371,1300,4191,4
73700,1121,366,1302,4191,4
73720,1137,357,1306,4191,4
73740,1104,373,1299,4191,4
73760,1128,365,1303,4191,3
73780,1128,363,1304,4191,3
73800,1127,364,1303,4191,3
73820,1135,361,1305,4191,3
73840,1151,353,1308,4191,3
73860,1134,359,1305,4191,3
73880,1139,358,1306,4191,2
73900,1139,358,1306,4191,2
73920,1130,362,1304,4191,2
73940,1130,364,1303,4191,2
73960,1113,372,1299,4191,2
73980,1133,366,1302,4191,2
74000,1117,372,1299,4191,2
74020,1171,350,1309,4191,1
74040,1134,361,1305,4191,1
74060,1176,346,1311,4191,1
74080,1125,364,1303,4191,1
74100,1164,350,1310,4191,1
74120,1161,348,1311,4191,1
74140,1157,350,1310,4191,11
74160,1185,338,1315,4191,10
74180,1203,328,1320,4191,10
74200,1179,334,1317,4191,10
74220,1175,335,1316,4191,10
74240,1181,333,1318,4191,10
74260,1132,353,1308,4191,10
74280,1137,355,1307,4191,9
74300,1148,350,1310,4191,9
74320,1103,370,1300,4191,9
74340,1149,354,1308,4191,9
74360,1141,355,1307,4191,9
74380,1115,368,1301,4191,9
74400,1152,354,1308,4191,8
74420,1168,345,1312,4191,8
74440,1137,357,1306,4191,8
74460,1180,340,1314,4191,8
74480,1146,351,1309,4191,8
74500,1152,350,1309,4191,8
74520,1168,343,1313,4191,8
74540,1129,358,1306,4191,7
74560,1163,347,1311,4191,7
74580,1137,355,1307,4191,7
74600,1161,347,1311,4191,7
74620,1146,352,1309,4191,7
74640,1153,350,1310,4191,7
74660,1168,343,1313,4191,6
74680,1159,345,1312,4191,6
74700,1147,350,1309,4191,6
74720,1154,348,1310,4191,6
74740,1146,351,1309,4191,6
74760,1149,351,1309,4191,6
74780,1143,353,1308,4191,5
74800,1138,356,1307,4191,5
74820,1148,353,1308,4191,5
74840,1134,358,1306,4191,5
74860,1131,361,1304,4191,5
74880,1133,361,1304,4191,5
74900,1121,367,1301,4191,5
74920,1147,358,1306,4191,4
74940,1157,351,1309,4191,4
74960,1140,357,1306,4191,4
74980,1157,351,1309,4191,4
75000,1170,344,1312,4191,4
75020,1129,361,1305,4191,4
75040,1166,347,1311,4191,3
75060,1109,370,1301,4191,3
75080,1162,351,1309,4191,3
75100,1127,363,1304,4191,3
75120,1153,355,1307,4191,3
75140,1149,354,1308,4191,3
75160,1145,356,1307,4191,3
75180,1140,359,1306,4191,2
75200,1150,355,1307,4191,2
75220,1134,361,1304,4191,2
75240,1138,361,1304,4191,2
75260,1156,353,1308,4191,2
75280,1128,364,1303,4191,2
75300,1130,366,1302,4191,1
75320,1121,372,1299,4191,1
75340,1161,355,1307,4191,1
75360,1113,373,1299,4191,1
75380,1146,363,1304,4191,1
75400,1125,371,1300,4191,1
75420,1128,372,1300,4191,0
75440,1137,368,1301,4191,10
75460,1129,371,1300,4191,10
75480,1127,374,1298,4191,10
75500,1140,369,1301,4191,10
75520,1156,360,1305,4191,10
75540,1128,371,1300,4191,10
75560,1119,378,1297,4191,9
75580,1160,362,1304,4191,9
75600,1110,379,1296,4191,9
75620,1119,380,1296,4191,9
75640,1109,386,1293,4191,9
75660,1134,378,1297,4191,9
75680,1120,381,1295,4191,9
75700,1151,372,1300,4191,8
75720,1116,382,1295,4191,8
75740,1130,379,1296,4191,8
75760,1135,378,1296,4191,8
75780,1124,381,1295,4191,8
75800,1124,383,1295,4191,8
75820,1119,385,1293,4191,7
75840,1124,384,1294,4191,7
75860,1122,385,1293,4191,7
75880,1155,375,1298,4191,7
75900,1099,394,1289,4191,7
75920,1156,377,1297,4191,7
75940,1142,378,1296,4191,6
75960,1164,371,1300,4191,6
75980,1151,373,1299,4191,6
76000,1163,368,1301,4191,6
76020,1176,361,1305,4191,6
76040,1118,381,1295,4191,6
76060,1159,371,1300,4191,6
76080,1155,370,1300,4191,5
76100,1130,379,1296,4191,5
76120,1142,378,1297,4191,5
76140,1162,369,1301,4191,5
76160,1137,377,1297,4191,5
76180,1197,356,1307,4191,5
76200,1131,376,1298,4191,4
76220,1174,363,1303,4191,4
76240,1159,365,1303,4191,4
76260,1182,356,1307,4191,4
76280,1163,359,1305,4191,4
76300,1169,358,1306,4191,4
76320,1180,352,1309,4191,3
76340,1152,362,1304,4191,3
76360,1190,348,1310,4191,3
76380,1127,371,1300,4191,3
76400,1125,379,1296,4191,3
76420,1139,376,1297,4191,3
76440,1110,385,1293,4191,3
76460,1117,385,1293,4191,2
76480,1148,376,1298,4191,2
76500,1126,381,1295,4191,2
76520,1151,374,1298,4191,2
76540,1135,379,1296,4191,2
76560,1160,371,1300,4191,2
76580,1155,370,1300,4191,1
76600,1149,372,1299,4191,1
76620,1172,363,1304,4191,1
76640,1141,373,1299,4191,1
76660,1171,363,1303,4191,1
76680,1113,383,1294,4191,1
76700,1167,368,1301,4191,1
76720,1166,363,1303,4191,10
76740,1161,364,1303,4191,10
76760,1147,370,1300,4191,10
76780,1174,360,1305,4191,10
76800,1205,345,1312,4191,10
76820,1146,364,1303,4191,10
76840,1205,343,1313,4191,9
76860,1143,362,1304,4191,9
76880,1127,375,1298,4191,9
76900,1167,361,1305,4191,9
76920,1159,360,1305,4191,9
76940,1150,364,1303,4191,9
76960,1159,361,1304,4191,9
76980,1083,394,1289,4191,8
77000,1118,388,1292,4191,8
77020,1143,378,1296,4191,8
77040,1133,378,1297,4191,8
77060,1177,363,1303,4191,8
77080,1210,346,1312,4191,8
77100,1151,362,1304,4191,7
77120,1143,369,1301,4191,7
77140,1197,347,1311,4191,7
77160,1265,312,1327,4191,7
77180,1196,334,1317,4191,7
77200,1002,431,1272,4191,7
77220,923,510,1235,4191,7
77240,910,537,1223,4191,6
77260,927,517,1232,4191,6
77280,967,483,1248,4191,6
77300,998,476,1251,4191,6
77320,1040,467,1255,4191,6
77340,1055,462,1258,4191,6
77360,1071,457,1260,4191,5
77380,1032,477,1250,4191,5
77400,966,513,1234,4191,5
77420,977,516,1233,4191,5
77440,1008,496,1242,4191,5
77460,970,514,1234,4191,5
77480,921,561,1212,4191,4
77500,896,598,1195,4191,4
77520,903,596,1195,4191,4
77540,951,560,1212,4191,4
77560,958,550,1217,4191,4
77580,924,588,1199,4191,4
77600,908,620,1184,4191,4
77620,931,605,1191,4191,3
77640,967,570,1208,4191,3
77660,986,555,1214,4191,3
77680,986,562,1211,4191,3
77700,1000,562,1211,4191,3
77720,988,568,1209,4191,3
77740,957,591,1198,4191,2
77760,939,617,1186,4191,2
77780,954,614,1187,4191,2
77800,943,621,1184,4191,2
77820,907,655,1168,4191,2
77840,896,691,1151,4191,2
77860,918,678,1157,4191,2
77880,946,642,1174,4191,1
77900,986,617,1186,4191,1
77920,992,623,1183,4191,1
77940,939,662,1165,4191,1
77960,899,719,1138,4191,1
77980,923,711,1142,4191,1
78000,945,675,1159,4191,10
78020,965,658,1167,4191,10
78040,958,666,1163,4191,10
78060,961,677,1158,4191,10
78080,935,708,1143,4191,10
78100,946,707,1144,4191,10
78120,972,678,1158,4191,10
78140,1007,665,1163,4191,9
78160,984,677,1158,4191,9
78180,959,699,1148,4191,9
78200,928,732,1132,4191,9
78220,926,744,1127,4191,9
78240,947,729,1134,4191,9
78260,929,742,1128,4191,8
78280,931,747,1125,4191,8
78300,915,758,1120,4192,8
78320,956,730,1133,4191,8
78340,1008,688,1153,4191,8
78360,976,696,1149,4191,8
78380,936,737,1130,4191,7
78400,929,750,1124,4191,7
78420,914,758,1120,4192,7
78440,952,732,1132,4191,7
78460,988,695,1150,4191,7
78480,957,712,1142,4191,7
78500,903,764,1118,4192,7
78520,898,780,1110,4192,6
78540,903,773,1113,4192,6
78560,951,737,1130,4191,6
78580,953,725,1135,4191,6
78600,930,746,1126,4191,6
78620,885,785,1108,4192,6
78640,875,800,1101,4192,5
78660,913,778,1111,4192,5
78680,900,785,1108,4192,5
78700,901,789,1106,4192,5
78720,912,781,1110,4192,5
78740,915,777,1112,4192,5
78760,950,747,1126,4191,5
78780,980,710,1143,4191,4
78800,931,741,1128,4191,4
78820,915,766,1117,4192,4
78840,919,763,1118,4192,4
78860,908,770,1115,4192,4
78880,920,768,1116,4192,4
78900,938,750,1124,4191,3
78920,949,735,1131,4191,3
78940,967,718,1139,4191,3
78960,978,704,1145,4191,3
78980,989,695,1150,4191,3
79000,955,718,1139,4191,3
79020,975,710,1142,4191,2
79040,1003,691,1152,4191,2
79060,995,691,1151,4191,2
79080,997,693,1150,4191,2
79100,1005,692,1151,4191,2
79120,1026,685,1154,4191,2
79140,1055,680,1157,4191,2
79160,1084,674,1159,4191,1
79180,1106,665,1164,4191,1
79200,1097,665,1163,4191,1
79220,1089,667,1162,4191,1
79240,1144,647,1172,4191,1
79260,1183,633,1178,4191,1
79280,1195,625,1182,4191,11
79300,1207,616,1186,4191,10
79320,1196,613,1188,4191,10
79340,1187,612,1188,4191,10
79360,1194,608,1190,4191,10
79380,1229,598,1194,4191,10
79400,1268,583,1201,4191,10
79420,1302,565,1210,4191,9
79440,1282,564,1210,4191,9
79460,1276,561,1212,4191,9
79480,1302,544,1219,4191,9
79500,1342,523,1229,4191,9
79520,1369,497,1242,4191,9
79540,1376,475,1251,4191,8
79560,1414,432,1272,4191,8
79580,1387,434,1271,4191,8
79600,1382,431,1272,4191,8
79620,1396,414,1280,4191,8
79640,1415,395,1289,4191,8
79660,1415,388,1292,4191,8
79680,1411,388,1292,4191,7
79700,1363,410,1282,4191,7
79720,1248,466,1256,4191,7
79740,1198,503,1239,4191,7
79760,1184,516,1232,4191,7
79780,1197,510,1235,4191,7
79800,1218,503,1239,4191,6
79820,1234,497,1241,4191,6
79840,1261,484,1247,4191,6
79860,1335,431,1272,4191,6
79880,1378,393,1290,4191,6
79900,1428,355,1307,4191,6
79920,1419,353,1308,4191,5
79940,1341,385,1294,4191,5
79960,1263,422,1276,4191,5
79980,1227,440,1268,4191,5
80000,1188,463,1257,4191,5
80020,1197,463,1257,4191,5
80040,1197,462,1258,4191,5
80060,1187,466,1256,4191,4
80080,1216,455,1261,4191,4
80100,1248,436,1270,4191,4
80120,1317,393,1290,4191,4
80140,1318,380,1296,4191,4
80160,1243,410,1282,4191,4
80180,1222,422,1276,4191,3
80200,1225,421,1276,4191,3
80220,1229,419,1278,4191,3
80240,1210,425,1275,4191,3
80260,1160,449,1264,4191,3
80280,1169,452,1262,4191,3
80300,1177,448,1264,4191,2
80320,1179,446,1265,4191,2
80340,1193,439,1268,4191,2
80360,1180,442,1267,4191,2
80380,1174,446,1265,4191,2
80400,1170,448,1264,4191,2
80420,1214,428,1273,4191,2
80440,1226,416,1279,4191,1
80460,1203,421,1277,4191,1
80480,1165,438,1269,4191,1
80500,1107,469,1255,4191,1
80520,1127,470,1254,4191,1
80540,1094,479,1250,4191,1
80560,1087,482,1248,4191,11
80580,1046,500,1240,4191,10
80600,1003,523,1229,4191,10
80620,994,533,1225,4191,10
80640,955,552,1216,4191,10
80660,949,565,1210,4191,10
80680,918,596,1195,4191,10
80700,905,626,1182,4191,9
80720,857,678,1158,4191,9
80740,858,699,1148,4191,9
80760,887,675,1159,4191,9
80780,918,648,1172,4191,9
80800,931,643,1174,4191,9
80820,953,636,1177,4191,8
80840,912,674,1159,4191,8
80860,867,732,1132,4191,8
80880,836,757,1121,4191,8
80900,861,748,1125,4191,8
80920,874,739,1129,4191,8
80940,908,728,1134,4191,8
80960,895,738,1130,4191,7
80980,847,766,1116,4192,7
81000,809,791,1105,4192,7
81020,838,795,1103,4192,7
81040,876,788,1106,4192,7
81060,898,782,1109,4192,7
81080,903,784,1108,4192,6
81100,915,784,1108,4192,6
81120,942,762,1118,4192,6
81140,970,727,1135,4191,6
81160,974,713,1141,4191,6
81180,998,694,1150,4191,6
81200,988,697,1149,4191,5
81220,938,738,1130,4191,5
81240,926,754,1122,4192,5
81260,940,741,1128,4191,5
81280,943,734,1131,4191,5
81300,948,732,1133,4191,5
81320,926,749,1124,4191,5
81340,910,765,1117,4192,4
81360,914,765,1117,4192,4
81380,972,717,1139,4191,4
81400,974,702,1146,4191,4
81420,960,716,1140,4191,4
81440,916,757,1121,4192,4
81460,908,770,1115,4192,3
81480,943,742,1128,4191,3
81500,987,698,1148,4191,3
81520,988,690,1152,4191,3
81540,986,696,1149,4191,3
81560,962,713,1141,4191,3
81580,957,719,1138,4191,2
81600,976,704,1145,4191,2
81620,1000,689,1152,4191,2
81640,980,695,1149,4191,2
81660,1025,686,1153,4191,2
81680,1099,669,1161,4191,2
81700,1140,652,1169,4191,2
81720,1110,660,1166,4191,1
81740,1121,656,1167,4191,1
81760,1153,641,1174,4191,1
81780,1223,621,1184,4191,1
81800,1243,610,1189,4191,1
81820,1237,604,1192,4191,1
81840,1235,597,1195,4191,0
81860,1248,589,1199,4191,10
81880,1269,578,1204,4191,10
81900,1337,544,1220,4191,10
81920,1329,540,1222,4191,10
81940,1312,542,1220,4191,10
81960,1311,532,1225,4191,10
81980,1357,501,1239,4191,9
82000,1397,458,1260,4191,9
82020,1398,443,1267,4191,9
82040,1389,435,1270,4191,9
82060,1408,412,1281,4191,9
82080,1419,396,1288,4191,9
82100,1491,349,1310,4191,8
82120,1458,357,1306,4191,8
82140,1342,425,1275,4191,8
82160,1160,494,1243,4191,8
82180,1131,530,1226,4191,8
82200,1110,544,1219,4191,8
82220,1182,525,1228,4191,8
82240,1398,417,1279,4191,7
82260,1437,360,1305,4191,7
82280,1225,458,1259,4191,7
82300,1380,408,1283,4192,7
82320,1398,370,1300,4192,7
82340,1271,427,1274,4191,7
82360,1291,430,1273,4191,6
82380,1280,426,1274,4191,6
82400,1295,414,1280,4191,6
82420,1260,428,1273,4191,6
82440,1250,437,1269,4191,6
82460,1253,434,1271,4191,6
82480,1302,403,1285,4191,6
82500,1245,423,1276,4191,5
82520,1292,403,1285,4191,5
82540,1276,401,1286,4191,5
82560,1243,416,1279,4191,5
82580,1226,424,1275,4191,5
82600,1277,400,1287,4191,5
82620,1259,401,1286,4191,4
82640,1250,405,1284,4191,4
82660,1259,399,1287,4191,4
82680,1255,397,1288,4191,4
82700,1225,407,1283,4191,4
82720,1240,403,1285,4191,4
82740,1271,384,1294,4191,3
82760,1227,399,1287,4191,3
82780,1247,393,1290,4191,3
82800,1236,393,1290,4191,3
82820,1223,397,1288,4191,3
82840,1210,401,1286,4191,3
82860,1211,400,1286,4191,2
82880,1239,389,1292,4191,2
82900,1116,435,1270,4191,2
82920,1368,340,1314,4191,2
82940,1164,395,1289,4191,2
82960,1219,392,1290,4191,2
82980,1184,403,1285,4191,2
83000,1159,414,1280,4191,1
83020,1287,363,1303,4191,1
83040,1128,411,1282,4191,1
83060,1193,402,1285,4191,1
83080,1245,378,1297,4191,1
83100,1242,374,1299,4191,1
83120,1125,411,1281,4191,11
83140,1245,378,1297,4191,10
83160,1241,369,1301,4191,10
83180,1205,380,1295,4191,10
83200,1235,368,1301,4191,10
83220,1191,380,1296,4191,10
83240,1157,392,1290,4191,10
83260,1207,380,1296,4191,9
83280,1207,377,1297,4191,9
83300,1167,387,1292,4191,9
83320,1138,400,1286,4191,9
83340,1196,384,1294,4191,9
83360,1216,375,1298,4191,9
83380,1135,395,1289,4191,8
83400,1205,379,1296,4191,8
83420,1181,381,1295,4191,8
83440,1225,368,1301,4191,8
83460,1158,383,1294,4191,8
83480,1178,381,1295,4191,8
83500,1178,380,1296,4191,8
83520,1213,369,1301,4191,7
83540,1185,374,1298,4191,7
83560,1179,376,1298,4191,7
83580,1185,374,1299,4191,7
83600,1174,376,1297,4191,7
83620,1180,375,1298,4191,7
83640,1128,391,1291,4191,6
83660,1183,377,1297,4191,6
83680,1169,378,1297,4191,6
83700,1192,372,1299,4191,6
83720,1133,388,1292,4191,6
83740,1183,376,1298,4191,6
83760,1182,372,1299,4191,5
83780,1158,379,1296,4191,5
83800,1091,407,1283,4191,5
83820,1285,334,1317,4191,5
83840,1109,385,1293,4191,5
83860,1211,363,1303,4191,5
83880,1071,410,1282,4191,5
83900,1253,350,1310,4191,4
83920,1175,364,1303,4191,4
83940,1155,375,1298,4191,4
83960,1104,398,1287,4191,4
83980,1194,370,1300,4191,4
84000,1174,371,1300,4191,4
84020,1145,379,1296,4191,3
84040,1173,373,1299,4191,3
84060,1185,366,1302,4191,3
84080,1198,358,1306,4191,3
84100,1175,363,1303,4191,3
84120,1163,369,1301,4191,3
84140,1176,364,1303,4191,2
84160,1199,353,1308,4191,2
84180,1158,366,1302,4191,2
84200,1149,373,1299,4191,2
84220,1157,372,1299,4191,2
84240,1182,361,1304,4191,2
84260,1175,361,1305,4191,2
84280,1140,375,1298,4191,1
84300,1151,374,1298,4191,1
84320,1180,361,1304,4191,1
84340,1160,366,1302,4191,1
84360,1145,374,1298,4191,1
84380,1116,387,1293,4191,1
84400,1136,383,1294,4191,11
84420,1145,379,1296,4191,10
84440,1181,366,1302,4191,10
84460,1107,388,1292,4191,10
84480,1144,381,1295,4191,10
84500,1172,369,1301,4191,10
84520,1160,371,1300,4191,10
84540,1132,381,1295,4191,9
84560,1141,381,1295,4191,9
84580,1137,382,1295,4191,9
84600,1181,368,1301,4191,9
84620,1117,385,1293,4191,9
84640,1163,374,1298,4191,9
84660,1171,367,1301,4191,8
84680,1131,380,1296,4191,8
84700,1180,366,1302,4191,8
84720,1164,367,1302,4191,8
84740,1167,366,1302,4191,8
84760,1155,370,1300,4191,8
84780,1129,381,1295,4191,8
84800,1160,373,1299,4191,7
84820,1132,381,1295,4191,7
84840,1168,370,1300,4191,7
84860,1179,362,1304,4191,7
84880,1159,367,1301,4191,7
84900,1137,378,1297,4191,7
84920,1161,370,1300,4191,6
84940,1149,374,1299,4191,6
84960,1135,379,1296,4191,6
84980,1137,381,1295,4191,6
85000,1157,374,1298,4191,6
85020,1155,373,1299,4191,6
85040,1155,372,1299,4191,5
85060,1177,363,1304,4191,5
85080,1179,359,1306,4191,5
85100,1178,357,1306,4191,5
85120,1160,363,1304,4191,5
85140,1189,352,1309,4191,5
85160,1178,352,1309,4191,5
85180,1142,367,1301,4191,4
85200,1156,365,1303,4191,4
85220,1143,371,1300,4191,4
85240,1149,370,1300,4191,4
85260,1146,371,1300,4191,4
85280,1144,373,1299,4191,4
85300,1168,363,1304,4191,3
85320,1184,354,1308,4191,3
85340,1160,360,1305,4191,3
85360,1184,351,1309,4191,3
85380,1176,350,1309,4191,3
85400,1156,359,1305,4191,3
85420,1143,367,1302,4191,2
85440,1182,351,1309,4191,2
85460,1143,364,1303,4191,2
85480,1142,368,1301,4191,2
85500,1187,349,1310,4191,2
85520,1159,357,1307,4191,2
85540,1120,376,1298,4191,2
85560,1151,368,1301,4191,1
85580,1143,369,1301,4191,1
85600,1158,363,1304,4191,1
85620,1139,370,1300,4191,1
85640,1162,362,1304,4191,1
85660,1176,353,1308,4191,1
85680,1135,369,1301,4191,10
85700,1129,376,1298,4191,10
85720,1111,385,1293,4191,10
85740,1120,384,1294,4191,10
85760,1164,368,1301,4191,10
85780,1114,381,1295,4191,10
85800,1107,390,1291,4191,10
85820,1130,384,1294,4191,9
85840,1171,368,1301,4191,9
85860,1141,374,1299,4191,9
85880,1125,381,1295,4191,9
85900,1144,377,1297,4191,9
85920,1172,365,1303,4191,9
85940,1158,367,1302,4191,8
85960,1124,380,1296,4191,8
85980,1170,365,1303,4191,8
86000,1153,368,1301,4191,8
86020,1182,358,1306,4191,8
86040,1119,379,1296,4191,8
86060,1176,362,1304,4191,7
86080,1148,369,1301,4191,7
86100,1180,358,1306,4191,7
86120,1136,372,1299,4191,7
86140,1144,373,1299,4191,7
86160,1134,378,1297,4191,7
86180,1160,367,1301,4191,7
86200,1117,382,1295,4191,6
86220,1140,377,1297,4191,6
86240,1153,372,1299,4191,6
86260,1145,374,1299,4191,6
86280,1147,373,1299,4191,6
86300,1130,380,1296,4191,6
86320,1171,366,1302,4191,5
86340,1136,376,1297,4191,5
86360,1143,375,1298,4191,5
86380,1161,368,1301,4191,5
86400,1140,375,1298,4191,5
86420,1144,375,1298,4191,5
86440,1155,371,1300,4191,4
86460,1136,377,1297,4191,4
86480,1138,378,1297,4191,4
86500,1152,374,1299,4191,4
86520,1159,370,1301,4191,4
86540,1105,388,1292,4191,4
86560,1153,376,1298,4191,4
86580,1156,372,1299,4191,3
86600,1133,379,1296,4191,3
86620,1164,370,1300,4191,3
86640,1155,371,1300,4191,3
86660,1167,366,1302,4191,3
86680,1162,365,1303,4191,3
86700,1167,363,1304,4191,2
86720,1141,373,1299,4191,2
86740,1173,362,1304,4191,2
86760,1132,377,1297,4191,2
86780,1156,370,1300,4191,2
86800,1149,372,1300,4191,2
86820,1097,392,1290,4191,1
86840,1127,387,1293,4191,1
86860,1142,380,1295,4191,1
86880,1174,369,1301,4191,1
86900,1125,381,1295,4191,1
86920,1152,375,1298,4191,1
86940,1166,368,1301,4191,1
86960,1171,364,1303,4191,10
86980,1158,367,1302,4191,10
87000,1135,378,1297,4191,10
87020,1167,367,1302,4191,10
87040,1149,372,1300,4191,10
87060,1169,365,1303,4191,10
87080,1138,376,1298,4191,9
87100,1158,369,1301,4191,9
87120,1187,356,1307,4191,9
87140,1160,362,1304,4191,9
87160,1148,369,1301,4191,9
87180,1152,369,1301,4191,9
87200,1161,365,1303,4191,9
87220,1175,358,1306,4191,8
87240,1164,360,1305,4191,8
87260,1148,367,1302,4191,8
87280,1192,350,1310,4191,8
87300,1152,362,1304,4191,8
87320,1139,370,1300,4191,8
87340,1147,370,1300,4191,7
87360,1138,374,1298,4191,7
87380,1163,364,1303,4191,7
87400,1147,368,1301,4191,7
87420,1124,379,1296,4191,7
87440,1172,362,1304,4191,7
87460,1178,355,1307,4191,6
87480,1147,366,1302,4191,6
87500,1151,366,1302,4191,6
87520,1160,363,1304,4191,6
87540,1171,357,1307,4191,6
87560,1129,373,1299,4191,6
87580,1138,375,1298,4191,6
87600,1146,372,1299,4191,5
87620,1144,372,1299,4191,5
87640,1128,378,1296,4191,5
87660,1151,372,1300,4191,5
87680,1167,363,1304,4191,5
87700,1172,359,1306,4191,5
87720,1168,358,1306,4191,4
87740,1178,352,1308,4191,4
87760,1126,373,1299,4191,4
87780,1149,369,1301,4191,4
87800,1174,356,1307,4191,4
87820,1105,382,1295,4191,4
87840,1141,376,1298,4191,3
87860,1161,365,1302,4191,3
87880,1153,366,1302,4191,3
87900,1129,376,1297,4191,3
87920,1154,369,1301,4191,3
87940,1172,359,1305,4191,3
87960,1132,373,1299,4191,3
87980,1159,365,1302,4191,2
88000,1128,378,1297,4191,2
88020,1163,366,1302,4191,2
88040,1150,368,1301,4191,2
88060,1149,368,1301,4191,2
88080,1131,377,1297,4191,2
88100,1158,367,1302,4191,1
88120,1137,375,1298,4191,1
88140,1158,367,1302,4191,1
88160,1137,375,1298,4191,1
88180,1171,362,1304,4191,1
88200,1151,366,1302,4191,1
88220,1144,370,1300,4191,0
88240,1162,363,1303,4191,10
88260,1157,364,1303,4191,10
88280,1145,369,1301,4191,10
88300,1161,363,1304,4191,10
