t_ms,F_mN,c_x1000,u_us,inferenza_us,eta_ms
0,139,292,1337,4196,4
20,101,371,1300,4191,4
40,153,440,1268,4191,3
60,174,486,1246,4190,3
80,149,445,1266,4191,3
100,244,456,1261,4190,3
120,481,537,1223,4190,3
140,556,557,1214,4190,3
160,905,465,1256,4190,2
180,1110,316,1325,4191,2
200,1115,305,1331,4191,2
220,1231,258,1352,4191,2
240,1203,241,1360,4191,2
260,1129,265,1349,4191,2
280,1075,292,1336,4191,2
300,1065,293,1336,4191,1
320,1029,305,1330,4191,1
340,985,338,1315,4191,1
360,1003,326,1321,4191,1
380,1009,320,1323,4191,1
400,1034,309,1329,4191,1
420,1017,324,1322,4191,1
440,1037,312,1327,4191,0
460,1040,311,1328,4191,10
480,1051,308,1329,4191,10
500,1036,318,1324,4191,10
520,1017,333,1318,4191,10
540,1045,318,1325,4191,10
560,1031,326,1321,4191,10
580,1036,328,1320,4191,9
600,1029,334,1317,4191,9
620,1047,326,1321,4191,9
640,1051,325,1321,4191,9
660,1026,343,1313,4191,9
680,1044,336,1316,4191,9
700,1063,325,1321,4191,9
720,1064,326,1321,4191,8
740,1037,345,1312,4191,8
760,1056,337,1316,4191,8
780,1064,332,1318,4191,8
800,1042,347,1311,4191,8
820,1042,350,1309,4191,8
840,1058,342,1313,4191,8
860,1065,339,1314,4191,7
880,1080,334,1317,4191,7
900,1072,339,1315,4191,7
920,1051,353,1308,4191,7
940,1054,354,1308,4191,7
960,1063,349,1310,4191,7
980,1069,347,1311,4191,7
1000,1057,355,1307,4191,6
1020,1081,346,1312,4191,6
1040,1103,332,1318,4191,6
1060,1081,344,1312,4191,6
1080,1078,349,1310,4191,6
1100,1086,344,1312,4191,6
1120,1091,341,1314,4191,6
1140,1096,340,1314,4191,5
1160,1062,358,1306,4191,5
1180,1091,347,1311,4191,5
1200,1083,348,1311,4191,5
1220,1068,359,1305,4191,5
1240,1081,355,1307,4191,5
1260,1069,360,1305,4191,5
1280,1087,353,1308,4191,4
1300,1074,360,1305,4191,4
1320,1080,360,1305,4191,4
1340,1079,361,1305,4191,4
1360,1092,355,1307,4191,4
1380,1095,353,1308,4191,4
1400,1078,365,1303,4191,4
1420,1096,356,1307,4191,3
1440,1081,363,1303,4191,3
1460,1078,370,1301,4191,3
1480,1089,363,1303,4191,3
1500,1061,381,1295,4191,3
1520,1090,368,1301,4191,3
1540,1079,372,1299,4191,2
1560,1106,360,1305,4191,2
1580,1104,360,1305,4191,2
1600,1117,353,1308,4191,2
1620,1128,346,1311,4191,2
1640,1124,347,1311,4191,2
1660,1108,357,1306,4191,2
1680,1123,350,1310,4191,1
1700,1074,377,1297,4191,1
1720,1075,385,1293,4191,1
1740,1079,383,1294,4191,1
1760,1090,378,1297,4191,1
1780,1101,372,1299,4191,1
1800,1099,374,1298,4191,1
1820,1099,375,1298,4191,11
1840,1116,365,1303,4191,10
1860,1102,373,1299,4191,10
1880,1107,373,1299,4191,10
1900,1113,369,1301,4191,10
1920,1095,380,1296,4191,10
1940,1104,378,1296,4191,10
1960,1096,382,1295,4191,9
1980,1096,384,1294,4191,9
2000,1069,401,1286,4191,9
2020,1102,387,1292,4191,9
2040,1088,391,1290,4191,9
2060,1085,397,1288,4191,9
2080,1111,384,1294,4191,9
2100,1126,376,1298,4191,8
2120,1131,372,1299,4191,8
2140,1127,374,1299,4191,8
2160,1117,379,1296,4191,8
2180,1141,370,1300,4191,8
2200,1109,381,1295,4191,8
2220,1128,377,1297,4191,8
2240,1113,382,1295,4191,7
2260,1113,383,1294,4191,7
2280,1098,392,1290,4191,7
2300,1111,388,1292,4191,7
2320,1129,381,1295,4191,7
2340,1115,384,1294,4191,7
2360,1140,376,1297,4191,7
2380,1135,377,1297,4191,6
2400,1084,401,1286,4191,6
2420,1118,391,1291,4191,6
2440,1164,372,1299,4191,6
2460,1152,372,1299,4191,6
2480,1130,378,1297,4191,6
2500,1138,378,1297,4191,6
2520,1156,371,1300,4191,5
2540,1157,368,1301,4191,5
2560,1120,381,1295,4191,5
2580,1143,377,1297,4191,5
2600,1145,376,1298,4191,5
2620,1147,374,1299,4191,5
2640,1134,378,1297,4191,5
2660,1170,366,1302,4191,4
2680,1144,372,1299,4191,4
2700,1139,376,1298,4191,4
2720,1127,382,1295,4191,4
2740,1140,379,1296,4191,4
2760,1127,382,1295,4191,4
2780,1135,381,1295,4191,3
2800,1150,375,1298,4191,3
2820,1177,364,1303,4191,3
2840,1124,380,1296,4191,3
2860,1182,363,1304,4191,3
2880,1127,380,1296,4191,3
2900,1132,381,1295,4191,3
2920,1128,384,1294,4191,2
2940,1138,381,1295,4191,2
2960,1144,378,1297,4191,2
2980,1116,387,1293,4191,2
3000,1137,383,1294,4191,2
3020,1112,392,1290,4191,2
3040,1135,385,1293,4191,2
3060,1141,382,1295,4191,1
3080,1119,389,1291,4191,1
3100,1161,378,1297,4191,1
3120,1148,379,1296,4191,1
3140,1147,379,1296,4191,1
3160,1142,381,1295,4191,1
3180,1152,378,1297,4191,1
3200,1157,376,1298,4191,10
3220,1139,381,1295,4191,10
3240,1119,389,1291,4191,10
3260,1125,390,1291,4191,10
3280,1138,386,1293,4191,10
3300,1159,378,1296,4191,10
3320,1126,387,1293,4191,10
3340,1124,391,1291,4191,9
3360,1120,395,1289,4191,9
3380,1127,393,1290,4191,9
3400,1119,397,1288,4191,9
3420,1132,393,1290,4191,9
3440,1156,384,1294,4191,9
3460,1157,381,1295,4191,9
3480,1158,380,1296,4191,8
3500,1167,377,1297,4191,8
3520,1158,378,1297,4191,8
3540,1141,384,1294,4191,8
3560,1148,383,1295,4191,8
3580,1152,381,1295,4191,8
3600,1150,381,1295,4191,8
3620,1124,390,1291,4191,7
3640,1111,399,1287,4191,7
3660,1151,386,1293,4191,7
3680,1162,381,1295,4191,7
3700,1165,378,1296,4191,7
3720,1137,386,1293,4191,7
3740,1120,394,1289,4191,7
3760,1129,394,1289,4191,6
3780,1179,378,1297,4191,6
3800,1145,383,1294,4191,6
3820,1033,448,1264,4191,6
3840,1078,439,1269,4191,6
3860,1205,383,1294,4191,6
3880,1190,377,1297,4191,6
3900,1089,413,1280,4191,5
3920,1042,456,1261,4191,5
3940,1050,458,1259,4191,5
3960,1081,442,1267,4191,5
3980,1078,442,1267,4191,5
4000,1074,448,1264,4191,5
4020,1040,470,1254,4191,5
4040,1019,485,1247,4191,4
4060,1040,477,1251,4191,4
4080,1075,458,1259,4191,4
4100,1117,441,1267,4191,4
4120,1084,455,1261,4191,4
4140,1047,480,1249,4191,4
4160,1045,484,1247,4191,4
4180,1052,478,1250,4191,3
4200,1030,487,1246,4191,3
4220,1000,507,1237,4191,3
4240,965,528,1227,4191,3
4260,938,550,1217,4191,3
4280,938,560,1212,4191,3
4300,935,566,1209,4191,2
4320,921,583,1201,4191,2
4340,933,586,1200,4191,2
4360,945,579,1203,4191,2
4380,971,562,1211,4191,2
4400,1001,547,1218,4191,2
4420,982,559,1213,4191,2
4440,952,586,1200,4191,1
4460,920,623,1183,4191,1
4480,898,654,1168,4191,1
4500,940,626,1181,4191,1
4520,987,586,1200,4191,1
4540,981,593,1197,4191,1
4560,950,625,1182,4191,1
4580,930,649,1171,4191,0
4600,944,641,1175,4191,10
4620,991,611,1188,4191,10
4640,995,611,1188,4191,10
4660,974,629,1180,4191,10
4680,945,655,1168,4191,10
4700,935,672,1160,4191,10
4720,940,672,1160,4191,10
4740,926,688,1153,4191,9
4760,887,736,1131,4191,9
4780,872,761,1119,4191,9
4800,881,758,1120,4192,9
4820,897,751,1124,4191,9
4840,922,739,1129,4191,9
4860,947,719,1138,4191,9
4880,944,720,1138,4191,8
4900,966,707,1144,4191,8
4920,980,692,1151,4191,8
4940,955,713,1141,4191,8
4960,903,766,1116,4192,8
4980,902,779,1110,4192,8
5000,926,757,1121,4192,8
5020,933,748,1125,4191,7
5040,927,755,1122,4191,7
5060,944,742,1127,4191,7
5080,987,700,1147,4191,7
5100,992,688,1153,4191,7
5120,947,724,1136,4191,7
5140,897,773,1113,4192,7
5160,903,776,1112,4192,7
5180,904,772,1114,4192,6
5200,852,805,1099,4192,6
5220,854,810,1096,4192,6
5240,906,789,1106,4192,6
5260,942,758,1120,4192,6
5280,970,726,1135,4191,6
5300,974,711,1142,4191,6
5320,987,699,1148,4191,5
5340,993,694,1150,4191,5
5360,953,721,1137,4191,5
5380,864,790,1105,4192,5
5400,818,818,1092,4192,5
5420,845,816,1094,4192,5
5440,941,765,1117,4192,5
5460,1014,692,1151,4191,4
5480,1025,680,1156,4191,4
5500,963,711,1142,4191,4
5520,963,720,1138,4191,4
5540,971,710,1143,4191,4
5560,995,692,1151,4191,4
5580,971,701,1147,4191,4
5600,958,715,1140,4191,4
5620,982,701,1147,4191,3
5640,1024,684,1155,4191,3
5660,1041,682,1156,4191,3
5680,1038,683,1155,4191,3
5700,1037,683,1155,4191,3
5720,1053,680,1156,4191,3
5740,1099,667,1162,4191,3
5760,1117,659,1166,4191,2
5780,1078,671,1161,4191,2
5800,1073,673,1160,4191,2
5820,1134,650,1171,4191,2
5840,1160,640,1175,4191,2
5860,1169,635,1177,4191,2
5880,1217,618,1185,4191,1
5900,1182,618,1185,4191,1
5920,1182,617,1186,4191,1
5940,1258,595,1196,4191,1
5960,1246,591,1198,4191,1
5980,1198,599,1194,4191,1
6000,1215,594,1197,4191,1
6020,1222,588,1199,4191,10
6040,1230,585,1201,4191,10
6060,1273,568,1208,4191,10
6080,1276,561,1212,4191,10
6100,1240,566,1209,4191,10
6120,1229,567,1209,4191,10
6140,1226,567,1209,4191,10
6160,1223,566,1209,4191,9
6180,1261,555,1215,4191,9
6200,1313,532,1225,4191,9
6220,1315,528,1227,4191,9
6240,1294,531,1225,4191,9
6260,1276,532,1225,4191,9
6280,1292,521,1230,4191,9
6300,1280,524,1229,4191,8
6320,1275,524,1229,4191,8
6340,1289,513,1234,4191,8
6360,1266,519,1231,4191,8
6380,1222,533,1225,4191,8
6400,1227,530,1226,4191,8
6420,1273,512,1234,4191,8
6440,1263,514,1234,4191,7
6460,1248,517,1232,4191,7
6480,1251,512,1234,4191,7
6500,1262,506,1237,4191,7
6520,1310,478,1250,4191,7
6540,1377,419,1278,4191,7
6560,1350,419,1278,4191,6
6580,1259,465,1256,4191,6
6600,1219,490,1244,4191,6
6620,1241,486,1246,4191,6
6640,1252,479,1250,4191,6
6660,1263,472,1253,4191,6
6680,1223,484,1247,4191,6
6700,1218,488,1246,4191,5
6720,1244,475,1251,4191,5
6740,1258,464,1257,4191,5
6760,1239,468,1255,4191,5
6780,1258,458,1259,4191,5
6800,1262,449,1264,4191,5
6820,1264,444,1266,4191,5
6840,1317,410,1282,4191,4
6860,1328,392,1290,4191,4
6880,1286,407,1283,4191,4
6900,1161,463,1257,4191,4
6920,1087,508,1236,4191,4
6940,1042,526,1228,4191,4
6960,984,542,1220,4191,4
6980,955,566,1209,4191,3
7000,872,636,1177,4191,3
7020,791,724,1136,4191,3
7040,763,756,1121,4191,3
7060,749,764,1117,4192,3
7080,726,771,1114,4192,3
7100,733,781,1110,4192,2
7120,721,794,1104,4192,2
7140,763,800,1101,4192,2
7160,792,803,1099,4192,2
7180,809,805,1098,4192,2
7200,765,821,1091,4192,2
7220,776,829,1087,4192,2
7240,803,833,1086,4192,1
7260,854,824,1090,4192,1
7280,827,829,1087,4192,1
7300,781,838,1083,4192,1
7320,785,840,1082,4192,1
7340,875,820,1092,4192,1
7360,935,790,1105,4192,1
7380,927,784,1108,4192,10
7400,873,803,1099,4192,10
7420,800,826,1089,4192,10
7440,848,820,1091,4192,10
7460,942,778,1111,4191,10
7480,1009,711,1142,4191,10
7500,1023,682,1156,4191,10
7520,1038,682,1156,4191,9
7540,1042,685,1154,4191,9
7560,1072,678,1157,4191,9
7580,1114,664,1164,4191,9
7600,1091,669,1162,4191,9
7620,1082,672,1160,4191,9
7640,1098,665,1163,4191,9
7660,1139,648,1171,4191,8
7680,1147,644,1173,4191,8
7700,1150,640,1175,4191,8
7720,1127,642,1174,4191,8
7740,1184,627,1181,4191,8
7760,1223,613,1188,4191,8
7780,1207,612,1188,4191,7
7800,1200,610,1189,4191,7
7820,1188,608,1190,4191,7
7840,1187,607,1190,4191,7
7860,1239,595,1196,4191,7
7880,1272,579,1203,4191,7
7900,1295,566,1210,4191,7
7920,1293,558,1213,4191,6
7940,1338,533,1225,4191,6
7960,1378,500,1240,4191,6
7980,1379,483,1248,4191,6
8000,1353,490,1245,4191,6
8020,1333,493,1243,4191,6
8040,1294,510,1235,4191,6
8060,1248,532,1225,4191,5
8080,1243,533,1225,4191,5
8100,1259,526,1228,4191,5
8120,1264,526,1228,4191,5
8140,1265,524,1229,4191,5
8160,1265,520,1231,4191,5
8180,1251,522,1230,4191,5
8200,1201,535,1224,4191,4
8220,1202,535,1224,4191,4
8240,1163,545,1219,4191,4
8260,1113,558,1213,4191,4
8280,1034,582,1202,4191,4
8300,971,616,1186,4191,4
8320,928,656,1167,4191,3
8340,887,695,1149,4191,3
8360,832,760,1120,4191,3
8380,771,796,1102,4192,3
8400,794,805,1099,4192,3
8420,819,807,1097,4192,3
8440,843,807,1097,4192,3
8460,893,795,1103,4192,2
8480,894,794,1103,4192,2
8500,876,801,1100,4192,2
8520,899,794,1104,4192,2
8540,931,771,1114,4192,2
8560,904,785,1108,4192,2
8580,834,812,1095,4192,2
8600,787,829,1088,4192,1
8620,846,819,1092,4192,1
8640,882,806,1098,4192,1
8660,931,782,1109,4191,1
8680,943,763,1118,4191,1
8700,939,759,1120,4191,1
8720,971,727,1135,4191,1
8740,983,704,1146,4191,10
8760,989,697,1148,4191,10
8780,1021,688,1153,4191,10
8800,1036,683,1155,4191,10
8820,1047,681,1156,4191,10
8840,1078,676,1158,4191,10
8860,1125,658,1167,4191,10
8880,1128,654,1168,4191,9
8900,1136,650,1171,4191,9
8920,1184,633,1179,4191,9
8940,1264,607,1190,4191,9
8960,1309,584,1201,4191,9
8980,1328,565,1210,4191,9
9000,1332,550,1217,4191,8
9020,1324,543,1220,4191,8
9040,1352,522,1230,4191,8
9060,1378,492,1244,4191,8
9080,1367,487,1246,4191,8
9100,1342,495,1242,4191,8
9120,1306,509,1236,4191,8
9140,1267,525,1228,4191,7
9160,1232,540,1221,4191,7
9180,1206,549,1217,4191,7
9200,1143,562,1211,4191,7
9220,1138,568,1208,4191,7
9240,1166,564,1210,4191,7
9260,1198,554,1215,4191,7
9280,1197,552,1216,4191,6
9300,1199,551,1216,4191,6
9320,1224,543,1220,4191,6
9340,1226,540,1222,4191,6
9360,1225,539,1222,4191,6
9380,1183,547,1218,4191,6
9400,1160,554,1215,4191,6
9420,1173,552,1216,4191,5
9440,1175,550,1217,4191,5
9460,1188,546,1219,4191,5
9480,1178,547,1218,4191,5
9500,1190,544,1220,4191,5
9520,1193,541,1221,4191,5
9540,1183,543,1220,4191,5
9560,1199,539,1222,4191,4
9580,1185,540,1221,4191,4
9600,1160,547,1218,4191,4
9620,1139,554,1215,4191,4
9640,1103,564,1210,4191,4
9660,1104,568,1209,4191,4
9680,1114,567,1209,4191,3
9700,1081,577,1204,4191,3
9720,1034,594,1196,4191,3
9740,1027,606,1191,4191,3
9760,1018,620,1184,4191,3
9780,1020,628,1180,4191,3
9800,1019,634,1178,4191,3
9820,1022,639,1176,4191,2
9840,991,654,1169,4191,2
9860,972,668,1162,4191,2
9880,952,678,1157,4191,2
9900,990,669,1162,4191,2
9920,1008,667,1163,4191,2
9940,963,684,1155,4191,2
9960,889,750,1124,4191,1
9980,874,785,1108,4192,1
10000,893,776,1112,4192,1
10020,886,785,1108,4192,1
10040,870,799,1101,4192,1
10060,863,805,1098,4192,1
10080,855,810,1096,4192,1
10100,891,797,1102,4192,10
10120,945,759,1120,4192,10
10140,966,731,1133,4191,10
10160,928,753,1123,4191,10
10180,877,793,1104,4192,10
10200,845,814,1094,4192,10
10220,813,825,1089,4192,10
10240,837,820,1092,4192,9
10260,854,816,1094,4192,9
10280,868,811,1095,4192,9
10300,891,802,1100,4192,9
10320,911,790,1106,4191,9
10340,916,784,1108,4191,9
10360,941,764,1118,4192,9
10380,956,741,1128,4191,8
10400,985,708,1144,4191,8
10420,1028,684,1155,4191,8
10440,1084,674,1159,4191,8
10460,1093,672,1160,4191,8
10480,1071,677,1158,4191,8
10500,1067,677,1158,4191,8
10520,1062,677,1158,4191,7
10540,1089,670,1161,4191,7
10560,1088,668,1162,4191,7
10580,1068,674,1159,4191,7
10600,1059,676,1158,4191,7
10620,1057,676,1158,4191,7
10640,1075,672,1160,4191,7
10660,1128,653,1169,4191,6
10680,1165,640,1175,4191,6
10700,1138,643,1174,4191,6
10720,1128,643,1174,4191,6
10740,1148,636,1177,4191,6
10760,1172,628,1181,4191,6
10780,1187,621,1184,4191,6
10800,1190,617,1186,4191,5
10820,1196,613,1188,4191,5
10840,1194,610,1189,4191,5
10860,1239,599,1194,4191,5
10880,1265,586,1200,4191,5
10900,1283,574,1206,4191,5
10920,1257,574,1206,4191,5
10940,1222,578,1204,4191,4
10960,1213,579,1203,4191,4
10980,1220,577,1204,4191,4
11000,1249,568,1209,4191,4
11020,1254,563,1211,4191,4
11040,1260,559,1213,4191,4
11060,1245,559,1213,4191,3
11080,1239,558,1213,4191,3
11100,1243,555,1214,4191,3
11120,1245,553,1215,4191,3
11140,1237,553,1215,4191,3
11160,1224,554,1215,4191,3
11180,1234,551,1216,4191,3
11200,1249,545,1219,4191,2
11220,1233,547,1218,4191,2
11240,1222,548,1218,4191,2
11260,1212,549,1217,4191,2
11280,1193,552,1216,4191,2
11300,1189,553,1215,4191,2
11320,1186,553,1215,4191,2
11340,1185,553,1215,4191,1
11360,1207,547,1218,4191,1
11380,1209,545,1219,4191,1
11400,1207,545,1219,4191,1
11420,1211,542,1220,4191,1
11440,1209,541,1221,4191,1
11460,1195,543,1220,4191,1
11480,1202,541,1221,4191,10
11500,1189,542,1220,4191,10
11520,1194,541,1221,4191,10
11540,1188,541,1221,4191,10
11560,1156,549,1217,4191,10
11580,1175,546,1219,4191,10
11600,1164,547,1218,4191,10
11620,1164,547,1218,4191,9
11640,1179,543,1220,4191,9
11660,1230,529,1227,4191,9
11680,1225,527,1228,4191,9
11700,1235,523,1229,4191,9
11720,1208,527,1228,4191,9
11740,1213,525,1229,4191,9
11760,1205,524,1229,4191,8
11780,1197,526,1228,4191,8
11800,1182,529,1227,4191,8
11820,1149,539,1222,4191,8
11840,1162,537,1223,4191,8
11860,1162,535,1224,4191,8
11880,1147,539,1222,4191,8
11900,1150,540,1222,4191,7
11920,1141,542,1221,4191,7
11940,1163,536,1223,4191,7
11960,1158,536,1223,4191,7
11980,1170,533,1225,4191,7
12000,1160,535,1224,4191,7
12020,1150,538,1222,4191,7
12040,1118,547,1218,4191,6
12060,1128,548,1218,4191,6
12080,1123,550,1217,4191,6
12100,1133,548,1218,4191,6
12120,1100,556,1214,4191,6
12140,1069,569,1208,4191,6
12160,1065,575,1205,4191,5
12180,1073,576,1205,4191,5
12200,1075,577,1204,4191,5
12220,1050,587,1200,4191,5
12240,1045,594,1196,4191,5
12260,992,625,1182,4191,5
12280,988,639,1176,4191,5
12300,998,637,1176,4191,4
12320,988,646,1172,4191,4
12340,981,655,1168,4191,4
12360,978,660,1166,4191,4
12380,969,668,1162,4191,4
12400,937,691,1151,4191,4
12420,948,694,1150,4191,4
12440,943,699,1147,4191,3
12460,927,724,1136,4191,3
12480,939,726,1135,4191,3
12500,957,712,1142,4191,3
12520,944,724,1136,4191,3
12540,932,742,1128,4191,3
12560,935,743,1127,4191,3
12580,931,744,1127,4191,2
12600,949,732,1132,4191,2
12620,912,758,1120,4192,2
12640,897,779,1111,4192,2
12660,860,804,1099,4192,2
12680,820,821,1091,4192,2
12700,844,816,1093,4192,1
12720,902,795,1103,4192,1
12740,938,767,1116,4191,1
12760,933,763,1118,4191,1
12780,909,781,1109,4192,1
12800,893,793,1104,4192,1
12820,893,794,1103,4192,1
12840,935,766,1117,4192,0
12860,940,751,1123,4191,10
12880,996,702,1146,4191,10
12900,1029,682,1156,4191,10
12920,1031,683,1155,4191,10
12940,1021,689,1152,4191,10
12960,994,697,1149,4191,10
12980,1002,694,1150,4191,10
13000,978,697,1148,4191,9
13020,1002,692,1151,4191,9
13040,1025,684,1154,4191,9
13060,1036,683,1155,4191,9
13080,1071,677,1158,4191,9
13100,1086,672,1160,4191,9
13120,1102,665,1163,4191,8
13140,1097,665,1164,4191,8
13160,1096,664,1164,4191,8
13180,1115,656,1167,4191,8
13200,1132,648,1171,4191,8
13220,1173,635,1177,4191,8
13240,1165,631,1179,4191,8
13260,1164,628,1180,4191,7
13280,1152,629,1180,4191,7
13300,1207,615,1187,4191,7
13320,1214,608,1190,4191,7
13340,1225,603,1192,4191,7
13360,1229,597,1195,4191,7
13380,1255,587,1200,4191,7
13400,1252,581,1202,4191,6
13420,1266,574,1206,4191,6
13440,1258,569,1208,4191,6
13460,1286,556,1214,4191,6
13480,1262,559,1213,4191,6
13500,1270,556,1214,4191,6
13520,1324,528,1227,4191,6
13540,1315,528,1227,4191,5
13560,1296,534,1224,4191,5
13580,1296,524,1229,4191,5
13600,1297,521,1230,4191,5
13620,1271,531,1226,4191,5
13640,1255,534,1224,4191,5
13660,1255,531,1226,4191,4
13680,1253,531,1226,4191,4
13700,1246,531,1225,4191,4
13720,1251,528,1227,4191,4
13740,1236,530,1226,4191,4
13760,1204,537,1223,4191,4
13780,1223,532,1225,4191,4
13800,1218,530,1226,4191,3
13820,1236,525,1228,4191,3
13840,1235,523,1229,4191,3
13860,1229,523,1229,4191,3
13880,1232,520,1231,4191,3
13900,1223,520,1231,4191,3
13920,1234,516,1233,4191,3
13940,1243,511,1235,4191,2
13960,1211,517,1232,4191,2
13980,1195,521,1230,4191,2
14000,1184,522,1230,4191,2
14020,1196,519,1231,4191,2
14040,1216,513,1234,4191,2
14060,1218,510,1235,4191,2
14080,1232,505,1238,4191,1
14100,1225,504,1238,4191,1
14120,1224,503,1239,4191,1
14140,1265,487,1246,4191,1
14160,1299,460,1259,4191,1
14180,1282,459,1259,4191,1
14200,1259,465,1256,4191,1
14220,1235,475,1252,4191,10
14240,1203,487,1246,4191,10
14260,1209,487,1246,4191,10
14280,1240,473,1252,4191,10
14300,1240,468,1255,4191,10
14320,1242,464,1257,4191,10
14340,1250,456,1260,4191,10
14360,1262,446,1265,4191,9
14380,1242,450,1263,4191,9
14400,1221,459,1259,4191,9
14420,1218,460,1259,4191,9
14440,1213,461,1258,4191,9
14460,1187,471,1254,4191,9
14480,1192,471,1254,4191,8
14500,1198,467,1255,4191,8
14520,1194,467,1255,4191,8
14540,1179,472,1253,4191,8
14560,1204,463,1257,4191,8
14580,1201,460,1258,4191,8
14600,1216,452,1262,4191,8
14620,1211,450,1263,4191,7
14640,1222,444,1266,4191,7
14660,1217,443,1267,4191,7
14680,1212,443,1266,4191,7
14700,1201,446,1265,4191,7
14720,1189,451,1263,4191,7
14740,1188,453,1262,4191,7
14760,1185,453,1262,4191,6
14780,1194,449,1264,4191,6
14800,1200,443,1266,4191,6
14820,1209,437,1269,4191,6
14840,1205,436,1270,4191,6
14860,1194,440,1268,4191,6
14880,1187,443,1267,4191,5
14900,1174,449,1264,4191,5
14920,1206,435,1270,4191,5
14940,1212,428,1274,4191,5
14960,1226,419,1278,4191,5
14980,1182,433,1271,4191,5
15000,1166,445,1265,4191,5
15020,1213,426,1274,4191,4
15040,1214,419,1278,4191,4
15060,1173,434,1271,4191,4
15080,1165,442,1267,4191,4
15100,1149,451,1263,4191,4
15120,1099,473,1252,4191,4
15140,1057,494,1243,4191,4
15160,1024,510,1235,4191,3
15180,1010,518,1231,4191,3
15200,1002,526,1228,4191,3
15220,1018,525,1228,4191,3
15240,1019,528,1227,4191,3
15260,1030,528,1227,4191,3
15280,1009,539,1222,4191,3
15300,1010,545,1219,4191,2
15320,1016,546,1219,4191,2
15340,984,561,1212,4191,2
15360,950,585,1201,4191,2
15380,953,594,1196,4191,2
15400,939,611,1189,4191,2
15420,929,629,1180,4191,1
15440,925,639,1176,4191,1
15460,919,649,1171,4191,1
15480,921,658,1167,4191,1
15500,917,671,1160,4191,1
15520,881,713,1141,4191,1
15540,841,750,1124,4191,1
15560,825,764,1118,4191,0
15580,837,762,1119,4191,10
15600,885,744,1127,4191,10
15620,945,715,1140,4191,10
15640,966,690,1152,4191,10
15660,936,709,1143,4191,10
15680,909,746,1126,4191,10
15700,898,767,1116,4192,10
15720,930,744,1127,4191,9
15740,917,751,1123,4191,9
15760,862,790,1105,4192,9
15780,845,812,1095,4192,9
15800,821,823,1090,4192,9
15820,841,819,1092,4192,9
15840,913,793,1104,4191,8
15860,924,778,1111,4191,8
15880,907,786,1107,4192,8
15900,859,807,1098,4192,8
15920,852,814,1094,4192,8
15940,858,813,1095,4192,8
15960,889,801,1100,4192,8
15980,866,808,1097,4192,7
16000,856,812,1095,4192,7
16020,864,811,1096,4192,7
16040,912,791,1105,4191,7
16060,940,767,1116,4192,7
16080,924,773,1113,4191,7
16100,858,804,1099,4192,7
16120,870,807,1097,4192,6
16140,924,780,1110,4192,6
16160,964,740,1129,4191,6
16180,918,766,1117,4191,6
16200,841,804,1099,4192,6
16220,818,823,1090,4192,6
16240,877,807,1097,4192,6
16260,903,792,1104,4192,5
16280,896,793,1104,4192,5
16300,896,794,1103,4192,5
16320,941,765,1117,4192,5
16340,957,739,1129,4191,5
16360,944,743,1127,4191,5
16380,898,781,1110,4192,5
16400,890,795,1103,4192,4
16420,965,733,1132,4191,4
16440,992,695,1150,4191,4
16460,973,703,1146,4191,4
16480,961,720,1138,4191,4
16500,963,719,1138,4191,4
16520,952,724,1136,4191,3
16540,962,718,1139,4191,3
16560,919,749,1124,4191,3
16580,923,756,1121,4192,3
16600,954,729,1134,4191,3
16620,1007,688,1153,4191,3
16640,1021,683,1155,4191,3
16660,977,699,1148,4191,2
16680,960,714,1141,4191,2
16700,975,705,1145,4191,2
16720,1016,686,1154,4191,2
16740,1032,683,1155,4191,2
16760,1008,689,1152,4191,2
16780,995,694,1150,4191,2
16800,1020,687,1153,4191,1
16820,1046,681,1156,4191,1
16840,1038,682,1156,4191,1
16860,1033,683,1155,4191,1
16880,991,692,1151,4191,1
16900,954,704,1145,4191,1
16920,963,702,1146,4191,1
16940,966,700,1147,4191,10
16960,964,703,1146,4191,10
16980,945,720,1138,4191,10
17000,943,727,1135,4191,10
17020,949,722,1137,4191,10
17040,944,726,1135,4191,10
17060,1007,689,1153,4191,10
17080,1018,684,1155,4191,9
17100,1010,688,1153,4191,9
17120,1012,690,1152,4191,9
17140,1013,689,1152,4191,9
17160,1013,688,1153,4191,9
17180,993,693,1151,4191,9
17200,947,713,1141,4191,9
17220,971,702,1146,4191,8
17240,960,704,1145,4191,8
17260,934,730,1133,4191,8
17280,929,742,1128,4191,8
17300,891,771,1114,4192,8
17320,926,754,1122,4192,8
17340,929,746,1126,4191,8
17360,925,753,1123,4192,7
17380,904,772,1114,4192,7
17400,943,745,1126,4191,7
17420,914,760,1119,4192,7
17440,896,785,1108,4192,7
17460,899,785,1108,4192,7
17480,932,759,1120,4191,6
17500,949,739,1129,4191,6
17520,927,754,1122,4191,6
17540,925,759,1120,4192,6
17560,911,768,1116,4192,6
17580,896,785,1108,4192,6
17600,882,797,1102,4192,6
17620,860,807,1097,4192,5
17640,875,803,1099,4192,5
17660,903,791,1105,4192,5
17680,946,758,1120,4192,5
17700,952,741,1128,4191,5
17720,925,759,1120,4192,5
17740,923,764,1117,4192,5
17760,924,760,1119,4192,4
17780,940,747,1125,4191,4
17800,988,703,1146,4191,4
17820,1016,684,1155,4191,4
17840,1015,686,1154,4191,4
17860,992,697,1149,4191,4
17880,970,706,1145,4191,3
17900,1004,694,1150,4191,3
17920,1036,683,1155,4191,3
17940,1049,681,1156,4191,3
17960,1089,673,1160,4191,3
17980,1108,664,1164,4191,3
18000,1091,667,1162,4191,3
18020,1116,658,1166,4191,2
18040,1154,642,1174,4191,2
18060,1156,639,1176,4191,2
18080,1149,637,1176,4191,2
18100,1134,639,1176,4191,2
18120,1160,631,1179,4191,2
18140,1188,621,1184,4191,2
18160,1177,620,1184,4191,1
18180,1127,631,1179,4191,1
18200,1121,635,1177,4191,1
18220,1178,622,1183,4191,1
18240,1204,614,1187,4191,1
18260,1191,614,1187,4191,1
18280,1167,616,1186,4191,1
18300,1186,611,1188,4191,10
18320,1192,608,1190,4191,10
18340,1223,600,1193,4191,10
18360,1218,597,1195,4191,10
18380,1215,595,1196,4191,10
18400,1223,591,1198,4191,10
18420,1238,584,1201,4191,10
18440,1273,568,1208,4191,9
18460,1287,558,1213,4191,9
18480,1298,550,1217,4191,9
18500,1274,554,1215,4191,9
18520,1284,546,1219,4191,9
18540,1280,542,1220,4191,9
18560,1325,522,1230,4191,9
18580,1324,515,1233,4191,8
18600,1288,528,1227,4191,8
18620,1253,538,1223,4191,8
18640,1222,544,1219,4191,8
18660,1223,544,1220,4191,8
18680,1207,546,1218,4191,8
18700,1216,544,1219,4191,8
18720,1192,548,1218,4191,7
18740,1230,539,1222,4191,7
18760,1226,537,1223,4191,7
18780,1220,538,1222,4191,7
18800,1203,540,1221,4191,7
18820,1223,535,1224,4191,7
18840,1210,535,1224,4191,6
18860,1214,534,1224,4191,6
18880,1292,507,1237,4191,6
18900,1369,449,1264,4191,6
18920,1382,423,1276,4191,6
18940,1270,475,1251,4191,6
18960,1159,523,1229,4191,6
18980,1132,540,1221,4191,5
19000,1199,520,1231,4191,5
19020,1266,499,1241,4191,5
19040,1305,475,1251,4191,5
19060,1393,405,1284,4191,5
19080,1594,263,1350,4192,5
19100,1313,382,1295,4191,5
19120,1098,466,1256,4191,4
19140,1275,462,1258,4191,4
19160,1143,506,1237,4191,4
19180,1141,509,1236,4191,4
19200,1207,487,1246,4191,4
19220,1213,483,1248,4191,4
19240,1260,461,1258,4191,3
19260,1253,454,1261,4191,3
19280,1265,445,1266,4191,3
19300,1251,445,1265,4191,3
19320,1269,433,1271,4191,3
19340,1283,418,1278,4191,3
19360,1296,405,1284,4191,3
19380,1276,409,1282,4191,2
19400,1249,420,1277,4191,2
19420,1246,422,1276,4191,2
19440,1232,427,1274,4191,2
19460,1200,440,1268,4191,2
19480,1204,441,1267,4191,2
19500,1209,438,1269,4191,2
19520,1219,432,1271,4191,1
19540,1226,427,1274,4191,1
19560,1216,428,1274,4191,1
19580,1221,424,1275,4191,1
19600,1181,439,1268,4191,1
19620,1205,432,1271,4191,1
19640,1215,425,1275,4191,0
19660,1200,428,1274,4191,10
19680,1209,424,1275,4191,10
19700,1217,418,1278,4191,10
19720,1234,408,1283,4191,10
19740,1198,419,1278,4191,10
19760,1229,407,1283,4191,10
19780,1186,420,1277,4191,9
19800,1204,417,1279,4191,9
19820,1182,424,1275,4191,9
19840,1198,418,1278,4191,9
19860,1199,415,1279,4191,9
19880,1209,409,1282,4191,9
19900,1207,407,1283,4191,9
19920,1189,413,1280,4191,8
19940,1179,419,1278,4191,8
19960,1183,418,1278,4191,8
19980,1181,418,1278,4191,8
20000,1179,419,1278,4191,8
20020,1186,415,1279,4191,8
20040,1182,415,1279,4191,8
20060,1184,414,1280,4191,7
20080,1177,415,1279,4191,7
20100,1162,421,1276,4191,7
20120,1171,420,1277,4191,7
20140,1175,418,1278,4191,7
20160,1164,421,1277,4191,7
20180,1176,417,1278,4191,6
20200,1181,414,1280,4191,6
20220,1154,422,1276,4191,6
20240,1154,424,1275,4191,6
20260,1161,423,1276,4191,6
20280,1133,433,1271,4191,6
20300,1151,429,1273,4191,6
20320,1180,418,1278,4191,5
20340,1159,421,1277,4191,5
20360,1183,413,1280,4191,5
20380,1169,416,1279,4191,5
20400,1162,419,1278,4191,5
20420,1155,422,1276,4191,5
20440,1181,413,1280,4191,4
20460,1153,420,1277,4191,4
20480,1173,415,1280,4191,4
20500,1175,412,1281,4191,4
20520,1159,417,1279,4191,4
20540,1185,408,1283,4191,4
20560,1169,410,1282,4191,4
20580,1172,410,1282,4191,3
20600,1166,411,1281,4191,3
20620,1173,409,1282,4191,3
20640,1164,411,1281,4191,3
20660,1186,403,1285,4191,3
20680,1169,406,1284,4191,3
20700,1182,402,1286,4191,3
20720,1173,403,1285,4191,2
20740,1172,403,1285,4191,2
20760,1178,400,1286,4191,2
20780,1159,405,1284,4191,2
20800,1162,406,1284,4191,2
20820,1172,402,1285,4191,2
20840,1167,403,1285,4191,1
20860,1188,396,1288,4191,1
20880,1145,408,1283,4191,1
20900,1194,394,1289,4191,1
20920,1148,405,1284,4191,1
20940,1168,401,1286,4191,1
20960,1173,397,1288,4191,1
20980,1172,397,1288,4191,10
21000,1186,392,1290,4191,10
21020,1181,391,1291,4191,10
21040,1150,400,1286,4191,10
21060,1182,392,1290,4191,10
21080,1149,400,1286,4191,10
21100,1167,396,1288,4191,10
21120,1160,397,1288,4191,9
21140,1162,397,1288,4191,9
21160,1167,395,1289,4191,9
21180,1154,399,1287,4191,9
21200,1140,405,1284,4191,9
21220,1142,407,1283,4191,9
21240,1128,414,1280,4191,8
21260,1165,402,1285,4191,8
21280,1110,420,1277,4191,8
21300,1132,418,1278,4191,8
21320,1143,413,1280,4191,8
21340,1153,409,1282,4191,8
21360,1179,398,1287,4191,8
21380,1168,398,1287,4191,7
21400,1148,405,1284,4191,7
21420,1133,412,1281,4191,7
21440,1165,401,1286,4191,7
21460,1166,398,1287,4191,7
21480,1185,391,1290,4191,7
21500,1184,389,1292,4191,7
21520,1163,393,1290,4191,6
21540,1169,392,1290,4191,6
21560,1146,399,1287,4191,6
21580,1152,399,1287,4191,6
21600,1157,397,1288,4191,6
21620,1151,399,1287,4191,6
21640,1128,410,1282,4191,5
21660,1158,401,1286,4191,5
21680,1188,389,1292,4191,5
21700,1171,391,1291,4191,5
21720,1153,396,1288,4191,5
21740,1151,397,1288,4191,5
21760,1261,358,1306,4191,5
21780,1117,397,1288,4191,4
21800,1057,450,1263,4191,4
21820,1110,436,1270,4191,4
21840,1156,412,1281,4191,4
21860,1165,402,1285,4191,4
21880,1170,396,1288,4191,4
21900,1187,388,1292,4191,3
21920,1154,394,1289,4191,3
21940,1135,404,1285,4191,3
21960,1146,402,1285,4191,3
21980,1147,402,1286,4191,3
22000,1150,401,1286,4191,3
22020,1134,407,1283,4191,3
22040,1140,407,1283,4191,2
22060,1142,406,1284,4191,2
22080,1131,411,1282,4191,2
22100,1147,406,1283,4191,2
22120,1187,391,1290,4191,2
22140,1135,404,1285,4191,2
22160,1163,397,1288,4191,2
22180,1144,402,1285,4191,1
22200,1133,408,1283,4191,1
22220,1128,413,1280,4191,1
22240,1129,414,1280,4191,1
22260,1130,415,1279,4191,1
22280,1165,402,1285,4191,1
22300,1136,409,1282,4191,0
22320,1134,412,1281,4191,10
22340,1150,407,1283,4191,10
22360,1145,407,1283,4191,10
22380,1153,405,1284,4191,10
22400,1173,396,1288,4191,10
22420,1150,402,1286,4191,10
22440,1107,421,1276,4191,9
22460,1104,431,1272,4191,9
22480,1107,433,1271,4191,9
22500,1060,460,1259,4191,9
22520,1004,496,1242,4191,9
22540,1068,470,1254,4191,9
22560,1179,425,1275,4191,9
22580,1177,412,1281,4191,8
22600,1114,433,1271,4191,8
22620,1140,428,1274,4191,8
22640,1136,428,1273,4191,8
22660,1167,417,1279,4191,8
22680,1154,417,1278,4191,8
22700,1147,420,1277,4191,7
22720,1088,449,1264,4191,7
22740,1083,462,1258,4191,7
22760,1122,447,1265,4191,7
22780,1162,426,1274,4191,7
22800,1142,426,1274,4191,7
22820,1129,432,1272,4191,7
22840,1136,431,1272,4191,6
22860,1126,436,1270,4191,6
22880,1145,430,1272,4191,6
22900,1133,432,1272,4191,6
22920,1135,432,1271,4191,6
22940,1132,434,1271,4191,6
22960,1124,439,1268,4191,6
22980,1113,447,1265,4191,5
23000,1114,449,1263,4191,5
23020,1128,444,1266,4191,5
23040,1133,440,1268,4191,5
23060,1118,445,1265,4191,5
23080,1136,441,1267,4191,5
23100,1112,450,1263,4191,4
23120,1120,451,1263,4191,4
23140,1138,443,1267,4191,4
23160,1171,429,1273,4191,4
23180,1153,430,1273,4191,4
23200,1177,421,1276,4191,4
23220,1171,420,1277,4191,4
23240,1149,427,1274,4191,3
23260,1139,434,1271,4191,3
23280,1128,441,1267,4191,3
23300,1104,456,1260,4191,3
23320,1053,483,1248,4191,3
23340,1006,508,1236,4191,3
23360,1003,512,1235,4191,2
23380,1030,499,1241,4191,2
23400,1029,501,1240,4191,2
23420,1008,517,1232,4191,2
23440,976,537,1223,4191,2
23460,955,552,1216,4191,2
23480,983,546,1219,4191,2
23500,985,545,1219,4191,1
23520,969,557,1214,4191,1
23540,952,574,1206,4191,1
23560,940,592,1197,4191,1
23580,930,611,1189,4191,1
23600,937,615,1187,4191,1
23620,926,624,1182,4191,0
23640,934,628,1180,4191,10
23660,951,622,1184,4191,10
23680,939,631,1179,4191,10
23700,932,644,1173,4191,10
23720,946,641,1175,4191,10
23740,931,652,1170,4191,10
23760,919,678,1157,4191,9
23780,929,681,1156,4191,9
23800,930,676,1158,4191,9
23820,925,687,1153,4191,9
23840,900,724,1136,4191,9
23860,886,747,1125,4191,9
23880,854,765,1117,4191,9
23900,860,767,1116,4192,8
23920,873,767,1116,4192,8
23940,885,768,1116,4192,8
23960,850,789,1106,4192,8
23980,810,812,1095,4192,8
24000,827,819,1092,4192,8
24020,919,790,1105,4192,8
24040,970,744,1127,4191,7
24060,1027,684,1154,4191,7
24080,1061,676,1159,4191,7
24100,1115,667,1162,4191,7
24120,1155,648,1171,4191,7
24140,1207,628,1180,4191,7
24160,1232,617,1186,4191,6
24180,1265,602,1193,4191,6
24200,1296,582,1202,4191,6
24220,1335,556,1214,4191,6
24240,1340,542,1220,4191,6
24260,1364,522,1230,4191,6
24280,1370,502,1239,4191,6
24300,1356,499,1240,4191,5
24320,1407,447,1265,4191,5
24340,1447,403,1285,4191,5
24360,1473,377,1297,4191,5
24380,1325,457,1260,4191,5
24400,1159,514,1234,4191,5
24420,1138,546,1219,4191,4
24440,1197,544,1220,4191,4
24460,1205,539,1222,4191,4
24480,1164,549,1217,4191,4
24500,1118,562,1211,4191,4
24520,1131,563,1211,4191,4
24540,1290,515,1233,4191,4
24560,1322,502,1239,4191,3
24580,1286,508,1236,4191,3
24600,1234,519,1231,4191,3
24620,1237,516,1233,4191,3
24640,1236,514,1233,4191,3
24660,1224,517,1232,4191,3
24680,1215,519,1231,4191,2
24700,1215,517,1232,4191,2
24720,1213,516,1232,4191,2
24740,1205,517,1232,4191,2
24760,1175,523,1229,4191,2
24780,1147,533,1225,4191,2
24800,1153,533,1225,4191,2
24820,1141,536,1224,4191,1
24840,1150,534,1224,4191,1
24860,1138,537,1223,4191,1
24880,1103,547,1218,4191,1
24900,1103,552,1216,4191,1
24920,1104,554,1215,4191,1
24940,1085,560,1212,4191,0
24960,1066,569,1208,4191,10
24980,1056,575,1205,4191,10
25000,1047,582,1202,4191,10
25020,1045,587,1200,4191,10
25040,1043,592,1197,4191,10
25060,1046,596,1195,4191,10
25080,1046,601,1193,4191,9
25100,1011,622,1183,4191,9
25120,1013,629,1180,4191,9
25140,1005,634,1178,4191,9
25160,1005,641,1175,4191,9
25180,1033,635,1177,4191,9
25200,1019,642,1174,4191,9
25220,1021,646,1172,4191,8
25240,1016,651,1170,4191,8
25260,1027,651,1170,4191,8
25280,990,664,1164,4191,8
25300,1000,667,1162,4191,8
25320,965,680,1156,4191,8
25340,955,690,1152,4191,8
25360,922,723,1137,4191,7
25380,937,726,1135,4191,7
25400,934,730,1133,4191,7
25420,954,720,1138,4191,7
25440,966,708,1143,4191,7
25460,1009,687,1153,4191,7
25480,1023,684,1154,4191,6
25500,1027,685,1154,4191,6
25520,1028,685,1154,4191,6
25540,1003,691,1151,4191,6
25560,975,699,1148,4191,6
25580,952,711,1142,4191,6
25600,927,735,1131,4191,6
25620,935,736,1131,4191,5
25640,946,725,1135,4191,5
25660,953,719,1138,4191,5
25680,974,703,1146,4191,5
25700,999,689,1152,4191,5
25720,987,694,1150,4191,5
25740,977,700,1147,4191,5
25760,943,724,1136,4191,4
25780,914,753,1122,4192,4
25800,955,726,1135,4191,4
25820,935,732,1132,4191,4
25840,975,707,1144,4191,4
25860,1046,680,1156,4191,4
25880,1046,680,1156,4191,4
25900,1021,686,1154,4191,3
25920,964,702,1146,4191,3
25940,960,708,1143,4191,3
25960,947,717,1139,4191,3
25980,940,728,1134,4191,3
26000,940,731,1133,4191,3
26020,933,738,1130,4191,2
26040,952,725,1136,4191,2
26060,956,718,1139,4191,2
26080,946,728,1134,4191,2
26100,965,715,1140,4191,2
26120,965,709,1143,4191,2
26140,979,700,1147,4191,2
26160,1008,689,1152,4191,1
26180,996,692,1151,4191,1
26200,976,700,1147,4191,1
26220,978,700,1147,4191,1
26240,994,694,1150,4191,1
26260,981,696,1149,4191,1
26280,962,707,1144,4191,1
26300,965,708,1143,4191,10
26320,992,694,1150,4191,10
26340,1005,688,1153,4191,10
26360,1001,690,1152,4191,10
26380,990,695,1150,4191,10
26400,1022,687,1153,4191,10
26420,1018,685,1154,4191,10
26440,1008,689,1152,4191,9
26460,991,694,1150,4191,9
26480,967,700,1147,4191,9
26500,993,694,1150,4191,9
26520,991,692,1151,4191,9
26540,1029,684,1155,4191,9
26560,1012,686,1154,4191,9
26580,1006,690,1152,4191,8
26600,1011,689,1153,4191,8
26620,988,693,1150,4191,8
26640,989,694,1150,4191,8
26660,956,706,1145,4191,8
26680,905,750,1124,4191,8
26700,859,794,1104,4192,8
26720,864,803,1100,4192,7
26740,879,796,1103,4192,7
26760,896,789,1106,4192,7
26780,940,757,1121,4192,7
26800,960,729,1134,4191,7
26820,905,768,1116,4192,7
26840,887,792,1104,4192,6
26860,893,790,1105,4192,6
26880,865,804,1099,4192,6
26900,848,812,1095,4192,6
26920,843,816,1093,4192,6
26940,924,783,1109,4191,6
26960,942,759,1120,4191,6
26980,987,716,1140,4191,5
27000,964,717,1139,4191,5
27020,935,746,1126,4191,5
27040,864,797,1102,4192,5
27060,890,796,1103,4192,5
27080,903,784,1108,4192,5
27100,927,768,1116,4192,4
27120,931,761,1119,4191,4
27140,872,796,1103,4192,4
27160,847,812,1095,4192,4
27180,847,815,1094,4192,4
27200,857,812,1095,4192,4
27220,904,794,1103,4192,4
27240,899,792,1105,4192,3
27260,860,807,1098,4192,3
27280,833,819,1092,4192,3
27300,820,825,1089,4192,3
27320,855,817,1093,4192,3
27340,882,807,1098,4192,3
27360,846,816,1093,4192,3
27380,824,823,1090,4192,2
27400,802,831,1087,4192,2
27420,799,834,1085,4192,2
27440,795,836,1084,4192,2
27460,818,832,1086,4192,2
27480,840,827,1088,4192,2
27500,852,822,1091,4192,2
27520,857,819,1092,4192,1
27540,834,824,1090,4192,1
27560,833,825,1089,4192,1
27580,830,826,1089,4192,1
27600,828,827,1088,4192,1
27620,824,828,1088,4192,1
27640,803,833,1085,4192,0
27660,783,838,1083,4192,10
27680,789,839,1083,4192,10
27700,806,837,1084,4192,10
27720,833,831,1087,4192,10
27740,869,819,1092,4192,10
27760,890,809,1097,4192,10
27780,898,802,1100,4192,9
27800,891,802,1100,4192,9
27820,877,806,1098,4192,9
27840,867,810,1096,4192,9
27860,879,806,1098,4192,9
27880,863,811,1096,4192,9
27900,790,829,1087,4192,9
27920,820,827,1088,4192,8
27940,879,811,1096,4192,8
27960,912,794,1103,4192,8
27980,913,789,1106,4191,8
28000,915,787,1107,4191,8
28020,923,780,1110,4191,8
28040,972,733,1132,4191,8
28060,933,750,1124,4191,7
28080,926,763,1118,4192,7
28100,949,744,1127,4191,7
28120,966,720,1138,4191,7
28140,949,730,1133,4191,7
28160,931,750,1124,4191,7
28180,908,768,1116,4192,6
28200,889,787,1107,4192,6
28220,898,787,1107,4192,6
28240,848,810,1096,4192,6
28260,867,807,1097,4192,6
28280,877,803,1099,4192,6
28300,890,797,1102,4192,6
28320,860,808,1097,4192,5
28340,825,820,1091,4192,5
28360,767,833,1085,4192,5
28380,758,839,1083,4192,5
28400,727,844,1081,4191,5
28420,760,845,1080,4191,5
28440,732,848,1079,4192,5
28460,709,850,1078,4191,4
28480,650,851,1077,4191,4
28500,669,852,1077,4191,4
28520,699,854,1076,4191,4
28540,677,854,1076,4191,4
28560,653,854,1076,4191,4
28580,617,855,1075,4191,3
28600,620,856,1075,4191,3
28620,655,856,1075,4191,3
28640,634,856,1075,4191,3
28660,621,857,1074,4191,3
28680,641,857,1074,4191,3
28700,648,857,1074,4191,3
28720,649,857,1075,4191,2
28740,613,858,1074,4191,2
28760,525,850,1078,4192,2
28780,485,844,1081,4192,2
28800,498,843,1081,4192,2
28820,556,852,1076,4192,2
28840,582,858,1074,4192,2
28860,500,855,1075,4192,1
28880,474,851,1077,4192,1
28900,424,841,1082,4192,1
28920,412,836,1084,4192,1
28940,404,835,1085,4192,1
28960,432,843,1081,4192,1
28980,453,851,1077,4192,1
29000,429,853,1076,4192,10
29020,388,847,1079,4192,10
29040,345,836,1084,4192,10
29060,346,829,1087,4192,10
29080,408,839,1083,4192,10
29100,434,850,1078,4192,10
29120,442,859,1073,4192,10
29140,384,854,1076,4192,10
29160,372,847,1079,4192,9
29180,447,851,1077,4192,9
29200,581,863,1071,4192,9
29220,644,865,1071,4191,9
29240,665,864,1071,4191,9
29260,638,863,1072,4191,9
29280,648,861,1073,4191,8
29300,694,860,1073,4191,8
29320,717,859,1073,4191,8
29340,798,853,1076,4192,8
29360,771,854,1076,4192,8
29380,738,855,1075,4191,8
29400,751,854,1076,4191,8
29420,814,845,1080,4192,7
29440,869,829,1087,4192,7
29460,896,816,1093,4191,7
29480,914,804,1099,4192,7
29500,898,804,1099,4192,7
29520,884,807,1098,4192,7
29540,858,815,1094,4192,7
29560,885,807,1098,4192,6
29580,915,792,1105,4192,6
29600,901,794,1104,4192,6
29620,906,792,1104,4192,6
29640,908,790,1105,4192,6
29660,943,763,1118,4192,6
29680,986,715,1140,4191,6
29700,1005,688,1153,4191,5
29720,987,697,1148,4191,5
29740,981,705,1145,4191,5
29760,978,706,1144,4191,5
29780,979,702,1146,4191,5
29800,971,705,1145,4191,5
29820,944,727,1135,4191,4
29840,940,736,1131,4191,4
29860,952,725,1135,4191,4
29880,970,706,1144,4191,4
29900,981,696,1149,4191,4
29920,986,694,1150,4191,4
29940,983,697,1149,4191,4
29960,957,713,1141,4191,3
29980,1003,694,1150,4191,3
30000,1017,685,1154,4191,3
30020,1007,688,1153,4191,3
30040,969,701,1147,4191,3
30060,970,703,1146,4191,3
30080,984,697,1149,4191,3
30100,989,694,1150,4191,2
30120,978,697,1149,4191,2
30140,991,695,1150,4191,2
30160,1010,689,1152,4191,2
30180,1020,685,1154,4191,2
30200,1041,682,1156,4191,2
30220,1032,683,1155,4191,1
30240,1001,690,1152,4191,1
30260,996,693,1151,4191,1
30280,1029,684,1155,4191,1
30300,1048,680,1156,4191,1
30320,1024,684,1155,4191,1
30340,1032,683,1155,4191,1
30360,1028,683,1155,4191,10
30380,1093,670,1161,4191,10
30400,1083,670,1161,4191,10
30420,1069,674,1159,4191,10
30440,1041,680,1157,4191,10
30460,1082,671,1161,4191,10
30480,1099,663,1164,4191,10
30500,1095,664,1164,4191,9
30520,1083,668,1162,4191,9
30540,1091,664,1164,4191,9
30560,1083,666,1163,4191,9
30580,1087,665,1163,4191,9
30600,1100,660,1166,4191,9
30620,1095,661,1165,4191,8
30640,1124,651,1170,4191,8
30660,1130,646,1172,4191,8
30680,1155,638,1176,4191,8
30700,1150,635,1177,4191,8
30720,1158,631,1179,4191,8
30740,1125,637,1176,4191,8
30760,1142,635,1178,4191,7
30780,1129,636,1177,4191,7
30800,1139,635,1177,4191,7
30820,1089,650,1170,4191,7
30840,1068,663,1164,4191,7
30860,1055,670,1161,4191,7
30880,1039,676,1158,4191,7
30900,983,687,1153,4191,6
30920,955,697,1149,4191,6
30940,925,714,1141,4191,6
30960,929,723,1137,4191,6
30980,932,725,1135,4191,6
31000,934,729,1134,4191,6
31020,901,759,1120,4192,5
31040,854,799,1101,4192,5
31060,818,818,1092,4192,5
31080,813,824,1090,4192,5
31100,852,813,1095,4192,5
31120,887,801,1100,4192,5
31140,899,794,1104,4191,5
31160,899,792,1105,4192,4
31180,891,796,1103,4192,4
31200,855,810,1096,4192,4
31220,845,816,1093,4192,4
31240,849,816,1093,4192,4
31260,820,824,1090,4192,4
31280,808,829,1087,4192,3
31300,795,834,1085,4192,3
31320,771,839,1083,4192,3
31340,744,843,1081,4192,3
31360,742,846,1079,4192,3
31380,764,847,1079,4192,3
31400,747,848,1078,4191,3
31420,737,850,1078,4192,2
31440,759,850,1078,4191,2
31460,749,850,1077,4191,2
31480,736,851,1077,4191,2
31500,711,852,1077,4191,2
31520,658,852,1077,4191,2
31540,654,853,1076,4191,1
31560,662,853,1076,4191,1
31580,661,854,1076,4191,1
31600,625,855,1075,4191,1
31620,599,855,1075,4191,1
31640,653,856,1075,4191,1
31660,663,856,1075,4191,1
31680,620,857,1074,4191,10
31700,620,857,1074,4191,10
31720,599,858,1074,4191,10
31740,612,858,1074,4191,10
31760,573,857,1074,4192,10
31780,579,857,1074,4192,10
31800,620,859,1074,4191,10
31820,608,860,1073,4191,9
31840,620,860,1073,4191,9
31860,684,859,1074,4191,9
31880,722,858,1074,4191,9
31900,718,858,1074,4191,9
31920,734,857,1074,4191,9
31940,775,854,1076,4192,9
31960,776,853,1076,4192,8
31980,806,846,1079,4192,8
32000,838,837,1084,4192,8
32020,840,833,1086,4192,8
32040,868,823,1090,4192,8
32060,890,813,1095,4192,8
32080,878,813,1095,4192,7
32100,882,810,1096,4192,7
32120,887,806,1098,4192,7
32140,886,805,1099,4192,7
32160,896,799,1101,4192,7
32180,915,789,1106,4192,7
32200,926,780,1110,4192,7
32220,944,761,1119,4192,6
32240,952,745,1127,4191,6
32260,965,727,1135,4191,6
32280,938,745,1127,4191,6
32300,919,764,1118,4192,6
32320,954,738,1130,4191,6
32340,953,727,1134,4191,5
32360,983,703,1146,4191,5
32380,1001,689,1152,4191,5
32400,1009,689,1152,4191,5
32420,1012,690,1152,4191,5
32440,995,695,1149,4191,5
32460,1002,693,1150,4191,5
32480,1013,689,1153,4191,4
32500,1015,687,1153,4191,4
32520,1025,685,1154,4191,4
32540,1029,684,1155,4191,4
32560,1016,686,1154,4191,4
32580,1029,684,1155,4191,4
32600,1021,684,1154,4191,3
32620,1051,680,1156,4191,3
32640,1069,676,1158,4191,3
32660,1068,676,1158,4191,3
32680,1077,673,1160,4191,3
32700,1112,660,1166,4191,3
32720,1156,644,1173,4191,3
32740,1179,634,1178,4191,2
32760,1169,630,1180,4191,2
32780,1182,623,1183,4191,2
32800,1214,612,1188,4191,2
32820,1205,609,1189,4191,2
32840,1231,601,1193,4191,2
32860,1229,596,1196,4191,1
32880,1227,593,1197,4191,1
32900,1227,589,1199,4191,1
32920,1266,574,1206,4191,1
32940,1246,573,1206,4191,1
32960,1245,572,1207,4191,1
32980,1249,566,1209,4191,1
33000,1257,561,1211,4191,10
33020,1253,560,1212,4191,10
33040,1253,557,1213,4191,10
33060,1210,564,1210,4191,10
33080,1210,566,1209,4191,10
33100,1232,559,1213,4191,10
33120,1258,550,1217,4191,10
33140,1233,553,1215,4191,9
33160,1236,552,1216,4191,9
33180,1212,554,1215,4191,9
33200,1222,552,1216,4191,9
33220,1216,551,1216,4191,9
33240,1235,546,1219,4191,9
33260,1197,552,1216,4191,8
33280,1221,547,1218,4191,8
33300,1225,543,1220,4191,8
33320,1221,544,1220,4191,8
33340,1219,543,1220,4191,8
33360,1248,533,1224,4191,8
33380,1201,542,1221,4191,8
33400,1203,543,1220,4191,7
33420,1166,550,1217,4191,7
33440,1213,539,1222,4191,7
33460,1243,528,1227,4191,7
33480,1219,532,1225,4191,7
33500,1190,539,1222,4191,7
33520,1213,532,1225,4191,6
33540,1213,530,1226,4191,6
33560,1224,526,1228,4191,6
33580,1205,529,1227,4191,6
33600,1225,523,1229,4191,6
33620,1178,532,1225,4191,6
33640,1200,528,1227,4191,6
33660,1212,522,1230,4191,5
33680,1224,518,1232,4191,5
33700,1238,513,1234,4191,5
33720,1236,510,1235,4191,5
33740,1222,511,1235,4191,5
33760,1250,502,1239,4191,5
33780,1265,492,1244,4191,4
33800,1267,486,1246,4191,4
33820,1241,491,1244,4191,4
33840,1246,488,1246,4191,4
33860,1214,496,1242,4191,4
33880,1192,503,1238,4191,4
33900,1213,497,1241,4191,4
33920,1195,499,1240,4191,3
33940,1204,498,1241,4191,3
33960,1234,486,1246,4191,3
33980,1293,452,1262,4191,3
34000,1300,434,1271,4191,3
34020,1209,471,1253,4191,3
34040,1177,491,1244,4191,2
34060,1203,484,1247,4191,2
34080,1243,465,1256,4191,2
34100,1243,458,1259,4191,2
34120,1242,455,1261,4191,2
34140,1198,471,1254,4191,2
34160,1200,473,1252,4191,2
34180,1162,485,1247,4191,1
34200,1194,478,1250,4191,1
34220,1185,477,1251,4191,1
34240,1183,478,1250,4191,1
34260,1228,460,1259,4191,1
34280,1234,450,1263,4191,1
34300,1246,441,1268,4191,0
34320,1240,438,1269,4191,10
34340,1212,447,1264,4191,10
34360,1210,449,1264,4191,10
34380,1173,464,1257,4191,10
34400,1187,462,1258,4191,10
34420,1173,466,1256,4191,10
34440,1199,456,1260,4191,9
34460,1210,447,1265,4191,9
34480,1191,452,1262,4191,9
34500,1208,445,1266,4191,9
34520,1201,444,1266,4191,9
34540,1211,439,1268,4191,9
34560,1195,443,1267,4191,9
34580,1202,440,1268,4191,8
34600,1218,431,1272,4191,8
34620,1197,436,1270,4191,8
34640,1193,439,1269,4191,8
34660,1197,436,1269,4191,8
34680,1202,433,1271,4191,8
34700,1187,437,1269,4191,7
34720,1202,431,1272,4191,7
34740,1203,427,1274,4191,7
34760,1184,434,1271,4191,7
34780,1169,443,1267,4191,7
34800,1192,434,1271,4191,7
34820,1194,430,1273,4191,7
34840,1172,437,1269,4191,6
34860,1174,439,1268,4191,6
34880,1168,441,1267,4191,6
34900,1147,450,1263,4191,6
34920,1151,451,1263,4191,6
34940,1161,447,1265,4191,6
34960,1167,444,1266,4191,5
34980,1189,433,1271,4191,5
35000,1204,422,1276,4191,5
35020,1214,414,1280,4191,5
35040,1193,419,1278,4191,5
35060,1199,417,1278,4191,5
35080,1192,418,1278,4191,5
35100,1165,429,1273,4191,4
35120,1191,421,1277,4191,4
35140,1187,419,1277,4191,4
35160,1181,421,1277,4191,4
35180,1180,421,1277,4191,4
35200,1164,427,1274,4191,4
35220,1173,425,1275,4191,3
35240,1164,428,1274,4191,3
35260,1173,425,1275,4191,3
35280,1164,427,1274,4191,3
35300,1184,419,1278,4191,3
35320,1176,419,1277,4191,3
35340,1153,428,1273,4191,3
35360,1153,431,1272,4191,2
35380,1180,421,1277,4191,2
35400,1180,418,1278,4191,2
35420,1165,421,1276,4191,2
35440,1168,422,1276,4191,2
35460,1174,419,1277,4191,2
35480,1159,423,1276,4191,1
35500,1149,428,1273,4191,1
35520,1145,431,1272,4191,1
35540,1158,428,1274,4191,1
35560,1143,432,1272,4191,1
35580,1165,425,1275,4191,1
35600,1163,424,1275,4191,1
35620,1162,424,1275,4191,10
35640,1157,425,1275,4191,10
35660,1156,426,1275,4191,10
35680,1137,433,1271,4191,10
35700,1170,423,1276,4191,10
35720,1157,425,1275,4191,10
35740,1156,425,1275,4191,10
35760,1152,427,1274,4191,9
35780,1164,423,1276,4191,9
35800,1161,423,1276,4191,9
35820,1164,421,1277,4191,9
35840,1159,422,1276,4191,9
35860,1177,416,1279,4191,9
35880,1158,421,1277,4191,8
35900,1164,419,1277,4191,8
35920,1206,402,1285,4191,8
35940,1162,413,1280,4191,8
35960,1182,409,1282,4191,8
35980,1177,408,1283,4191,8
36000,1172,409,1282,4191,8
36020,1151,418,1278,4191,7
36040,1148,421,1277,4191,7
36060,1164,416,1279,4191,7
36080,1171,412,1281,4191,7
36100,1163,414,1280,4191,7
36120,1173,410,1282,4191,7
36140,1177,407,1283,4191,6
36160,1161,411,1281,4191,6
36180,1138,420,1277,4191,6
36200,1167,413,1280,4191,6
36220,1160,413,1280,4191,6
36240,1178,407,1283,4191,6
36260,1167,408,1283,4191,6
36280,1156,412,1281,4191,5
36300,1161,411,1281,4191,5
36320,1154,413,1280,4191,5
36340,1191,400,1286,4191,5
36360,1173,402,1286,4191,5
36380,1169,403,1285,4191,5
36400,1162,405,1284,4191,4
36420,1152,409,1282,4191,4
36440,1145,413,1280,4191,4
36460,1165,407,1283,4191,4
36480,1169,404,1285,4191,4
36500,1162,405,1284,4191,4
36520,1148,411,1282,4191,4
36540,1168,404,1284,4191,3
36560,1130,417,1279,4191,3
36580,1179,403,1285,4191,3
36600,1188,395,1289,4191,3
36620,1120,417,1278,4191,3
36640,1141,416,1279,4191,3
36660,1167,406,1284,4191,2
36680,1150,410,1282,4191,2
36700,1155,409,1282,4191,2
36720,1100,433,1271,4191,2
36740,1078,456,1260,4191,2
36760,1099,452,1262,4191,2
36780,1113,444,1266,4191,2
36800,1148,428,1274,4191,1
36820,1140,425,1275,4191,1
36840,1080,456,1260,4191,1
36860,1082,465,1256,4191,1
36880,1103,456,1260,4191,1
36900,1125,443,1266,4191,1
36920,1126,440,1268,4191,0
36940,1124,441,1268,4191,10
36960,1085,462,1258,4191,10
36980,1070,476,1251,4191,10
37000,1124,455,1261,4191,10
37020,1128,446,1265,4191,10
37040,1115,450,1263,4191,10
37060,1084,468,1255,4191,9
37080,1039,494,1243,4191,9
37100,1005,511,1235,4191,9
37120,1021,505,1238,4191,9
37140,1023,503,1239,4191,9
37160,982,527,1228,4191,9
37180,947,552,1216,4191,9
37200,962,552,1216,4191,8
37220,972,547,1218,4191,8
37240,998,541,1221,4191,8
37260,1001,543,1220,4191,8
37280,972,559,1212,4191,8
37300,933,593,1197,4191,8
37320,926,614,1187,4191,7
37340,912,628,1181,4191,7
37360,926,626,1181,4191,7
37380,948,617,1186,4191,7
37400,967,607,1191,4191,7
37420,951,620,1184,4191,7
37440,939,638,1176,4191,7
37460,916,663,1164,4191,6
37480,920,674,1159,4191,6
37500,921,674,1159,4191,6
37520,941,659,1166,4191,6
37540,922,678,1157,4191,6
37560,911,710,1143,4191,6
37580,910,722,1137,4191,5
37600,938,694,1150,4191,5
37620,962,668,1162,4191,5
37640,1014,642,1174,4191,5
37660,1041,637,1176,4191,5
37680,1017,650,1171,4191,5
37700,1018,653,1169,4191,5
37720,997,661,1166,4191,4
37740,990,668,1162,4191,4
37760,952,685,1154,4191,4
37780,942,704,1145,4191,4
37800,952,701,1147,4191,4
37820,973,688,1153,4191,4
37840,966,693,1150,4191,4
37860,951,715,1140,4191,3
37880,972,707,1144,4191,3
37900,968,705,1145,4191,3
37920,949,721,1138,4191,3
37940,941,732,1132,4191,3
37960,929,743,1127,4191,3
37980,903,766,1117,4192,2
38000,925,755,1122,4192,2
38020,948,732,1132,4191,2
38040,929,745,1126,4191,2
38060,907,769,1115,4192,2
38080,892,784,1108,4192,2
38100,910,775,1112,4192,2
38120,933,755,1121,4191,1
38140,945,741,1128,4191,1
38160,977,711,1142,4191,1
38180,956,720,1138,4191,1
38200,937,742,1128,4191,1
38220,872,791,1105,4192,1
38240,892,791,1105,4192,0
38260,896,786,1107,4192,10
38280,901,787,1107,4192,10
38300,929,767,1116,4192,10
38320,929,760,1119,4192,10
38340,942,748,1125,4191,10
38360,911,769,1115,4192,10
38380,900,784,1108,4192,9
38400,873,801,1100,4192,9
38420,898,792,1104,4192,9
38440,905,786,1107,4192,9
38460,900,789,1106,4192,9
38480,943,758,1120,4192,9
38500,983,711,1142,4191,9
38520,1005,686,1154,4191,8
38540,1011,687,1153,4191,8
38560,1000,694,1150,4191,8
38580,975,704,1145,4191,8
38600,953,718,1139,4191,8
38620,976,705,1145,4191,8
38640,1006,688,1153,4191,8
38660,984,694,1150,4191,7
38680,1016,689,1152,4191,7
38700,1032,684,1155,4191,7
38720,1052,680,1156,4191,7
38740,1065,678,1157,4191,7
38760,1060,678,1157,4191,7
38780,1090,670,1161,4191,6
38800,1074,673,1160,4191,6
38820,1068,675,1159,4191,6
38840,1070,674,1159,4191,6
38860,1084,669,1162,4191,6
38880,1105,661,1165,4191,6
38900,1094,663,1164,4191,6
38920,1092,664,1164,4191,5
38940,1085,665,1163,4191,5
38960,1108,657,1167,4191,5
38980,1142,645,1173,4191,5
39000,1176,633,1178,4191,5
39020,1183,626,1182,4191,5
39040,1209,616,1186,4191,4
39060,1217,609,1189,4191,4
39080,1236,600,1193,4191,4
39100,1253,591,1198,4191,4
39120,1235,589,1199,4191,4
39140,1256,581,1202,4191,4
39160,1256,574,1206,4191,4
39180,1276,563,1211,4191,3
39200,1254,565,1210,4191,3
39220,1239,566,1209,4191,3
39240,1207,572,1207,4191,3
39260,1254,560,1212,4191,3
39280,1274,550,1217,4191,3
39300,1264,552,1216,4191,2
39320,1236,556,1214,4191,2
39340,1241,553,1215,4191,2
39360,1246,550,1217,4191,2
39380,1271,541,1221,4191,2
39400,1272,537,1223,4191,2
39420,1283,530,1226,4191,2
39440,1273,529,1226,4191,1
39460,1258,532,1225,4191,1
39480,1269,525,1228,4191,1
39500,1277,519,1231,4191,1
39520,1270,518,1231,4191,1
39540,1257,520,1231,4191,1
39560,1281,508,1236,4191,0
39580,1312,486,1246,4191,10
39600,1291,492,1244,4191,10
39620,1290,490,1245,4191,10
39640,1221,511,1235,4191,10
39660,1242,507,1237,4191,10
39680,1214,511,1235,4191,10
39700,1199,517,1232,4191,9
39720,1196,517,1232,4191,9
39740,1198,515,1233,4191,9
39760,1197,515,1233,4191,9
39780,1208,511,1235,4191,9
39800,1217,507,1237,4191,9
39820,1233,501,1240,4191,9
39840,1256,490,1245,4191,8
39860,1282,473,1252,4191,8
39880,1258,475,1251,4191,8
39900,1260,471,1253,4191,8
39920,1217,485,1247,4191,8
39940,1200,494,1243,4191,8
39960,1216,487,1246,4191,7
39980,1224,483,1248,4191,7
40000,1230,478,1250,4191,7
40020,1217,480,1249,4191,7
40040,1242,468,1255,4191,7
40060,1234,466,1256,4191,7
40080,1224,468,1255,4191,7
40100,1203,475,1251,4191,6
40120,1244,458,1259,4191,6
40140,1216,464,1257,4191,6
40160,1217,464,1257,4191,6
40180,1219,461,1258,4191,6
40200,1210,462,1258,4191,6
40220,1196,468,1255,4191,5
40240,1242,448,1264,4191,5
40260,1218,451,1263,4191,5
40280,1192,462,1258,4191,5
40300,1323,401,1286,4191,5
40320,1212,433,1271,4191,5
40340,1170,459,1259,4191,5
40360,1241,434,1270,4191,4
40380,1182,451,1263,4191,4
40400,1185,455,1261,4191,4
40420,1228,436,1269,4191,4
40440,1189,446,1265,4191,4
40460,1240,427,1274,4191,4
40480,1196,437,1269,4191,3
40500,1215,432,1272,4191,3
40520,1222,426,1274,4191,3
40540,1198,433,1271,4191,3
40560,1199,433,1271,4191,3
40580,1178,442,1267,4191,3
40600,1190,439,1269,4191,3
40620,1171,445,1265,4191,2
40640,1173,447,1265,4191,2
40660,1189,439,1268,4191,2
40680,1195,433,1271,4191,2
40700,1179,438,1269,4191,2
40720,1179,439,1268,4191,2
40740,1212,424,1275,4191,1
40760,1182,431,1272,4191,1
40780,1179,435,1270,4191,1
40800,1165,441,1267,4191,1
40820,1170,441,1267,4191,1
40840,1203,425,1275,4191,1
40860,1192,424,1275,4191,1
40880,1180,429,1273,4191,10
40900,1180,429,1273,4191,10
40920,1183,427,1274,4191,10
40940,1182,427,1274,4191,10
40960,1167,432,1271,4191,10
40980,1190,424,1275,4191,10
41000,1211,411,1281,4191,10
41020,1183,418,1278,4191,9
41040,1182,420,1277,4191,9
41060,1179,422,1276,4191,9
41080,1196,414,1280,4191,9
41100,1179,418,1278,4191,9
41120,1170,422,1276,4191,9
41140,1166,425,1275,4191,8
41160,1175,422,1276,4191,8
41180,1171,422,1276,4191,8
41200,1156,427,1274,4191,8
41220,1191,415,1279,4191,8
41240,1139,430,1272,4191,8
41260,1163,427,1274,4191,8
41280,1127,441,1267,4191,7
41300,1126,447,1265,4191,7
41320,1152,437,1269,4191,7
41340,1125,444,1266,4191,7
41360,1129,447,1265,4191,7
41380,1152,438,1269,4191,7
41400,1156,434,1271,4191,6
41420,1154,433,1271,4191,6
41440,1209,412,1281,4191,6
41460,1136,431,1272,4191,6
41480,1199,414,1280,4191,6
41500,1167,421,1277,4191,6
41520,1160,425,1275,4191,6
41540,1152,429,1273,4191,5
41560,1196,412,1281,4191,5
41580,1149,424,1275,4191,5
41600,1191,412,1281,4191,5
41620,1174,415,1279,4191,5
41640,1194,407,1283,4191,5
41660,1189,406,1284,4191,4
41680,1175,410,1282,4191,4
41700,1192,404,1285,4191,4
41720,1178,407,1283,4191,4
41740,1154,416,1279,4191,4
41760,1146,423,1276,4191,4
41780,1140,427,1274,4191,4
41800,1142,427,1274,4191,3
41820,1155,423,1276,4191,3
41840,1166,418,1278,4191,3
41860,1132,428,1273,4191,3
41880,1177,416,1279,4191,3
41900,1161,418,1278,4191,3
41920,1133,428,1274,4191,2
41940,1156,423,1276,4191,2
41960,1155,422,1276,4191,2
41980,1155,421,1277,4191,2
42000,1166,417,1278,4191,2
42020,1146,422,1276,4191,2
42040,1187,409,1282,4191,1
42060,1143,420,1277,4191,1
42080,1158,419,1278,4191,1
42100,1124,433,1271,4191,1
42120,1131,434,1271,4191,1
42140,1127,436,1270,4191,1
42160,1145,430,1273,4191,1
42180,1160,422,1276,4191,10
42200,1144,426,1275,4191,10
42220,1163,420,1277,4191,10
42240,1158,420,1277,4191,10
42260,1150,423,1276,4191,10
42280,1158,421,1277,4191,10
42300,1142,425,1275,4191,10
42320,1140,428,1274,4191,9
42340,1135,431,1272,4191,9
42360,1147,428,1274,4191,9
42380,1142,428,1273,4191,9
42400,1146,427,1274,4191,9
42420,1117,440,1268,4191,9
42440,1146,432,1272,4191,8
42460,1143,430,1272,4191,8
42480,1152,427,1274,4191,8
42500,1135,432,1272,4191,8
42520,1139,433,1271,4191,8
42540,1152,428,1273,4191,8
42560,1138,431,1272,4191,8
42580,1161,425,1275,4191,7
42600,1139,430,1273,4191,7
42620,1161,424,1275,4191,7
42640,1167,420,1277,4191,7
42660,1142,427,1274,4191,7
42680,1155,425,1275,4191,7
42700,1137,431,1272,4191,6
42720,1153,427,1274,4191,6
42740,1126,437,1269,4191,6
42760,1130,439,1268,4191,6
42780,1149,432,1272,4191,6
42800,1126,438,1269,4191,6
42820,1164,427,1274,4191,6
42840,1137,432,1272,4191,5
42860,1165,425,1275,4191,5
42880,1139,431,1272,4191,5
42900,1166,423,1276,4191,5
42920,1156,424,1275,4191,5
42940,1151,426,1274,4191,5
42960,1171,420,1277,4191,4
42980,1152,424,1275,4191,4
43000,1147,427,1274,4191,4
43020,1160,423,1276,4191,4
43040,1145,427,1274,4191,4
43060,1155,425,1275,4191,4
43080,1138,430,1272,4191,4
43100,1132,435,1270,4191,3
43120,1148,431,1272,4191,3
43140,1124,439,1268,4191,3
43160,1126,442,1267,4191,3
43180,1153,432,1271,4191,3
43200,1150,430,1273,4191,3
43220,1169,423,1276,4191,2
43240,1151,426,1274,4191,2
43260,1172,420,1277,4191,2
43280,1178,415,1279,4191,2
43300,1165,418,1278,4191,2
43320,1181,413,1281,4191,2
43340,1141,425,1275,4191,2
43360,1176,416,1279,4191,1
43380,1121,435,1270,4191,1
43400,1154,427,1274,4191,1
43420,1151,426,1274,4191,1
43440,1135,431,1272,4191,1
43460,1149,428,1273,4191,1
43480,1140,430,1272,4191,0
43500,1140,432,1272,4191,10
43520,1150,429,1273,4191,10
43540,1155,426,1274,4191,10
43560,1180,415,1279,4191,10
43580,1164,418,1278,4191,10
43600,1187,409,1282,4191,10
43620,1189,405,1284,4191,9
43640,1185,405,1284,4191,9
43660,1153,416,1279,4191,9
43680,1164,415,1280,4191,9
43700,1142,422,1276,4191,9
43720,1166,416,1279,4191,9
43740,1134,426,1274,4191,9
43760,1147,425,1275,4191,8
43780,1155,421,1277,4191,8
43800,1129,430,1273,4191,8
43820,1125,435,1270,4191,8
43840,1159,424,1275,4191,8
43860,1119,436,1270,4191,8
43880,1163,424,1275,4191,7
43900,1135,429,1273,4191,7
43920,1161,422,1276,4191,7
43940,1185,411,1281,4191,7
43960,1154,418,1278,4191,7
43980,1179,411,1281,4191,7
44000,1146,420,1277,4191,7
44020,1152,421,1277,4191,6
44040,1160,419,1278,4191,6
44060,1154,420,1277,4191,6
44080,1166,415,1279,4191,6
44100,1122,431,1272,4191,6
44120,1181,413,1280,4191,6
44140,1127,428,1274,4191,5
44160,1147,425,1275,4191,5
44180,1168,417,1279,4191,5
44200,1168,414,1280,4191,5
44220,1162,415,1280,4191,5
44240,1158,416,1279,4191,5
44260,1148,420,1277,4191,4
44280,1163,416,1279,4191,4
44300,1141,422,1276,4191,4
44320,1169,414,1280,4191,4
44340,1151,418,1278,4191,4
44360,1158,417,1279,4191,4
44380,1146,420,1277,4191,4
44400,1144,422,1276,4191,3
44420,1128,429,1273,4191,3
44440,1136,429,1273,4191,3
44460,1160,420,1277,4191,3
44480,1138,425,1275,4191,3
44500,1147,424,1275,4191,3
44520,1151,422,1276,4191,2
44540,1159,419,1278,4191,2
44560,1147,422,1276,4191,2
44580,1163,417,1279,4191,2
44600,1167,414,1280,4191,2
44620,1162,414,1280,4191,2
44640,1160,415,1279,4191,2
44660,1169,411,1281,4191,1
44680,1150,417,1279,4191,1
44700,1186,405,1284,4191,1
44720,1153,412,1281,4191,1
44740,1164,411,1281,4191,1
44760,1166,408,1283,4191,1
44780,1162,409,1282,4191,0
44800,1176,404,1285,4191,10
44820,1149,412,1281,4191,10
44840,1158,411,1281,4191,10
44860,1147,414,1280,4191,10
44880,1166,409,1282,4191,10
44900,1160,409,1282,4191,10
44920,1155,411,1281,4191,9
44940,1146,414,1280,4191,9
44960,1154,413,1280,4191,9
44980,1144,416,1279,4191,9
45000,1136,420,1277,4191,9
45020,1174,408,1283,4191,9
45040,1147,414,1280,4191,9
45060,1139,418,1278,4191,8
45080,1124,427,1274,4191,8
45100,1144,421,1277,4191,8
45120,1116,432,1272,4191,8
45140,1154,421,1277,4191,8
45160,1126,428,1273,4191,8
45180,1141,425,1275,4191,7
45200,1152,420,1277,4191,7
45220,1143,422,1276,4191,7
45240,1176,411,1281,4191,7
45260,1153,415,1279,4191,7
45280,1165,412,1281,4191,7
45300,1175,406,1284,4191,7
45320,1150,413,1280,4191,6
45340,1153,414,1280,4191,6
45360,1151,414,1280,4191,6
45380,1161,411,1281,4191,6
45400,1136,419,1278,4191,6
45420,1105,436,1269,4191,6
45440,1179,412,1281,4191,5
45460,1142,418,1278,4191,5
45480,1165,413,1281,4191,5
45500,1184,402,1285,4191,5
45520,1066,454,1261,4191,5
45540,1076,469,1254,4191,5
45560,1157,435,1270,4191,5
45580,1170,417,1278,4191,4
45600,1121,430,1272,4191,4
45620,1156,422,1276,4191,4
45640,1143,424,1275,4191,4
45660,1143,424,1275,4191,4
45680,1176,413,1280,4191,4
45700,1158,415,1279,4191,3
45720,1170,412,1281,4191,3
45740,1171,409,1282,4191,3
45760,1187,402,1286,4191,3
45780,1157,409,1282,4191,3
45800,1090,443,1266,4191,3
45820,1130,436,1270,4191,2
45840,1171,417,1279,4191,2
45860,1207,398,1287,4191,2
45880,1131,418,1278,4191,2
45900,1002,495,1242,4191,2
45920,988,516,1233,4191,2
45940,1060,479,1250,4191,2
45960,1120,450,1263,4191,1
45980,1090,459,1259,4191,1
46000,999,508,1236,4191,1
46020,1031,505,1238,4191,1
46040,1128,462,1258,4191,1
46060,1192,433,1271,4191,1
46080,1146,440,1268,4191,0
46100,1100,465,1256,4191,10
46120,1056,491,1244,4191,10
46140,1082,481,1249,4191,10
46160,1129,461,1258,4191,10
46180,1051,487,1246,4191,10
46200,1018,512,1234,4191,10
46220,1008,520,1231,4191,9
46240,1009,520,1231,4191,9
46260,1022,518,1232,4191,9
46280,1047,508,1236,4191,9
46300,992,533,1225,4191,9
46320,933,574,1205,4191,9
46340,895,620,1185,4191,9
46360,922,615,1187,4191,8
46380,966,578,1204,4191,8
46400,918,610,1189,4191,8
46420,894,659,1166,4191,8
46440,910,660,1166,4191,8
46460,972,606,1191,4191,8
46480,1015,578,1204,4191,7
46500,1002,594,1197,4191,7
46520,1008,597,1195,4191,7
46540,982,608,1190,4191,7
46560,961,627,1181,4191,7
46580,916,667,1163,4191,7
46600,918,687,1153,4191,7
46620,950,652,1170,4191,6
46640,975,632,1179,4191,6
46660,976,641,1175,4191,6
46680,1009,636,1177,4191,6
46700,1025,628,1180,4191,6
46720,1032,627,1181,4191,6
46740,991,648,1171,4191,5
46760,992,654,1168,4191,5
46780,1000,650,1171,4191,5
46800,1050,637,1176,4191,5
46820,1089,624,1183,4191,5
46840,1049,636,1177,4191,5
46860,1028,649,1171,4191,5
46880,1036,649,1171,4191,4
46900,1072,638,1176,4191,4
46920,1089,632,1179,4191,4
46940,1078,637,1177,4191,4
46960,1052,648,1171,4191,4
46980,1062,648,1171,4191,4
47000,1034,659,1166,4191,3
47020,1057,657,1167,4191,3
47040,1036,665,1164,4191,3
47060,1017,673,1160,4191,3
47080,1001,679,1157,4191,3
47100,1008,681,1156,4191,3
47120,1041,678,1157,4191,2
47140,1022,683,1155,4191,2
47160,1008,687,1153,4191,2
47180,1029,683,1155,4191,2
47200,1106,664,1164,4191,2
47220,1129,653,1169,4191,2
47240,1137,649,1171,4191,2
47260,1138,645,1173,4191,1
47280,1141,641,1175,4191,1
47300,1167,632,1179,4191,1
47320,1191,622,1183,4191,1
47340,1211,614,1187,4191,1
47360,1218,608,1190,4191,1
47380,1278,587,1200,4191,0
47400,1300,570,1208,4191,10
47420,1287,568,1208,4191,10
47440,1267,568,1209,4191,10
47460,1240,569,1208,4191,10
47480,1266,560,1212,4191,10
47500,1318,537,1223,4191,10
47520,1322,531,1225,4191,9
47540,1311,532,1225,4191,9
47560,1240,551,1216,4191,9
47580,1255,546,1219,4191,9
47600,1270,536,1223,4191,9
47620,1297,526,1228,4191,9
47640,1273,532,1225,4191,9
47660,1272,530,1226,4191,8
47680,1260,530,1226,4191,8
47700,1291,516,1233,4191,8
47720,1274,519,1231,4191,8
47740,1253,524,1229,4191,8
47760,1181,542,1220,4191,8
47780,1188,542,1220,4191,7
47800,1201,537,1223,4191,7
47820,1233,529,1227,4191,7
47840,1164,543,1220,4191,7
47860,1156,548,1218,4191,7
47880,1168,545,1219,4191,7
47900,1144,550,1217,4191,7
47920,1109,561,1212,4191,6
47940,1123,562,1211,4191,6
47960,1057,579,1203,4191,6
47980,1056,587,1200,4191,6
48000,1042,595,1196,4191,6
48020,1048,601,1193,4191,6
48040,1011,623,1183,4191,5
48060,1007,635,1177,4191,5
48080,995,644,1173,4191,5
48100,1001,648,1171,4191,5
48120,984,658,1167,4191,5
48140,971,669,1162,4191,5
48160,971,673,1160,4191,4
48180,978,673,1160,4191,4
48200,956,685,1154,4191,4
48220,952,696,1149,4191,4
48240,949,704,1145,4191,4
48260,927,730,1133,4191,4
48280,930,741,1128,4191,4
48300,931,741,1128,4191,3
48320,936,739,1129,4191,3
48340,958,721,1137,4191,3
48360,976,701,1147,4191,3
48380,952,719,1138,4191,3
48400,935,740,1129,4191,3
48420,906,764,1117,4192,2
48440,883,787,1107,4192,2
48460,887,792,1105,4192,2
48480,921,770,1115,4192,2
48500,983,712,1142,4191,2
48520,1009,684,1155,4191,2
48540,993,690,1152,4191,1
48560,948,727,1135,4191,1
48580,889,777,1111,4192,1
48600,871,799,1101,4192,1
48620,907,777,1111,4192,1
48640,940,749,1125,4191,1
48660,940,744,1127,4191,1
48680,944,739,1129,4191,10
48700,990,700,1147,4191,10
48720,957,714,1141,4191,10
48740,928,748,1125,4191,10
48760,961,726,1135,4191,10
48780,987,694,1150,4191,10
48800,972,700,1147,4191,10
48820,956,719,1138,4191,9
48840,1000,696,1149,4191,9
48860,1029,683,1155,4191,9
48880,1049,681,1156,4191,9
48900,1011,689,1152,4191,9
48920,987,697,1149,4191,9
48940,992,695,1150,4191,8
48960,989,694,1150,4191,8
48980,1040,682,1155,4191,8
49000,1060,678,1157,4191,8
49020,1044,681,1156,4191,8
49040,996,691,1151,4191,8
49060,982,696,1149,4191,7
49080,996,692,1151,4191,7
49100,966,698,1148,4191,7
49120,993,693,1150,4191,7
49140,1014,686,1154,4191,7
49160,1024,684,1154,4191,7
49180,965,699,1148,4191,7
49200,959,706,1144,4191,6
49220,976,699,1148,4191,6
49240,950,711,1142,4191,6
49260,929,736,1131,4191,6
49280,960,717,1139,4191,6
49300,967,703,1146,4191,6
49320,971,702,1146,4191,5
49340,1017,687,1153,4191,5
49360,992,692,1151,4191,5
49380,995,694,1150,4191,5
49400,982,698,1148,4191,5
49420,1000,693,1151,4191,5
49440,974,698,1148,4191,4
49460,980,698,1148,4191,4
49480,981,697,1149,4191,4
49500,995,693,1150,4191,4
49520,1022,685,1154,4191,4
49540,993,692,1151,4191,4
49560,1016,688,1153,4191,4
49580,1010,688,1153,4191,3
49600,997,692,1151,4191,3
49620,997,692,1151,4191,3
49640,1003,690,1152,4191,3
49660,1016,686,1154,4191,3
49680,1011,687,1153,4191,3
49700,991,693,1150,4191,2
49720,973,699,1148,4191,2
49740,968,700,1147,4191,2
49760,961,705,1145,4191,2
49780,991,694,1150,4191,2
49800,1007,688,1153,4191,2
49820,1013,687,1153,4191,2
49840,985,695,1149,4191,1
49860,992,695,1149,4191,1
49880,1020,686,1154,4191,1
49900,1007,688,1153,4191,1
49920,1014,687,1153,4191,1
49940,1011,688,1153,4191,1
49960,1014,687,1153,4191,10
49980,981,695,1149,4191,10
50000,964,701,1147,4191,10
50020,992,694,1150,4191,10
50040,1029,684,1155,4191,10
50060,1037,682,1155,4191,10
50080,1025,684,1155,4191,10
50100,1001,690,1152,4191,9
50120,1025,685,1154,4191,9
50140,1031,683,1155,4191,9
50160,1058,679,1157,4191,9
50180,1041,681,1156,4191,9
50200,1034,682,1155,4191,9
50220,1013,685,1154,4191,8
50240,976,695,1149,4191,8
50260,972,698,1148,4191,8
50280,985,694,1150,4191,8
50300,988,692,1151,4191,8
50320,980,695,1149,4191,8
50340,988,695,1150,4191,7
50360,986,695,1150,4191,7
50380,1032,684,1155,4191,7
50400,1044,681,1156,4191,7
50420,1033,683,1155,4191,7
50440,1012,687,1153,4191,7
50460,1013,687,1153,4191,7
50480,1008,688,1153,4191,6
50500,1002,689,1152,4191,6
50520,1026,684,1155,4191,6
50540,1048,680,1156,4191,6
50560,1056,679,1157,4191,6
50580,1020,684,1155,4191,6
50600,1058,679,1157,4191,5
50620,1079,673,1160,4191,5
50640,1096,666,1163,4191,5
50660,1081,670,1161,4191,5
50680,1076,671,1160,4191,5
50700,1085,668,1162,4191,5
50720,1078,669,1162,4191,5
50740,1065,674,1159,4191,4
50760,1043,678,1157,4191,4
50780,1059,676,1158,4191,4
50800,1077,671,1161,4191,4
50820,1080,669,1161,4191,4
50840,1095,664,1164,4191,4
50860,1087,665,1163,4191,3
50880,1128,651,1170,4191,3
50900,1106,655,1168,4191,3
50920,1119,652,1169,4191,3
50940,1112,652,1170,4191,3
50960,1120,649,1171,4191,3
50980,1096,657,1167,4191,2
51000,1127,647,1172,4191,2
51020,1126,644,1173,4191,2
51040,1154,637,1177,4191,2
51060,1137,637,1176,4191,2
51080,1132,638,1176,4191,2
51100,1118,641,1175,4191,2
51120,1168,629,1180,4191,1
51140,1200,618,1185,4191,1
51160,1191,617,1186,4191,1
51180,1159,621,1184,4191,1
51200,1138,625,1182,4191,1
51220,1152,623,1183,4191,1
51240,1151,623,1183,4191,10
51260,1175,618,1185,4191,10
51280,1207,610,1189,4191,10
51300,1198,608,1190,4191,10
51320,1205,604,1192,4191,10
51340,1190,604,1192,4191,10
51360,1194,603,1192,4191,10
51380,1209,598,1195,4191,9
51400,1203,596,1195,4191,9
51420,1208,594,1196,4191,9
51440,1209,591,1198,4191,9
51460,1220,587,1200,4191,9
51480,1200,589,1199,4191,9
51500,1180,592,1197,4191,8
51520,1150,598,1194,4191,8
51540,1166,597,1195,4191,8
51560,1230,583,1201,4191,8
51580,1251,572,1207,4191,8
51600,1266,564,1210,4191,8
51620,1278,554,1215,4191,8
51640,1255,556,1214,4191,7
51660,1250,555,1215,4191,7
51680,1281,541,1221,4191,7
51700,1263,545,1219,4191,7
51720,1270,542,1220,4191,7
51740,1250,543,1220,4191,7
51760,1265,538,1223,4191,6
51780,1239,541,1221,4191,6
51800,1244,539,1222,4191,6
51820,1239,538,1222,4191,6
51840,1226,540,1221,4191,6
51860,1218,541,1221,4191,6
51880,1211,541,1221,4191,5
51900,1236,534,1224,4191,5
51920,1242,530,1226,4191,5
51940,1270,519,1231,4191,5
51960,1237,524,1229,4191,5
51980,1227,527,1228,4191,5
52000,1245,519,1231,4191,5
52020,1260,511,1235,4191,4
52040,1254,511,1235,4191,4
52060,1247,510,1235,4191,4
52080,1206,519,1231,4191,4
52100,1250,507,1237,4191,4
52120,1243,504,1238,4191,4
52140,1230,508,1236,4191,3
52160,1223,508,1236,4191,3
52180,1229,504,1238,4191,3
52200,1236,500,1240,4191,3
52220,1259,489,1245,4191,3
52240,1238,492,1244,4191,3
52260,1194,505,1238,4191,2
52280,1189,506,1237,4191,2
52300,1203,501,1240,4191,2
52320,1264,479,1250,4191,2
52340,1213,491,1244,4191,2
52360,1186,501,1240,4191,2
52380,1205,494,1243,4191,2
52400,1220,488,1246,4191,1
52420,1208,490,1245,4191,1
52440,1173,498,1241,4191,1
52460,1192,494,1243,4191,1
52480,1187,493,1243,4191,1
52500,1202,489,1245,4191,1
52520,1199,489,1245,4191,11
52540,1195,489,1245,4191,10
52560,1169,493,1243,4191,10
52580,1165,495,1243,4191,10
52600,1150,498,1241,4191,10
52620,1125,508,1236,4191,10
52640,1113,514,1234,4191,10
52660,1092,522,1230,4191,9
52680,1048,536,1223,4191,9
52700,1032,549,1217,4191,9
52720,1015,562,1211,4191,9
52740,1014,570,1207,4191,9
52760,989,585,1201,4191,9
52780,978,600,1194,4191,8
52800,946,622,1183,4191,8
52820,967,623,1183,4191,8
52840,995,612,1188,4191,8
52860,997,617,1186,4191,8
52880,971,635,1177,4191,8
52900,968,642,1174,4191,8
52920,957,650,1170,4191,7
52940,973,647,1172,4191,7
52960,973,649,1171,4191,7
52980,985,650,1171,4191,7
53000,981,654,1168,4191,7
53020,994,654,1169,4191,7
53040,1012,651,1170,4191,6
53060,1014,653,1169,4191,6
53080,961,678,1157,4191,6
53100,952,691,1151,4191,6
53120,969,683,1155,4191,6
53140,959,686,1154,4191,6
53160,993,680,1156,4191,6
53180,976,688,1153,4191,5
53200,965,700,1147,4191,5
53220,957,711,1142,4191,5
53240,954,717,1139,4191,5
53260,924,742,1128,4191,5
53280,917,755,1121,4192,5
53300,922,753,1123,4192,4
53320,991,697,1148,4191,4
53340,1091,668,1162,4191,4
53360,1140,656,1168,4191,4
53380,1101,666,1163,4191,4
53400,1047,680,1157,4191,4
53420,1030,683,1155,4191,4
53440,989,692,1151,4191,3
53460,999,690,1152,4191,3
53480,988,692,1151,4191,3
53500,978,695,1150,4191,3
53520,975,697,1149,4191,3
53540,1015,686,1153,4191,3
53560,1016,685,1154,4191,2
53580,1013,687,1153,4191,2
53600,1028,684,1155,4191,2
53620,992,692,1151,4191,2
53640,1015,687,1153,4191,2
53660,1062,678,1157,4191,2
53680,1085,672,1160,4191,1
53700,1107,664,1164,4191,1
53720,1149,647,1172,4191,1
53740,1173,636,1177,4191,1
53760,1167,633,1178,4191,1
53780,1145,634,1178,4191,1
53800,1148,632,1179,4191,1
53820,1164,627,1181,4191,10
53840,1177,621,1184,4191,10
53860,1197,615,1187,4191,10
53880,1170,617,1186,4191,10
53900,1139,624,1182,4191,10
53920,1166,619,1185,4191,10
53940,1204,609,1189,4191,10
53960,1240,599,1194,4191,9
53980,1275,584,1201,4191,9
54000,1259,580,1203,4191,9
54020,1263,576,1205,4191,9
54040,1280,561,1212,4191,9
54060,1297,551,1216,4191,9
54080,1280,555,1214,4191,8
54100,1323,531,1226,4191,8
54120,1377,490,1245,4191,8
54140,1382,472,1253,4191,8
54160,1385,456,1261,4191,8
54180,1343,472,1253,4191,8
54200,1340,467,1255,4191,8
54220,1244,516,1233,4191,7
54240,1163,550,1217,4191,7
54260,1119,562,1211,4191,7
54280,1123,565,1210,4191,7
54300,1152,561,1212,4191,7
54320,1249,536,1223,4191,7
54340,1268,527,1228,4191,6
54360,1276,520,1231,4191,6
54380,1253,522,1230,4191,6
54400,1268,514,1233,4191,6
54420,1261,512,1234,4191,6
54440,1291,499,1241,4191,6
54460,1295,491,1244,4191,5
54480,1286,489,1245,4191,5
54500,1257,496,1242,4191,5
54520,1225,507,1237,4191,5
54540,1216,509,1236,4191,5
54560,1236,502,1239,4191,5
54580,1230,502,1239,4191,5
54600,1294,472,1253,4191,4
54620,1210,498,1241,4191,4
54640,1204,505,1238,4191,4
54660,1198,502,1239,4191,4
54680,1264,480,1249,4191,4
54700,1232,486,1247,4191,4
54720,1200,497,1241,4191,3
54740,1155,508,1236,4191,3
54760,1185,500,1240,4191,3
54780,1220,490,1245,4191,3
54800,1255,474,1252,4191,3
54820,1236,475,1252,4191,3
54840,1193,489,1245,4191,3
54860,1176,495,1243,4191,2
54880,1190,490,1245,4191,2
54900,1214,482,1248,4191,2
54920,1204,483,1248,4191,2
54940,1210,480,1249,4191,2
54960,1202,480,1249,4191,2
54980,1189,483,1248,4191,1
55000,1207,477,1250,4191,1
55020,1208,475,1252,4191,1
55040,1174,483,1248,4191,1
55060,1159,489,1245,4191,1
55080,1169,486,1246,4191,1
55100,1121,500,1240,4191,0
55120,1104,509,1236,4191,10
55140,1087,517,1232,4191,10
55160,1083,520,1231,4191,10
55180,1092,518,1231,4191,10
55200,1083,522,1230,4191,10
55220,1093,521,1230,4191,10
55240,1070,529,1227,4191,9
55260,1098,524,1229,4191,9
55280,1064,534,1224,4191,9
55300,1006,564,1210,4191,9
55320,1011,573,1206,4191,9
55340,1020,571,1207,4191,9
55360,1018,576,1205,4191,9
55380,1004,588,1199,4191,8
55400,989,602,1193,4191,8
55420,970,616,1186,4191,8
55440,972,623,1183,4191,8
55460,949,640,1175,4191,8
55480,977,634,1178,4191,8
55500,978,634,1178,4191,7
55520,995,634,1178,4191,7
55540,953,656,1167,4191,7
55560,952,669,1162,4191,7
55580,945,676,1158,4191,7
55600,984,656,1168,4191,7
55620,990,653,1169,4191,7
55640,1009,654,1168,4191,6
55660,1022,653,1169,4191,6
55680,1017,657,1167,4191,6
55700,1027,658,1167,4191,6
55720,1055,651,1170,4191,6
55740,1043,656,1167,4191,6
55760,1060,654,1169,4191,6
55780,1076,649,1171,4191,5
55800,1087,645,1173,4191,5
55820,1103,640,1175,4191,5
55840,1069,652,1170,4191,5
55860,1034,668,1162,4191,5
55880,1001,680,1157,4191,5
55900,1005,681,1156,4191,4
55920,1023,680,1157,4191,4
55940,1040,679,1157,4191,4
55960,1049,679,1157,4191,4
55980,1035,682,1156,4191,4
56000,1050,679,1157,4191,4
56020,1078,673,1160,4191,4
56040,1117,658,1167,4191,3
56060,1138,648,1171,4191,3
56080,1134,646,1172,4191,3
56100,1156,638,1176,4191,3
56120,1191,625,1182,4191,3
56140,1166,625,1182,4191,3
56160,1193,618,1185,4191,3
56180,1189,614,1187,4191,2
56200,1230,604,1192,4191,2
56220,1264,589,1199,4191,2
56240,1292,573,1206,4191,2
56260,1235,580,1203,4191,2
56280,1197,589,1199,4191,2
56300,1221,582,1202,4191,2
56320,1266,565,1210,4191,1
56340,1283,557,1214,4191,1
56360,1304,546,1219,4191,1
56380,1297,542,1220,4191,1
56400,1262,551,1216,4191,1
56420,1292,536,1223,4191,1
56440,1309,524,1229,4191,0
56460,1329,513,1234,4191,10
56480,1332,501,1239,4191,10
56500,1292,517,1232,4191,10
56520,1253,530,1226,4191,10
56540,1301,504,1238,4191,10
56560,1309,497,1241,4191,10
56580,1315,492,1244,4191,9
56600,1286,500,1240,4191,9
56620,1282,499,1240,4191,9
56640,1295,487,1246,4191,9
56660,1271,496,1242,4191,9
56680,1263,499,1240,4191,9
56700,1251,500,1240,4191,9
56720,1252,499,1240,4191,8
56740,1195,515,1233,4191,8
56760,1159,526,1228,4191,8
56780,1168,525,1228,4191,8
56800,1210,513,1234,4191,8
56820,1193,515,1233,4191,8
56840,1151,525,1228,4191,7
56860,1107,541,1221,4191,7
56880,1135,537,1223,4191,7
56900,1176,523,1229,4191,7
56920,1165,523,1229,4191,7
56940,1162,525,1228,4191,7
56960,1196,516,1233,4191,7
56980,1226,506,1237,4191,6
57000,1248,497,1241,4191,6
57020,1295,473,1253,4191,6
57040,1265,475,1252,4191,6
57060,1240,483,1248,4191,6
57080,1223,488,1246,4191,6
57100,1178,500,1240,4191,5
57120,1178,502,1239,4191,5
57140,1192,497,1241,4191,5
57160,1193,496,1242,4191,5
57180,1165,502,1239,4191,5
57200,1110,520,1231,4191,5
57220,1126,520,1231,4191,5
57240,1136,515,1233,4191,4
57260,1166,505,1238,4191,4
57280,1145,509,1236,4191,4
57300,1123,519,1231,4191,4
57320,1126,520,1231,4191,4
57340,1120,523,1229,4191,4
57360,1126,522,1230,4191,3
57380,1101,530,1226,4191,3
57400,1091,536,1223,4191,3
57420,1079,541,1221,4191,3
57440,1103,539,1222,4191,3
57460,1093,541,1221,4191,3
57480,1077,547,1218,4191,3
57500,1077,551,1217,4191,2
57520,1055,559,1212,4191,2
57540,1058,564,1210,4191,2
57560,1076,562,1211,4191,2
57580,1039,575,1205,4191,2
57600,1027,586,1200,4191,2
57620,1063,578,1204,4191,1
57640,1030,589,1199,4191,1
57660,999,615,1187,4191,1
57680,966,638,1176,4191,1
57700,974,639,1176,4191,1
57720,959,647,1172,4191,1
57740,959,656,1168,4191,1
57760,955,665,1164,4191,10
57780,985,653,1169,4191,10
57800,1045,638,1176,4191,10
57820,1054,635,1177,4191,10
57840,1046,640,1175,4191,10
57860,1051,640,1175,4191,10
57880,1054,641,1175,4191,10
57900,1051,644,1173,4191,9
57920,1033,653,1169,4191,9
57940,1050,651,1170,4191,9
57960,1030,659,1166,4191,9
57980,1007,669,1161,4191,9
58000,1016,671,1161,4191,9
58020,1002,675,1159,4191,9
58040,968,689,1152,4191,8
58060,954,699,1148,4191,8
58080,935,721,1137,4191,8
58100,923,740,1129,4191,8
58120,936,735,1131,4191,8
58140,967,707,1144,4191,8
58160,965,703,1146,4191,7
58180,992,692,1151,4191,7
58200,1003,690,1152,4191,7
58220,1038,683,1155,4191,7
58240,1007,689,1152,4191,7
58260,972,700,1147,4191,7
58280,986,697,1148,4191,7
58300,1013,687,1153,4191,6
58320,1081,675,1159,4191,6
58340,1094,670,1161,4191,6
58360,1102,666,1163,4191,6
58380,1100,664,1164,4191,6
58400,1125,654,1169,4191,6
58420,1112,655,1168,4191,6
58440,1095,662,1165,4191,5
58460,1138,646,1172,4191,5
58480,1163,636,1177,4191,5
58500,1175,630,1180,4191,5
58520,1158,629,1180,4191,5
58540,1128,635,1177,4191,5
58560,1110,642,1174,4191,4
58580,1107,645,1173,4191,4
58600,1145,636,1177,4191,4
58620,1159,630,1179,4191,4
58640,1208,618,1185,4191,4
58660,1212,612,1188,4191,4
58680,1210,608,1190,4191,4
58700,1237,598,1194,4191,3
58720,1263,586,1200,4191,3
58740,1303,566,1210,4191,3
58760,1305,556,1214,4191,3
58780,1355,529,1227,4191,3
58800,1347,522,1230,4191,3
58820,1342,517,1232,4191,2
58840,1319,519,1231,4191,2
58860,1326,510,1235,4191,2
58880,1297,520,1231,4191,2
58900,1306,513,1234,4191,2
58920,1334,488,1245,4191,2
58940,1355,465,1256,4191,2
58960,1378,438,1269,4191,1
58980,1395,413,1280,4191,1
59000,1372,419,1278,4191,1
59020,1281,472,1253,4191,1
59040,1243,497,1241,4191,1
59060,1223,511,1235,4191,1
59080,1246,503,1239,4191,0
59100,1260,497,1241,4191,10
59120,1291,480,1249,4191,10
59140,1204,508,1236,4191,10
59160,1181,518,1232,4191,10
59180,1210,507,1237,4191,10
59200,1196,510,1235,4191,10
59220,1215,507,1237,4191,9
59240,1200,508,1237,4191,9
59260,1217,503,1239,4191,9
59280,1206,503,1238,4191,9
59300,1198,504,1238,4191,9
59320,1182,507,1237,4191,9
59340,1223,497,1241,4191,9
59360,1201,499,1240,4191,8
59380,1221,495,1243,4191,8
59400,1199,497,1241,4191,8
59420,1216,493,1243,4191,8
59440,1217,489,1245,4191,8
59460,1214,489,1245,4191,8
59480,1194,493,1243,4191,7
59500,1183,495,1242,4191,7
59520,1193,492,1244,4191,7
59540,1205,488,1246,4191,7
59560,1216,482,1248,4191,7
59580,1256,462,1258,4191,7
59600,1236,462,1257,4191,7
59620,1232,462,1258,4191,6
59640,1205,471,1253,4191,6
59660,1180,481,1249,4191,6
59680,1193,478,1250,4191,6
59700,1186,479,1250,4191,6
59720,1248,454,1261,4191,6
59740,1224,455,1261,4191,5
59760,1251,442,1267,4191,5
59780,1168,470,1254,4191,5
59800,1198,466,1256,4191,5
59820,1204,460,1259,4191,5
59840,1185,467,1255,4191,5
59860,1158,477,1251,4191,5
59880,1205,462,1258,4191,4
59900,1201,457,1260,4191,4
59920,1166,471,1254,4191,4
59940,1213,454,1261,4191,4
59960,1240,436,1270,4191,4
59980,1250,426,1274,4191,4
60000,1189,446,1265,4191,3
60020,1135,474,1252,4191,3
60040,1072,503,1239,4191,3
60060,1057,511,1235,4191,3
60080,998,531,1226,4191,3
60100,1076,511,1235,4191,3
60120,1147,484,1247,4191,3
60140,1214,464,1257,4191,2
60160,1166,475,1252,4191,2
60180,1260,439,1268,4191,2
60200,1232,437,1269,4191,2
60220,1235,434,1271,4191,2
60240,1294,402,1285,4191,2
60260,1535,275,1344,4192,1
60280,1595,203,1378,4192,1
60300,1271,341,1314,4191,1
60320,1072,457,1260,4191,1
60340,1085,480,1249,4191,1
60360,1013,505,1238,4191,1
60380,978,522,1230,4191,0
60400,1008,516,1233,4191,10
60420,1147,469,1254,4191,10
60440,1233,433,1271,4191,10
60460,1269,407,1283,4191,10
60480,1187,428,1273,4191,10
60500,1198,429,1273,4191,10
60520,1208,423,1276,4191,9
60540,1205,421,1276,4191,9
60560,1189,426,1274,4191,9
60580,1229,409,1282,4191,9
60600,1166,429,1273,4191,9
60620,1177,431,1272,4191,9
60640,1181,429,1273,4191,9
60660,1182,428,1274,4191,8
60680,1171,431,1272,4191,8
60700,1165,435,1270,4191,8
60720,1169,434,1271,4191,8
60740,1181,428,1274,4191,8
60760,1170,430,1272,4191,8
60780,1171,430,1272,4191,7
60800,1183,425,1275,4191,7
60820,1212,410,1282,4191,7
60840,1296,370,1300,4191,7
60860,1264,373,1299,4191,7
60880,1215,390,1291,4191,7
60900,1035,472,1253,4191,6
60920,1008,510,1236,4191,6
60940,1042,495,1242,4191,6
60960,933,530,1226,4191,6
60980,866,602,1193,4191,6
61000,965,553,1215,4191,6
61020,1023,507,1237,4191,6
61040,1110,480,1249,4191,5
61060,1288,421,1277,4191,5
61080,1335,381,1295,4191,5
61100,1290,386,1293,4191,5
61120,1320,368,1301,4191,5
61140,1404,315,1326,4191,5
61160,1194,386,1293,4191,4
61180,1086,456,1261,4191,4
61200,1155,450,1263,4191,4
61220,1191,426,1274,4191,4
61240,1149,432,1272,4191,4
61260,1096,459,1259,4191,4
61280,1183,431,1272,4191,3
61300,1201,416,1279,4191,3
61320,1132,437,1269,4191,3
61340,1143,442,1267,4191,3
61360,1206,416,1279,4191,3
61380,1205,409,1282,4191,3
61400,1189,412,1281,4191,3
61420,1207,404,1285,4191,2
61440,1232,393,1290,4191,2
61460,1241,385,1293,4191,2
61480,1264,370,1300,4191,2
61500,1271,359,1305,4191,2
61520,1218,378,1297,4191,2
61540,1224,378,1297,4191,1
61560,1217,378,1296,4191,1
61580,1217,378,1297,4191,1
61600,1219,376,1297,4191,1
61620,1272,346,1312,4191,1
61640,1258,342,1313,4191,1
61660,1240,349,1310,4191,1
61680,1225,351,1309,4191,10
61700,1208,358,1306,4191,10
61720,1126,392,1290,4191,10
61740,1084,424,1275,4191,10
61760,1085,435,1270,4191,10
61780,1120,424,1275,4191,10
61800,1138,413,1280,4191,10
61820,1014,477,1251,4191,9
61840,1129,439,1268,4191,9
61860,1140,425,1275,4191,9
61880,1059,460,1259,4191,9
61900,1107,447,1265,4191,9
61920,1220,398,1287,4191,9
61940,1334,332,1318,4191,8
61960,1287,340,1314,4191,8
61980,1260,342,1313,4191,8
62000,1252,335,1316,4191,8
62020,1285,315,1326,4191,8
62040,1276,314,1326,4191,8
62060,1264,316,1325,4191,7
62080,1247,320,1324,4191,7
62100,1200,339,1315,4191,7
62120,1159,362,1304,4191,7
62140,1139,378,1297,4191,7
62160,1181,363,1303,4191,7
62180,1161,369,1301,4191,7
62200,1152,374,1298,4191,6
62220,1203,356,1307,4191,6
62240,1240,333,1318,4191,6
62260,1238,329,1319,4191,6
62280,1193,343,1313,4191,6
62300,1200,340,1314,4191,6
62320,1173,350,1309,4191,5
62340,1216,335,1317,4191,5
62360,1216,330,1319,4191,5
62380,1223,327,1320,4191,5
62400,1196,334,1317,4191,5
62420,1166,347,1311,4191,5
62440,1178,344,1312,4191,5
62460,1170,347,1311,4191,4
62480,1213,330,1319,4191,4
62500,1188,336,1316,4191,4
62520,1263,306,1330,4191,4
62540,1191,327,1320,4191,4
62560,1247,309,1329,4191,4
62580,1173,332,1318,4191,3
62600,1195,326,1321,4191,3
62620,1202,323,1322,4191,3
62640,1197,324,1322,4191,3
62660,1177,330,1319,4191,3
62680,1221,315,1326,4191,3
62700,1241,303,1332,4191,2
62720,1244,300,1333,4191,2
62740,1279,282,1341,4191,2
62760,1190,313,1327,4191,2
62780,1239,298,1334,4191,2
62800,1173,319,1324,4191,2
62820,1196,314,1327,4191,2
62840,1198,312,1327,4191,1
62860,1248,291,1337,4191,1
62880,1287,267,1348,4192,1
62900,1287,263,1350,4192,1
62920,1229,287,1339,4192,1
62940,1232,288,1339,4192,1
62960,1217,292,1336,4192,11
62980,1179,306,1330,4191,10
63000,1184,305,1330,4191,10
63020,1156,316,1326,4191,10
63040,1219,293,1336,4191,10
63060,1248,274,1345,4191,10
63080,1204,292,1336,4192,10
63100,1237,279,1343,4192,9
63120,1231,278,1343,4192,9
63140,1238,273,1345,4192,9
63160,1170,300,1333,4191,9
63180,1221,281,1342,4192,9
63200,1237,271,1346,4191,9
63220,1309,229,1366,4192,8
63240,1337,212,1374,4192,8
63260,1319,221,1370,4192,8
63280,1217,260,1351,4192,8
63300,1240,253,1355,4192,8
63320,824,365,1303,4191,8
63340,388,536,1223,4190,8
63360,730,643,1173,4191,7
63380,971,473,1252,4191,7
63400,1051,384,1294,4191,7
63420,1161,351,1309,4191,7
63440,1198,338,1315,4191,7
63460,1259,299,1333,4191,7
63480,1108,353,1308,4191,6
63500,1007,424,1275,4191,6
63520,1099,380,1296,4191,6
63540,1156,341,1314,4191,6
63560,1103,366,1302,4191,6
63580,1016,422,1276,4191,6
63600,963,464,1257,4191,6
63620,1001,447,1265,4191,5
63640,999,442,1267,4191,5
63660,957,474,1252,4191,5
63680,1027,447,1265,4191,5
63700,1007,449,1264,4191,5
63720,946,492,1243,4191,5
63740,935,525,1228,4191,4
63760,931,531,1226,4191,4
63780,950,511,1235,4190,4
63800,911,545,1219,4191,4
63820,903,575,1205,4191,4
63840,880,592,1197,4191,4
63860,888,592,1197,4191,3
63880,835,623,1183,4191,3
63900,859,626,1182,4191,3
63920,882,609,1189,4191,3
63940,927,580,1203,4191,3
63960,941,572,1207,4191,3
63980,975,549,1217,4191,3
64000,970,548,1218,4191,2
64020,988,542,1220,4191,2
64040,923,589,1199,4191,2
64060,885,646,1172,4191,2
64080,850,687,1153,4191,2
64100,875,669,1162,4191,2
64120,900,638,1176,4191,1
64140,940,616,1186,4191,1
64160,919,636,1177,4191,1
64180,922,654,1169,4191,1
64200,913,666,1163,4191,1
64220,931,654,1168,4191,1
64240,989,608,1190,4191,1
64260,1011,595,1196,4191,10
64280,983,618,1185,4191,10
64300,972,632,1179,4191,10
64320,992,621,1184,4191,10
64340,965,634,1178,4191,10
64360,970,640,1175,4191,10
64380,891,707,1144,4191,10
64400,911,725,1136,4191,9
64420,865,750,1124,4191,9
64440,933,714,1141,4191,9
64460,1007,649,1171,4191,9
64480,1023,642,1174,4191,9
64500,1040,645,1173,4191,9
64520,1000,662,1165,4191,8
64540,1012,661,1165,4191,8
64560,1052,650,1171,4191,8
64580,1086,639,1176,4191,8
64600,1099,633,1178,4191,8
64620,1144,618,1185,4191,8
64640,1149,612,1188,4191,7
64660,1187,598,1194,4191,7
64680,1193,590,1198,4191,7
64700,1207,582,1202,4191,7
64720,1232,570,1208,4191,7
64740,1257,557,1214,4191,7
64760,1265,549,1217,4191,7
64780,1274,543,1220,4191,6
64800,1324,518,1232,4191,6
64820,1340,501,1239,4191,6
64840,1349,483,1248,4191,6
64860,1326,487,1246,4191,6
64880,1343,465,1256,4191,6
64900,1394,416,1279,4191,5
64920,1423,387,1292,4191,5
64940,1431,376,1297,4191,5
64960,1354,414,1280,4191,5
64980,1249,466,1256,4191,5
65000,1156,516,1233,4191,5
65020,1130,534,1224,4191,5
65040,1046,552,1216,4191,4
65060,1163,529,1227,4191,4
65080,1205,513,1234,4191,4
65100,1337,457,1260,4191,4
65120,1312,450,1263,4191,4
65140,1303,448,1264,4191,4
65160,1277,454,1261,4191,3
65180,1252,465,1256,4191,3
65200,1263,460,1259,4191,3
65220,1239,467,1256,4191,3
65240,1258,458,1259,4191,3
65260,1259,452,1262,4191,3
65280,1233,461,1258,4191,3
65300,1248,454,1261,4191,2
65320,1302,420,1277,4191,2
65340,1298,409,1282,4191,2
65360,1312,398,1287,4191,2
65380,1254,420,1277,4191,2
65400,1262,418,1278,4191,2
65420,1245,424,1275,4191,1
65440,1250,421,1277,4191,1
65460,1238,424,1275,4191,1
65480,1217,432,1271,4191,1
65500,1210,436,1270,4191,1
65520,1190,444,1266,4191,1
65540,1252,419,1278,4191,1
65560,1270,400,1286,4191,10
65580,1286,387,1292,4191,10
65600,1268,391,1291,4191,10
65620,1278,383,1294,4191,10
65640,1240,397,1288,4191,10
65660,1238,399,1287,4191,10
65680,1252,390,1291,4191,10
65700,1287,370,1301,4191,9
65720,1290,360,1305,4191,9
65740,1245,378,1296,4191,9
65760,1204,396,1288,4191,9
65780,1197,401,1286,4191,9
65800,1168,414,1280,4191,9
65820,1113,444,1266,4191,8
65840,1098,463,1257,4191,8
65860,1095,468,1255,4191,8
65880,1090,469,1255,4191,8
65900,1300,385,1293,4191,8
65920,1304,359,1306,4191,8
65940,1332,339,1315,4191,8
65960,1373,305,1330,4191,7
65980,1317,319,1324,4191,7
66000,1077,415,1279,4191,7
66020,928,522,1230,4191,7
66040,977,516,1232,4191,7
66060,985,501,1239,4191,7
66080,962,520,1231,4191,6
66100,971,528,1227,4191,6
66120,987,524,1229,4191,6
66140,935,552,1216,4191,6
66160,1084,489,1245,4191,6
66180,1141,462,1258,4191,6
66200,1138,466,1256,4191,6
66220,1064,498,1241,4191,5
66240,1042,513,1234,4191,5
66260,1070,497,1241,4191,5
66280,1047,506,1237,4191,5
66300,916,569,1208,4191,5
66320,899,617,1186,4191,5
66340,834,687,1153,4191,4
66360,822,711,1142,4191,4
66380,852,691,1152,4191,4
66400,924,636,1177,4191,4
66420,978,598,1195,4191,4
66440,1065,567,1209,4191,4
66460,1100,547,1218,4191,4
66480,1210,505,1238,4191,3
66500,1362,441,1268,4191,3
66520,1446,369,1301,4191,3
66540,1437,349,1310,4191,3
66560,1426,349,1310,4191,3
66580,1357,372,1300,4191,3
66600,1421,331,1318,4191,2
66620,1425,306,1330,4191,2
66640,1428,300,1333,4191,2
66660,1379,317,1325,4191,2
66680,1361,324,1322,4191,2
66700,1321,336,1316,4191,2
66720,1298,343,1313,4191,1
66740,1270,354,1308,4191,1
66760,1248,364,1303,4191,1
66780,1270,351,1309,4191,1
66800,1278,342,1313,4191,1
66820,1278,340,1314,4191,1
66840,1294,330,1319,4191,1
66860,1255,342,1313,4191,10
66880,1260,340,1314,4191,10
66900,1226,352,1309,4191,10
66920,1258,338,1315,4191,10
66940,1268,328,1320,4191,10
66960,1286,320,1323,4191,10
66980,1239,335,1317,4191,10
67000,1234,336,1316,4191,9
67020,1229,338,1315,4191,9
67040,1253,325,1321,4191,9
67060,1237,330,1319,4191,9
67080,1251,322,1322,4191,9
67100,1235,326,1321,4191,9
67120,1243,322,1323,4191,8
67140,1250,315,1326,4191,8
67160,1252,313,1327,4191,8
67180,1277,301,1332,4191,8
67200,1223,320,1323,4191,8
67220,1196,332,1318,4191,8
67240,1197,333,1318,4191,7
67260,1227,320,1324,4191,7
67280,1202,329,1319,4191,7
67300,1242,313,1327,4191,7
67320,1221,318,1324,4191,7
67340,1165,341,1314,4191,7
67360,1197,330,1319,4191,7
67380,1227,316,1325,4191,6
67400,1220,318,1324,4191,6
67420,1223,315,1326,4191,6
67440,1203,321,1323,4191,6
67460,1206,320,1324,4191,6
67480,1216,315,1326,4191,6
67500,1227,310,1328,4191,5
67520,1216,312,1327,4191,5
67540,1217,311,1328,4191,5
67560,1204,314,1326,4191,5
67580,1159,331,1319,4191,5
67600,1178,326,1321,4191,5
67620,1211,313,1327,4191,5
67640,1220,308,1329,4191,4
67660,1236,299,1333,4191,4
67680,1224,302,1332,4191,4
67700,1206,307,1329,4191,4
67720,1188,313,1327,4191,4
67740,1208,307,1330,4191,4
67760,1220,301,1332,4191,3
67780,1206,304,1331,4191,3
67800,1170,317,1325,4191,3
67820,1202,307,1330,4191,3
67840,1196,307,1330,4191,3
67860,1214,300,1333,4191,3
67880,1208,301,1333,4191,2
67900,1215,297,1334,4192,2
67920,1181,308,1329,4191,2
67940,1183,308,1329,4191,2
67960,1197,303,1331,4191,2
67980,1197,302,1332,4191,2
68000,1205,298,1334,4192,2
68020,1188,303,1331,4191,1
68040,1150,318,1325,4191,1
68060,1186,306,1330,4191,1
68080,1186,304,1331,4191,1
68100,1224,287,1339,4191,1
68120,1197,296,1334,4192,1
68140,1195,297,1334,4191,0
68160,1187,300,1333,4191,10
68180,1195,296,1335,4191,10
68200,1199,293,1336,4192,10
68220,1205,289,1338,4192,10
68240,1161,306,1330,4191,10
68260,1172,304,1331,4191,10
68280,1164,306,1330,4191,9
68300,1202,290,1338,4191,9
68320,1213,282,1341,4192,9
68340,1202,285,1340,4192,9
68360,1194,288,1338,4192,9
68380,1154,305,1330,4191,9
68400,1165,303,1331,4191,9
68420,1199,287,1339,4192,8
68440,1207,280,1342,4192,8
68460,1220,273,1346,4192,8
68480,1193,283,1341,4192,8
68500,1167,295,1335,4191,8
68520,1148,306,1330,4191,8
68540,1171,295,1335,4191,7
68560,1197,282,1341,4191,7
68580,1231,264,1349,4191,7
68600,1213,269,1347,4192,7
68620,1135,306,1330,4191,7
68640,1168,293,1336,4191,7
68660,1102,323,1322,4191,6
68680,1145,307,1329,4191,6
68700,1141,307,1329,4191,6
68720,1139,308,1329,4191,6
68740,1139,310,1328,4191,6
68760,1114,322,1322,4191,6
68780,1111,326,1321,4191,6
68800,1141,313,1327,4191,5
68820,1163,300,1333,4191,5
68840,1148,306,1330,4191,5
68860,1086,339,1315,4191,5
68880,1125,325,1321,4191,5
68900,1144,313,1327,4191,5
68920,1148,309,1328,4191,4
68940,1163,303,1332,4191,4
68960,1130,317,1325,4191,4
68980,1140,316,1325,4191,4
69000,1099,334,1317,4191,4
69020,1102,336,1316,4191,4
69040,1091,341,1314,4191,4
69060,1125,327,1320,4191,3
69080,1113,331,1319,4191,3
69100,1095,343,1313,4191,3
69120,1081,352,1309,4191,3
69140,1095,346,1311,4191,3
69160,1094,347,1311,4191,3
69180,1108,341,1314,4191,2
69200,1107,342,1313,4191,2
69220,1019,394,1289,4191,2
69240,1021,408,1283,4191,2
69260,1085,366,1302,4191,2
69280,1094,359,1306,4191,2
69300,1094,363,1303,4191,1
69320,1057,386,1293,4191,1
69340,1072,381,1295,4191,1
69360,1082,373,1299,4191,1
69380,1105,361,1304,4191,1
69400,1078,377,1297,4191,1
69420,1052,399,1287,4191,1
69440,1063,397,1288,4191,10
69460,1067,393,1290,4191,10
69480,1059,399,1287,4191,10
69500,1067,398,1287,4191,10
69520,1068,398,1287,4191,10
69540,1068,400,1287,4191,10
69560,1085,392,1290,4191,10
69580,1075,397,1288,4191,9
69600,1102,383,1294,4191,9
69620,1090,388,1292,4191,9
69640,1114,377,1297,4191,9
69660,1106,380,1296,4191,9
69680,1097,387,1293,4191,9
69700,1083,397,1288,4191,8
69720,1057,416,1279,4191,8
69740,1050,425,1275,4191,8
69760,1067,416,1279,4191,8
69780,1055,423,1276,4191,8
69800,1048,432,1271,4191,8
69820,1093,410,1282,4191,7
69840,1102,399,1287,4191,7
69860,1082,412,1281,4191,7
69880,1060,431,1272,4191,7
69900,1094,415,1279,4191,7
69920,1115,400,1286,4191,7
69940,1093,409,1282,4191,7
69960,1081,421,1277,4191,6
69980,1123,402,1285,4191,6
70000,1108,403,1285,4191,6
70020,1111,403,1285,4191,6
70040,1094,414,1280,4191,6
70060,1076,428,1273,4191,6
70080,1099,420,1277,4191,5
70100,1109,412,1281,4191,5
70120,1112,410,1282,4191,5
70140,1155,393,1290,4191,5
70160,1125,398,1287,4191,5
70180,1087,422,1276,4191,5
70200,1083,432,1272,4191,5
70220,1097,427,1274,4191,4
70240,1119,415,1279,4191,4
70260,1120,412,1281,4191,4
70280,1103,420,1277,4191,4
70300,1088,433,1271,4191,4
70320,1076,445,1266,4191,4
70340,1060,457,1260,4191,3
70360,1105,438,1269,4191,3
70380,1103,434,1271,4191,3
70400,1087,445,1266,4191,3
70420,1070,458,1259,4191,3
70440,1049,472,1253,4191,3
70460,1102,452,1262,4191,3
70480,1096,447,1265,4191,2
70500,1080,458,1259,4191,2
70520,1116,445,1265,4191,2
70540,1095,451,1263,4191,2
70560,1097,453,1262,4191,2
70580,1094,456,1261,4191,2
70600,1103,453,1262,4191,1
70620,1095,456,1260,4191,1
70640,1065,473,1252,4191,1
70660,1079,471,1254,4191,1
70680,1078,468,1255,4191,1
70700,1093,463,1257,4191,1
70720,1081,469,1254,4191,0
70740,1069,478,1250,4191,10
70760,1087,472,1253,4191,10
70780,1104,464,1256,4191,10
70800,1074,477,1251,4191,10
70820,1071,483,1248,4191,10
70840,1066,485,1247,4191,10
70860,1071,484,1247,4191,9
70880,1057,491,1244,4191,9
70900,1051,498,1241,4191,9
70920,1065,493,1243,4191,9
70940,1024,511,1235,4191,9
70960,1015,523,1229,4191,9
70980,1041,512,1234,4191,9
71000,1039,513,1234,4191,8
71020,1035,521,1230,4191,8
71040,1024,529,1227,4191,8
71060,1056,516,1233,4191,8
71080,1054,516,1233,4191,8
71100,1053,521,1230,4191,8
71120,1033,533,1225,4191,7
71140,1030,538,1222,4191,7
71160,1033,539,1222,4191,7
71180,1015,549,1217,4191,7
71200,1005,559,1213,4191,7
71220,1015,560,1212,4191,7
71240,982,574,1206,4191,7
71260,1003,574,1206,4191,6
71280,1007,572,1207,4191,6
71300,1000,579,1203,4191,6
71320,990,591,1198,4191,6
71340,1015,583,1201,4191,6
71360,1025,579,1203,4191,6
71380,1061,569,1208,4191,5
71400,1080,561,1212,4191,5
71420,1156,533,1224,4191,5
71440,1137,531,1226,4191,5
71460,1126,536,1223,4191,5
71480,1151,530,1226,4191,5
71500,1117,537,1223,4191,4
71520,1078,551,1216,4191,4
71540,1131,543,1220,4191,4
71560,1078,553,1215,4191,4
71580,1104,553,1216,4191,4
71600,1075,560,1212,4191,4
71620,1066,567,1209,4191,4
71640,1102,561,1212,4191,3
71660,1068,569,1208,4191,3
71680,1072,572,1207,4191,3
71700,1103,565,1210,4191,3
71720,1087,568,1208,4191,3
71740,1104,566,1209,4191,3
71760,1090,570,1208,4191,2
71780,1107,567,1209,4191,2
71800,1090,571,1207,4191,2
71820,1111,568,1208,4191,2
71840,1108,568,1208,4191,2
71860,1097,572,1207,4191,2
71880,1116,569,1208,4191,2
71900,1125,565,1210,4191,1
71920,1142,561,1212,4191,1
71940,1105,569,1208,4191,1
71960,1112,571,1207,4191,1
71980,1097,575,1205,4191,1
72000,1113,573,1206,4191,1
72020,1108,575,1205,4191,11
72040,1082,584,1201,4191,10
72060,1110,580,1203,4191,10
72080,1115,578,1204,4191,10
72100,1105,582,1202,4191,10
72120,1118,580,1203,4191,10
72140,1121,578,1204,4191,10
72160,1137,574,1205,4191,9
72180,1130,574,1205,4191,9
72200,1142,572,1207,4191,9
72220,1115,578,1204,4191,9
72240,1131,576,1205,4191,9
72260,1115,579,1203,4191,9
72280,1109,584,1201,4191,8
72300,1110,585,1200,4191,8
72320,1127,582,1202,4191,8
72340,1111,587,1200,4191,8
72360,1103,591,1198,4191,8
72380,1109,592,1198,4191,8
72400,1102,595,1196,4191,8
72420,1109,595,1196,4191,7
72440,1116,594,1196,4191,7
72460,1114,596,1196,4191,7
72480,1082,605,1191,4191,7
72500,1060,618,1185,4191,7
72520,1054,628,1181,4191,7
72540,1061,632,1179,4191,6
72560,1048,640,1175,4191,6
72580,1066,639,1176,4191,6
72600,1098,628,1180,4191,6
72620,1100,627,1181,4191,6
72640,1106,626,1182,4191,6
72660,1121,621,1184,4191,5
72680,1120,619,1185,4191,5
72700,1114,621,1184,4191,5
72720,1146,612,1188,4191,5
72740,1106,620,1184,4191,5
72760,1099,625,1182,4191,5
72780,1065,640,1175,4191,5
72800,1082,642,1174,4191,4
72820,1066,650,1170,4191,4
72840,1086,648,1171,4191,4
72860,1102,643,1174,4191,4
72880,1088,649,1171,4191,4
72900,1074,657,1167,4191,4
72920,1072,660,1166,4191,3
72940,1085,658,1167,4191,3
72960,1088,658,1167,4191,3
72980,1081,663,1164,4191,3
73000,1056,673,1160,4191,3
73020,1076,669,1161,4191,3
73040,1049,676,1158,4191,3
73060,1055,676,1158,4191,2
73080,1074,671,1161,4191,2
73100,1080,669,1162,4191,2
73120,1087,666,1163,4191,2
73140,1071,671,1161,4191,2
73160,1113,657,1167,4191,2
73180,1102,658,1167,4191,1
73200,1108,657,1167,4191,1
73220,1090,662,1165,4191,1
73240,1111,655,1168,4191,1
73260,1064,669,1161,4191,1
73280,1081,667,1163,4191,1
73300,1113,654,1168,4191,0
73320,1091,661,1165,4191,10
73340,1077,668,1162,4191,10
73360,1075,668,1162,4191,10
73380,1059,673,1160,4191,10
73400,1039,678,1157,4191,10
73420,1025,681,1156,4191,10
73440,1012,684,1155,4191,9
73460,1055,677,1158,4191,9
73480,1026,682,1156,4191,9
73500,1036,681,1156,4191,9
73520,1020,683,1155,4191,9
73540,1029,682,1155,4191,9
73560,1046,680,1157,4191,9
73580,1050,679,1157,4191,8
73600,1059,677,1158,4191,8
73620,1062,676,1158,4191,8
73640,1073,673,1159,4191,8
73660,1032,681,1156,4191,8
73680,1073,674,1159,4191,8
73700,1052,677,1158,4191,7
73720,1014,684,1155,4191,7
73740,1018,684,1155,4191,7
73760,1001,687,1153,4191,7
73780,1013,685,1154,4191,7
73800,1003,687,1153,4191,7
73820,1009,686,1154,4191,7
73840,1001,688,1153,4191,6
73860,1019,685,1154,4191,6
73880,1028,683,1155,4191,6
73900,1034,682,1155,4191,6
73920,1039,682,1156,4191,6
73940,1020,684,1155,4191,6
73960,1051,680,1156,4191,5
73980,1040,681,1156,4191,5
74000,1084,672,1160,4191,5
74020,1072,674,1159,4191,5
74040,1042,680,1157,4191,5
74060,1040,681,1156,4191,5
74080,1079,672,1160,4191,4
74100,1067,674,1159,4191,4
74120,1046,678,1157,4191,4
74140,1071,674,1159,4191,4
74160,1029,681,1156,4191,4
74180,1036,681,1156,4191,4
74200,1061,676,1158,4191,4
74220,1044,679,1157,4191,3
74240,1021,683,1155,4191,3
74260,1017,684,1155,4191,3
74280,1024,683,1155,4191,3
74300,1021,684,1155,4191,3
74320,1036,682,1156,4191,3
74340,1041,681,1156,4191,2
74360,1053,679,1157,4191,2
74380,1044,680,1156,4191,2
74400,1060,677,1158,4191,2
74420,1108,662,1165,4191,2
74440,1072,672,1160,4191,2
74460,1084,669,1161,4191,2
74480,1108,659,1166,4191,1
74500,1120,653,1169,4191,1
74520,1100,659,1166,4191,1
74540,1089,663,1164,4191,1
74560,1104,657,1167,4191,1
74580,1129,647,1172,4191,1
74600,1143,642,1174,4191,10
74620,1148,638,1176,4191,10
74640,1140,637,1176,4191,10
74660,1119,642,1174,4191,10
74680,1140,637,1177,4191,10
74700,1131,637,1176,4191,10
74720,1162,630,1180,4191,10
74740,1161,627,1181,4191,9
74760,1175,623,1183,4191,9
74780,1170,621,1184,4191,9
74800,1164,621,1184,4191,9
74820,1178,617,1186,4191,9
74840,1183,614,1187,4191,9
74860,1175,614,1187,4191,8
74880,1181,612,1188,4191,8
74900,1202,606,1191,4191,8
74920,1182,608,1190,4191,8
74940,1224,599,1194,4191,8
74960,1204,598,1194,4191,8
74980,1230,592,1197,4191,8
75000,1232,586,1200,4191,7
75020,1258,577,1204,4191,7
75040,1258,570,1207,4191,7
75060,1257,566,1209,4191,7
75080,1254,563,1211,4191,7
75100,1249,561,1212,4191,7
75120,1276,551,1216,4191,6
75140,1275,548,1218,4191,6
75160,1283,543,1220,4191,6
75180,1263,546,1219,4191,6
75200,1247,548,1218,4191,6
75220,1235,549,1217,4191,6
75240,1262,540,1221,4191,5
75260,1262,538,1223,4191,5
75280,1259,537,1223,4191,5
75300,1275,528,1227,4191,5
75320,1284,520,1231,4191,5
75340,1313,504,1238,4191,5
75360,1294,507,1237,4191,5
75380,1287,506,1237,4191,4
75400,1268,508,1236,4191,4
75420,1262,509,1236,4191,4
75440,1267,505,1238,4191,4
75460,1257,506,1237,4191,4
75480,1235,511,1235,4191,4
75500,1245,507,1237,4191,3
75520,1229,509,1236,4191,3
75540,1219,512,1234,4191,3
75560,1226,508,1236,4191,3
75580,1234,504,1238,4191,3
75600,1223,505,1238,4191,3
75620,1228,503,1239,4191,3
75640,1237,497,1241,4191,2
75660,1233,496,1242,4191,2
75680,1241,491,1244,4191,2
75700,1227,492,1244,4191,2
75720,1242,485,1247,4191,2
75740,1214,492,1244,4191,2
75760,1217,491,1244,4191,1
75780,1214,490,1245,4191,1
75800,1209,490,1244,4191,1
75820,1207,490,1245,4191,1
75840,1198,491,1244,4191,1
75860,1187,493,1243,4191,1
75880,1176,495,1242,4191,0
75900,1155,499,1240,4191,10
75920,1175,495,1242,4191,10
75940,1187,491,1244,4191,10
75960,1195,489,1245,4191,10
75980,1182,490,1245,4191,10
76000,1195,487,1246,4191,10
76020,1152,496,1242,4191,9
76040,1181,490,1245,4191,9
76060,1197,484,1247,4191,9
76080,1187,485,1247,4191,9
76100,1196,483,1248,4191,9
76120,1197,480,1249,4191,9
76140,1203,477,1250,4191,9
76160,1224,467,1255,4191,8
76180,1176,479,1250,4191,8
76200,1186,480,1249,4191,8
76220,1156,487,1246,4191,8
76240,1145,491,1244,4191,8
76260,1104,505,1238,4191,8
76280,1123,502,1239,4191,7
76300,1143,495,1242,4191,7
76320,1145,493,1243,4191,7
76340,1143,494,1243,4191,7
76360,1142,495,1242,4191,7
76380,1158,490,1244,4191,7
76400,1166,487,1246,4191,7
76420,1170,486,1246,4191,6
76440,1159,488,1246,4191,6
76460,1164,487,1246,4191,6
76480,1156,488,1245,4191,6
76500,1125,499,1241,4191,6
76520,1117,504,1238,4191,6
76540,1111,506,1237,4191,5
76560,1119,504,1238,4191,5
76580,1124,503,1239,4191,5
76600,1131,501,1240,4191,5
76620,1131,501,1239,4191,5
76640,1104,510,1235,4191,5
76660,1077,522,1230,4191,4
76680,1055,532,1225,4191,4
76700,1055,536,1223,4191,4
76720,1054,540,1221,4191,4
76740,1063,540,1221,4191,4
76760,1050,547,1218,4191,4
76780,1084,540,1221,4191,4
76800,1074,541,1221,4191,3
76820,1057,551,1217,4191,3
76840,1048,559,1213,4191,3
76860,1082,551,1216,4191,3
76880,1086,548,1218,4191,3
76900,1056,559,1213,4191,3
76920,1031,575,1205,4191,2
76940,1040,576,1205,4191,2
76960,1043,575,1205,4191,2
76980,1075,569,1208,4191,2
77000,1084,566,1209,4191,2
77020,1036,583,1202,4191,2
77040,1007,604,1192,4191,1
77060,1012,609,1190,4191,1
77080,1042,600,1194,4191,1
77100,1088,588,1199,4191,1
77120,1096,584,1201,4191,1
77140,1095,583,1202,4191,1
77160,1084,584,1201,4191,1
77180,1091,583,1201,4191,10
77200,1084,586,1200,4191,10
77220,1099,584,1201,4191,10
77240,1078,589,1199,4191,10
77260,1082,592,1197,4191,10
77280,1062,599,1194,4191,10
77300,1066,602,1193,4191,10
77320,1051,611,1188,4191,9
77340,1039,623,1183,4191,9
77360,1019,636,1177,4191,9
77380,999,649,1171,4191,9
77400,989,658,1167,4191,9
77420,974,667,1162,4191,9
77440,995,665,1163,4191,8
77460,999,666,1163,4191,8
77480,1016,667,1163,4191,8
77500,1004,672,1160,4191,8
77520,1003,675,1159,4191,8
77540,990,682,1155,4191,8
77560,979,690,1152,4191,7
77580,1003,687,1153,4191,7
77600,990,692,1151,4191,7
77620,1001,692,1151,4191,7
77640,1012,688,1153,4191,7
77660,1012,687,1153,4191,7
77680,983,695,1150,4191,7
77700,987,696,1149,4191,6
77720,998,691,1151,4191,6
77740,987,694,1150,4191,6
77760,954,708,1143,4191,6
77780,955,713,1141,4191,6
77800,987,695,1149,4191,6
77820,959,705,1145,4191,5
77840,970,703,1146,4191,5
77860,990,694,1150,4191,5
77880,983,695,1150,4191,5
77900,958,710,1143,4191,5
77920,951,719,1138,4191,5
77940,964,710,1142,4191,5
77960,944,723,1137,4191,4
77980,940,733,1132,4191,4
78000,955,722,1137,4191,4
78020,948,724,1136,4191,4
78040,942,733,1132,4191,4
78060,901,766,1117,4192,4
78080,936,748,1125,4191,3
78100,956,723,1137,4191,3
78120,943,731,1133,4191,3
78140,939,741,1128,4191,3
78160,921,754,1122,4192,3
78180,923,756,1121,4192,3
78200,905,770,1115,4192,3
78220,919,765,1117,4192,2
78240,971,718,1139,4191,2
78260,982,697,1149,4191,2
78280,962,713,1141,4191,2
78300,961,720,1138,4191,2
78320,948,728,1134,4191,2
78340,935,740,1129,4191,1
78360,924,751,1124,4191,1
78380,904,768,1116,4192,1
78400,914,766,1117,4192,1
78420,905,774,1113,4192,1
78440,916,771,1114,4192,1
78460,926,761,1119,4191,0
78480,929,756,1121,4191,10
78500,916,768,1116,4192,10
78520,863,801,1100,4192,10
78540,863,807,1097,4192,10
78560,893,795,1103,4192,10
78580,923,776,1112,4192,10
78600,969,733,1132,4191,9
78620,965,719,1138,4191,9
78640,967,718,1139,4191,9
78660,924,752,1123,4191,9
78680,930,755,1122,4192,9
78700,927,752,1123,4192,9
78720,868,796,1103,4192,9
78740,823,817,1093,4192,8
78760,861,811,1096,4192,8
78780,913,786,1107,4192,8
78800,946,757,1121,4191,8
78820,971,726,1135,4191,8
78840,935,744,1127,4191,8
78860,920,764,1118,4192,7
78880,912,770,1115,4192,7
78900,887,791,1105,4192,7
78920,880,799,1101,4192,7
78940,895,793,1104,4192,7
78960,895,792,1104,4192,7
78980,937,765,1117,4192,7
79000,904,782,1109,4192,6
79020,869,801,1100,4192,6
79040,873,805,1099,4192,6
79060,836,817,1093,4192,6
79080,784,830,1087,4192,6
79100,832,824,1090,4192,6
79120,874,811,1096,4192,5
79140,923,788,1106,4191,5
79160,922,781,1110,4191,5
79180,907,788,1107,4191,5
79200,898,793,1104,4192,5
79220,838,815,1094,4192,5
79240,833,821,1091,4192,4
79260,796,831,1086,4192,4
79280,831,825,1089,4192,4
79300,900,803,1100,4192,4
79320,916,789,1106,4192,4
79340,934,775,1112,4191,4
79360,875,800,1101,4192,4
79380,842,815,1094,4192,3
79400,842,819,1092,4192,3
79420,826,823,1090,4192,3
79440,855,817,1093,4192,3
79460,930,785,1108,4191,3
79480,915,783,1109,4192,3
79500,929,777,1111,4191,2
79520,915,782,1109,4192,2
79540,896,793,1104,4192,2
79560,880,801,1100,4192,2
79580,890,798,1102,4192,2
79600,892,796,1103,4192,2
79620,976,735,1131,4191,2
79640,954,730,1133,4191,1
79660,941,743,1127,4191,1
79680,902,775,1113,4192,1
79700,841,810,1096,4192,1
79720,852,813,1095,4192,1
79740,865,809,1097,4192,1
79760,858,811,1096,4192,11
79780,880,804,1099,4192,10
79800,870,806,1098,4192,10
79820,897,796,1102,4192,10
79840,926,778,1111,4192,10
79860,931,769,1115,4191,10
79880,892,791,1105,4192,10
79900,877,802,1100,4192,9
79920,839,817,1093,4192,9
79940,849,816,1094,4192,9
79960,882,804,1099,4192,9
79980,920,784,1108,4191,9
80000,926,776,1112,4191,9
80020,892,793,1104,4192,8
80040,878,802,1100,4192,8
80060,857,811,1096,4192,8
80080,875,806,1098,4192,8
80100,821,822,1091,4192,8
80120,816,826,1089,4192,8
80140,853,817,1093,4192,8
80160,885,806,1098,4192,7
80180,913,792,1105,4192,7
80200,896,794,1103,4192,7
80220,855,810,1096,4192,7
80240,834,820,1091,4192,7
80260,849,817,1093,4192,7
80280,840,820,1092,4192,6
80300,867,813,1095,4192,6
80320,893,802,1100,4192,6
80340,852,814,1095,4192,6
80360,849,816,1093,4192,6
80380,830,822,1090,4192,6
80400,837,822,1091,4192,6
80420,860,816,1093,4192,5
80440,833,823,1090,4192,5
80460,780,834,1085,4192,5
80480,788,837,1084,4192,5
80500,849,824,1090,4192,5
80520,880,813,1095,4192,5
80540,904,801,1100,4192,4
80560,887,802,1100,4192,4
80580,828,820,1092,4192,4
80600,813,828,1088,4192,4
80620,761,838,1083,4192,4
80640,826,830,1087,4192,4
80660,786,838,1083,4192,3
80680,813,834,1085,4192,3
80700,857,823,1090,4192,3
80720,844,824,1090,4192,3
80740,860,819,1092,4192,3
80760,849,820,1091,4192,3
80780,846,821,1091,4192,3
80800,845,821,1091,4192,2
80820,846,821,1091,4192,2
80840,822,827,1088,4192,2
80860,840,824,1090,4192,2
80880,804,832,1086,4192,2
80900,803,834,1085,4192,2
80920,811,833,1085,4192,1
80940,846,825,1089,4192,1
80960,803,833,1085,4192,1
80980,810,833,1085,4192,1
81000,807,835,1085,4192,1
81020,816,833,1085,4192,1
81040,853,824,1090,4192,1
81060,811,832,1086,4192,10
81080,809,833,1085,4192,10
81100,801,836,1084,4192,10
81120,812,834,1085,4192,10
81140,768,842,1081,4192,10
81160,819,835,1085,4192,10
81180,791,839,1083,4192,9
81200,814,836,1084,4192,9
81220,797,838,1083,4192,9
81240,825,833,1086,4192,9
81260,798,837,1083,4192,9
81280,798,838,1083,4192,9
81300,846,827,1088,4192,9
81320,825,830,1087,4192,8
81340,816,832,1086,4192,8
81360,781,839,1083,4192,8
81380,804,837,1084,4192,8
81400,807,837,1084,4192,8
81420,810,836,1084,4192,8
81440,798,838,1083,4192,7
81460,765,843,1081,4191,7
81480,767,845,1080,4192,7
81500,798,841,1082,4192,7
81520,858,826,1089,4192,7
81540,864,821,1091,4192,7
81560,833,826,1089,4192,7
81580,777,837,1084,4192,6
81600,782,840,1082,4192,6
81620,828,832,1086,4192,6
81640,837,828,1088,4192,6
81660,792,836,1084,4192,6
81680,824,832,1086,4192,6
81700,803,836,1084,4192,6
81720,821,833,1086,4192,5
81740,838,828,1088,4192,5
81760,861,821,1091,4192,5
81780,861,818,1092,4192,5
81800,921,795,1103,4192,5
81820,871,807,1098,4192,5
81840,839,818,1093,4192,4
81860,809,829,1087,4192,4
81880,830,825,1089,4192,4
81900,789,835,1085,4192,4
81920,840,826,1089,4192,4
81940,805,833,1086,4192,4
81960,833,828,1088,4192,4
81980,857,821,1091,4192,3
82000,867,816,1093,4192,3
82020,827,825,1089,4192,3
82040,751,837,1084,4192,3
82060,759,841,1082,4192,3
82080,793,840,1082,4192,3
82100,813,836,1084,4192,2
82120,826,832,1086,4192,2
82140,821,832,1086,4192,2
82160,840,828,1088,4192,2
82180,864,819,1092,4192,2
82200,857,819,1092,4192,2
82220,826,826,1089,4192,2
82240,825,828,1088,4192,1
82260,812,831,1086,4192,1
82280,766,839,1083,4192,1
82300,804,837,1084,4192,1
82320,772,843,1081,4192,1
82340,847,828,1088,4192,1
82360,832,829,1087,4192,0
82380,808,833,1085,4192,10
82400,824,831,1086,4192,10
82420,789,838,1083,4192,10
82440,811,835,1084,4192,10
82460,796,838,1083,4192,10
82480,771,843,1081,4192,10
82500,826,834,1085,4192,9
82520,776,842,1081,4192,9
82540,780,842,1081,4192,9
82560,747,846,1079,4192,9
82580,771,846,1079,4191,9
82600,774,846,1079,4192,9
82620,839,833,1085,4192,8
82640,846,828,1088,4192,8
82660,820,832,1086,4192,8
82680,803,836,1084,4192,8
82700,777,841,1082,4192,8
82720,771,844,1080,4192,8
82740,762,846,1079,4192,8
82760,781,845,1080,4192,7
82780,778,845,1080,4192,7
82800,792,843,1081,4192,7
82820,733,848,1078,4191,7
82840,734,850,1078,4192,7
82860,790,845,1080,4192,7
82880,749,849,1078,4191,6
82900,701,851,1077,4191,6
82920,753,851,1077,4191,6
82940,726,852,1077,4191,6
82960,877,826,1089,4192,6
82980,862,824,1090,4192,6
83000,878,818,1093,4192,6
83020,843,823,1090,4192,5
83040,847,823,1090,4192,5
83060,845,823,1090,4192,5
83080,878,813,1095,4192,5
83100,878,810,1096,4192,5
83120,868,812,1095,4192,5
83140,888,805,1099,4192,4
83160,965,755,1122,4192,4
83180,984,720,1138,4191,4
83200,979,712,1142,4191,4
83220,991,703,1146,4191,4
83240,986,702,1146,4191,4
83260,979,705,1145,4191,3
83280,972,709,1143,4191,3
83300,961,716,1140,4191,3
83320,986,699,1148,4191,3
83340,1059,679,1157,4191,3
83360,1154,650,1170,4191,3
83380,1152,646,1172,4191,3
83400,1156,642,1174,4191,2
83420,1189,628,1181,4191,2
83440,1206,618,1185,4191,2
83460,1179,619,1185,4191,2
83480,1167,619,1185,4191,2
83500,1189,613,1188,4191,2
83520,1176,613,1187,4191,1
83540,1205,607,1190,4191,1
83560,1226,599,1194,4191,1
83580,1257,588,1199,4191,1
83600,1263,580,1203,4191,1
83620,1248,577,1204,4191,1
83640,1240,575,1205,4191,0
83660,1239,571,1207,4191,10
83680,1195,579,1203,4191,10
83700,1224,574,1205,4191,10
83720,1272,555,1214,4191,10
83740,1253,558,1213,4191,10
83760,1237,562,1211,4191,10
83780,1267,549,1217,4191,9
83800,1284,541,1221,4191,9
83820,1272,543,1220,4191,9
83840,1282,535,1224,4191,9
83860,1289,527,1227,4191,9
83880,1339,499,1241,4191,9
83900,1343,484,1247,4191,9
83920,1338,478,1250,4191,8
83940,1323,478,1250,4191,8
83960,1268,504,1238,4191,8
83980,1261,509,1236,4191,8
84000,1235,515,1233,4191,8
84020,1221,522,1230,4191,8
84040,1219,522,1230,4191,7
84060,1247,513,1234,4191,7
84080,1233,515,1233,4191,7
84100,1229,515,1233,4191,7
84120,1236,511,1235,4191,7
84140,1259,501,1240,4191,7
84160,1272,492,1244,4191,6
84180,1293,475,1252,4191,6
84200,1292,465,1256,4191,6
84220,1316,442,1267,4191,6
84240,1317,430,1272,4191,6
84260,1373,396,1288,4191,6
84280,1379,382,1295,4191,6
84300,1341,394,1289,4191,5
84320,1247,435,1270,4191,5
84340,1182,475,1251,4191,5
84360,1227,464,1257,4191,5
84380,1213,464,1257,4191,5
84400,1186,476,1251,4191,5
84420,1207,470,1254,4191,4
84440,1224,459,1259,4191,4
84460,1242,447,1264,4191,4
84480,1284,420,1277,4191,4
84500,1298,402,1285,4191,4
84520,1262,414,1280,4191,4
84540,1289,401,1286,4191,3
84560,1337,371,1300,4191,3
84580,1322,368,1301,4191,3
84600,1225,408,1283,4191,3
84620,1148,453,1262,4191,3
84640,1165,459,1259,4191,3
84660,1217,432,1272,4191,3
84680,1193,434,1271,4191,2
84700,1196,434,1271,4191,2
84720,1227,420,1277,4191,2
84740,1245,406,1284,4191,2
84760,1205,417,1278,4191,2
84780,1143,447,1265,4191,2
84800,1234,415,1279,4191,1
84820,1271,388,1292,4191,1
84840,1267,384,1294,4191,1
84860,1267,380,1296,4191,1
84880,1271,374,1298,4191,1
84900,1211,394,1289,4191,1
84920,1184,407,1283,4191,0
84940,1178,414,1280,4191,10
84960,1202,405,1284,4191,10
84980,1213,398,1287,4191,10
85000,1222,393,1289,4191,10
85020,1236,386,1293,4191,10
85040,1195,397,1288,4191,10
85060,1231,387,1293,4191,9
85080,1199,394,1289,4191,9
85100,1215,389,1291,4191,9
85120,1202,391,1291,4191,9
85140,1183,396,1288,4191,9
85160,1209,389,1291,4191,9
85180,1200,390,1291,4191,8
85200,1171,397,1288,4191,8
85220,1199,390,1291,4191,8
85240,1222,381,1295,4191,8
85260,1208,382,1295,4191,8
85280,1217,378,1297,4191,8
85300,1224,373,1299,4191,8
85320,1217,372,1299,4191,7
85340,1204,375,1298,4191,7
85360,1215,369,1301,4191,7
85380,1200,372,1299,4191,7
85400,1194,375,1298,4191,7
85420,1170,381,1295,4191,7
85440,1190,377,1297,4191,6
85460,1176,379,1296,4191,6
85480,1172,381,1295,4191,6
85500,1166,383,1294,4191,6
85520,1182,379,1296,4191,6
85540,1182,378,1297,4191,6
85560,1173,379,1296,4191,5
85580,1162,382,1295,4191,5
85600,1197,374,1299,4191,5
85620,1179,376,1298,4191,5
85640,1182,375,1298,4191,5
85660,1205,365,1303,4191,5
85680,1178,371,1300,4191,5
85700,1205,362,1304,4191,4
85720,1161,375,1298,4191,4
85740,1191,367,1302,4191,4
85760,1165,374,1299,4191,4
85780,1217,355,1307,4191,4
85800,1156,372,1299,4191,4
85820,1197,361,1304,4191,3
85840,1167,368,1301,4191,3
85860,1185,363,1304,4191,3
85880,1158,371,1300,4191,3
85900,1159,373,1299,4191,3
85920,1147,379,1296,4191,3
85940,1167,373,1299,4191,2
85960,1139,381,1295,4191,2
85980,1155,377,1297,4191,2
86000,1202,359,1305,4191,2
86020,1141,376,1297,4191,2
86040,1165,373,1299,4191,2
86060,1155,376,1298,4191,2
86080,1179,366,1302,4191,1
86100,1159,371,1300,4191,1
86120,1191,359,1305,4191,1
86140,1133,379,1296,4191,1
86160,1168,370,1300,4191,1
86180,1158,372,1300,4191,1
86200,1152,374,1299,4191,11
86220,1174,365,1302,4191,10
86240,1151,372,1299,4191,10
86260,1203,354,1308,4191,10
86280,1156,365,1303,4191,10
86300,1204,350,1310,4191,10
86320,1186,350,1310,4191,10
86340,1208,342,1313,4191,9
86360,1166,354,1308,4191,9
86380,1197,343,1313,4191,9
86400,1170,351,1309,4191,9
86420,1163,356,1307,4191,9
86440,1167,354,1308,4191,9
86460,1141,366,1302,4191,8
86480,1175,354,1308,4191,8
86500,1152,360,1305,4191,8
86520,1192,347,1311,4191,8
86540,1177,348,1311,4191,8
86560,1175,349,1310,4191,8
86580,1169,350,1309,4191,8
86600,1175,347,1311,4191,7
86620,1149,358,1306,4191,7
86640,1162,354,1308,4191,7
86660,1175,348,1311,4191,7
86680,1167,350,1310,4191,7
86700,1194,340,1314,4191,7
86720,1186,339,1315,4191,6
86740,1193,335,1316,4191,6
86760,1164,346,1312,4191,6
86780,1147,354,1308,4191,6
86800,1159,351,1309,4191,6
86820,1155,352,1309,4191,6
86840,1154,353,1308,4191,5
86860,1153,353,1308,4191,5
86880,1174,345,1312,4191,5
86900,1183,339,1314,4191,5
86920,1159,348,1311,4191,5
86940,1162,348,1311,4191,5
86960,1186,337,1316,4191,5
86980,1150,350,1310,4191,4
87000,1152,351,1309,4191,4
87020,1157,349,1310,4191,4
87040,1131,360,1305,4191,4
87060,1155,352,1308,4191,4
87080,1164,347,1311,4191,4
87100,1178,341,1314,4191,3
87120,1162,345,1312,4191,3
87140,1168,343,1313,4191,3
87160,1163,344,1312,4191,3
87180,1165,343,1313,4191,3
87200,1141,353,1308,4191,3
87220,1168,344,1313,4191,2
87240,1133,357,1307,4191,2
87260,1152,351,1309,4191,2
87280,1154,349,1310,4191,2
87300,1154,349,1310,4191,2
87320,1160,346,1311,4191,2
87340,1148,351,1309,4191,2
87360,1185,337,1316,4191,1
87380,1162,342,1313,4191,1
87400,1172,339,1315,4191,1
87420,1142,351,1309,4191,1
87440,1127,360,1305,4191,1
87460,1155,349,1310,4191,1
87480,1150,350,1310,4191,10
87500,1136,357,1306,4191,10
87520,1147,353,1308,4191,10
87540,1160,346,1311,4191,10
87560,1169,342,1313,4191,10
87580,1166,342,1313,4191,10
87600,1178,336,1316,4191,10
87620,1126,357,1306,4191,9
87640,1188,335,1317,4191,9
87660,1142,349,1310,4191,9
87680,1167,342,1313,4191,9
87700,1148,347,1311,4191,9
87720,1173,338,1315,4191,9
87740,1130,355,1307,4191,8
87760,1152,349,1310,4191,8
87780,1158,344,1312,4191,8
87800,1167,340,1314,4191,8
87820,1166,339,1314,4191,8
87840,1192,329,1320,4191,8
87860,1160,339,1315,4191,7
87880,1163,339,1315,4191,7
87900,1137,349,1310,4191,7
87920,1147,347,1311,4191,7
87940,1115,362,1304,4191,7
87960,1129,359,1305,4191,7
87980,1167,342,1313,4191,7
88000,1118,362,1304,4191,6
88020,1154,349,1310,4191,6
88040,1164,342,1313,4191,6
88060,1124,359,1305,4191,6
88080,1170,342,1313,4191,6
88100,1150,347,1311,4191,6
88120,1150,348,1311,4191,5
88140,1147,349,1310,4191,5
88160,1127,359,1305,4191,5
88180,1160,346,1312,4191,5
88200,1143,351,1309,4191,5
88220,1158,346,1312,4191,5
88240,1165,341,1314,4191,4
88260,1162,341,1314,4191,4
88280,1163,341,1314,4191,4
88300,1147,347,1311,4191,4
88320,1132,355,1307,4191,4
88340,1182,335,1317,4191,4
88360,1146,346,1311,4191,4
88380,1170,339,1315,4191,3
88400,1134,352,1309,4191,3
88420,1128,358,1306,4191,3
88440,1140,353,1308,4191,3
88460,1162,343,1313,4191,3
88480,1160,343,1313,4191,3
88500,1180,334,1317,4191,2
88520,1156,342,1313,4191,2
88540,1173,335,1316,4191,2
88560,1160,339,1315,4191,2
88580,1150,344,1312,4191,2
88600,1153,343,1313,4191,2
88620,1145,347,1311,4191,1
88640,1166,338,1315,4191,1
88660,1136,350,1310,4191,1
88680,1141,350,1310,4191,1
88700,1133,354,1308,4191,1
88720,1116,363,1304,4191,1
88740,1168,342,1313,4191,1
88760,1166,339,1315,4191,10
88780,1162,341,1314,4191,10
88800,1161,340,1314,4191,10
88820,1165,338,1315,4191,10
88840,1157,341,1314,4191,10
88860,1140,349,1310,4191,10
88880,1151,345,1312,4191,9
88900,1178,333,1317,4191,9
88920,1151,342,1313,4191,9
88940,1139,349,1310,4191,9
88960,1161,340,1314,4191,9
88980,1153,342,1313,4191,9
89000,1144,347,1311,4191,9
89020,1168,337,1316,4191,8
89040,1150,343,1313,4191,8
89060,1148,345,1312,4191,8
89080,1167,337,1316,4191,8
89100,1158,339,1315,4191,8
89120,1153,342,1313,4191,8
89140,1180,331,1318,4191,7
89160,1155,338,1315,4191,7
89180,1146,344,1312,4191,7
89200,1183,330,1319,4191,7
89220,1128,350,1310,4191,7
89240,1150,344,1312,4191,7
89260,1124,354,1308,4191,6
89280,1104,367,1302,4191,6
89300,1174,338,1315,4191,6
89320,1136,349,1310,4191,6
89340,1153,345,1312,4191,6
89360,1146,346,1311,4191,6
89380,1174,335,1317,4191,6
89400,1156,340,1314,4191,5
89420,1163,338,1315,4191,5
89440,1161,337,1315,4191,5
89460,1140,346,1311,4191,5
89480,1153,342,1313,4191,5
89500,1141,347,1311,4191,5
89520,1129,354,1308,4191,4
89540,1153,344,1312,4191,4
89560,1153,343,1313,4191,4
89580,1146,346,1311,4191,4
89600,1103,367,1302,4191,4
89620,1138,354,1308,4191,4
89640,1172,337,1315,4191,3
89660,1143,348,1311,4191,3
89680,1158,343,1313,4191,3
89700,1174,334,1317,4191,3
89720,1180,330,1319,4191,3
89740,1164,335,1316,4191,3
89760,1115,358,1306,4191,3
89780,1140,350,1310,4191,2
89800,1145,347,1311,4191,2
89820,1121,359,1306,4191,2
89840,1143,351,1309,4191,2
89860,1122,359,1305,4191,2
89880,1165,342,1313,4191,2
89900,1180,333,1318,4191,1
89920,1158,340,1314,4191,1
89940,1185,330,1319,4191,1
89960,1174,331,1318,4191,1
89980,1178,329,1319,4191,1
90000,1168,332,1318,4191,1
90020,1160,335,1316,4191,0
90040,1167,333,1318,4191,10
90060,1136,345,1312,4191,10
90080,1125,353,1308,4191,10
90100,1131,352,1309,4191,10
90120,1127,355,1308,4191,10
90140,1147,347,1311,4191,10
90160,1162,339,1315,4191,9
90180,1135,350,1310,4191,9
90200,1119,360,1305,4191,9
90220,1121,360,1305,4191,9
90240,1143,351,1309,4191,9
90260,1112,364,1303,4191,9
90280,1138,356,1307,4191,9
90300,1160,344,1312,4191,8
90320,1161,342,1313,4191,8
90340,1167,339,1315,4191,8
90360,1184,330,1319,4191,8
90380,1192,325,1321,4191,8
90400,1157,337,1316,4191,8
90420,1131,351,1309,4191,7
90440,1183,331,1318,4191,7
90460,1124,352,1309,4191,7
90480,1125,357,1306,4191,7
90500,1179,334,1317,4191,7
90520,1143,345,1312,4191,7
90540,1162,339,1315,4191,6
90560,1189,327,1320,4191,6
90580,1179,328,1320,4191,6
90600,1149,340,1314,4191,6
90620,1163,335,1316,4191,6
90640,1166,333,1317,4191,6
90660,1137,345,1312,4191,6
90680,1106,362,1304,4191,5
90700,1154,344,1313,4191,5
90720,1138,348,1311,4191,5
90740,1143,347,1311,4191,5
90760,1148,344,1312,4191,5
90780,1157,340,1314,4191,5
90800,1149,343,1313,4191,4
90820,1129,353,1308,4191,4
90840,1172,336,1316,4191,4
90860,1140,346,1311,4191,4
90880,1149,345,1312,4191,4
90900,1169,335,1317,4191,4
90920,1153,340,1314,4191,3
90940,1156,340,1314,4191,3
90960,1139,347,1311,4191,3
90980,1163,338,1315,4191,3
91000,1145,344,1313,4191,3
91020,1171,334,1317,4191,3
91040,1173,331,1318,4191,3
91060,1157,336,1316,4191,2
91080,1174,331,1319,4191,2
91100,1189,324,1322,4191,2
91120,1144,339,1314,4191,2
91140,1151,339,1315,4191,2
91160,1144,341,1314,4191,2
91180,1140,344,1312,4191,1
91200,1138,346,1311,4191,1
91220,1119,356,1307,4191,1
91240,1143,347,1311,4191,1
91260,1132,351,1309,4191,1
91280,1127,355,1307,4191,1
91300,1143,348,1310,4191,0
91320,1141,348,1310,4191,10
91340,1130,354,1308,4191,10
91360,1180,333,1317,4191,10
91380,1142,345,1312,4191,10
91400,1153,343,1313,4191,10
91420,1161,338,1315,4191,10
91440,1154,340,1314,4191,9
91460,1169,334,1317,4191,9
91480,1163,335,1317,4191,9
91500,1150,340,1314,4191,9
91520,1131,350,1310,4191,9
91540,1155,341,1314,4191,9
91560,1126,352,1309,4191,8
91580,1180,332,1318,4191,8
91600,1135,347,1311,4191,8
91620,1174,334,1317,4191,8
91640,1119,354,1308,4191,8
91660,1151,344,1312,4191,8
91680,1144,345,1312,4191,8
91700,1148,344,1312,4191,7
91720,1173,333,1317,4191,7
91740,1147,342,1313,4191,7
91760,1158,339,1315,4191,7
91780,1136,347,1311,4191,7
91800,1114,360,1305,4191,7
91820,1136,352,1309,4191,6
91840,1114,361,1304,4191,6
91860,1141,352,1309,4191,6
91880,1149,346,1311,4191,6
91900,1145,348,1311,4191,6
91920,1145,348,1310,4191,6
91940,1168,338,1315,4191,5
91960,1164,338,1315,4191,5
91980,1156,341,1314,4191,5
92000,1146,345,1312,4191,5
92020,1178,332,1318,4191,5
92040,1169,333,1317,4191,5
92060,1175,331,1319,4191,5
92080,1172,331,1319,4191,4
92100,1147,341,1314,4191,4
92120,1160,337,1316,4191,4
92140,1153,338,1315,4191,4
92160,1125,352,1309,4191,4
92180,1136,349,1310,4191,4
92200,1132,351,1309,4191,3
92220,1143,347,1311,4191,3
92240,1142,348,1311,4191,3
92260,1134,351,1309,4191,3
92280,1162,340,1314,4191,3
92300,1184,329,1319,4191,3
92320,1179,328,1320,4191,2
92340,1144,342,1313,4191,2
92360,1164,336,1316,4191,2
92380,1150,340,1314,4191,2
92400,1141,345,1312,4191,2
92420,1152,341,1314,4191,2
92440,1160,337,1316,4191,2
92460,1125,352,1309,4191,1
92480,1167,336,1316,4191,1
92500,1152,339,1315,4191,1
92520,1148,343,1313,4191,1
92540,1179,330,1319,4191,1
92560,1150,339,1315,4191,1
92580,1161,336,1316,4191,10
92600,1134,347,1311,4191,10
92620,1164,336,1316,4191,10
92640,1148,340,1314,4191,10
92660,1161,336,1316,4191,10
92680,1144,342,1313,4191,10
92700,1190,325,1321,4191,10
92720,1164,331,1318,4191,9
92740,1158,335,1317,4191,9
92760,1177,328,1320,4191,9
92780,1152,336,1316,4191,9
92800,1164,332,1318,4191,9
92820,1171,328,1320,4191,9
92840,1112,354,1308,4191,8
92860,1142,344,1312,4191,8
92880,1120,353,1308,4191,8
92900,1137,348,1311,4191,8
92920,1171,333,1318,4191,8
92940,1164,333,1318,4191,8
92960,1158,335,1316,4191,7
92980,1172,330,1319,4191,7
93000,1165,331,1318,4191,7
93020,1168,330,1319,4191,7
93040,1151,336,1316,4191,7
93060,1155,335,1316,4191,7
93080,1135,344,1313,4191,7
93100,1143,342,1313,4191,6
93120,1133,346,1311,4191,6
93140,1156,337,1315,4191,6
93160,1146,340,1314,4191,6
93180,1149,340,1314,4191,6
93200,1132,347,1311,4191,6
93220,1193,324,1322,4191,5
93240,1143,339,1315,4191,5
93260,1166,332,1318,4191,5
93280,1175,327,1320,4191,5
93300,1138,341,1314,4191,5
93320,1130,347,1311,4191,5
93340,1133,346,1311,4191,4
93360,1140,344,1312,4191,4
93380,1143,343,1313,4191,4
93400,1151,339,1315,4191,4
93420,1174,330,1319,4191,4
93440,1162,332,1318,4191,4
93460,1187,323,1322,4191,4
93480,1168,328,1320,4191,3
93500,1174,326,1321,4191,3
93520,1136,340,1314,4191,3
93540,1129,346,1312,4191,3
93560,1108,357,1306,4191,3
93580,1144,344,1313,4191,3
93600,1133,347,1311,4191,2
93620,1167,333,1317,4191,2
93640,1143,341,1314,4191,2
93660,1153,338,1315,4191,2
93680,1168,331,1318,4191,2
93700,1144,340,1314,4191,2
93720,1168,331,1318,4191,1
93740,1152,335,1316,4191,1
93760,1181,325,1321,4191,1
93780,1149,335,1316,4191,1
93800,1151,336,1316,4191,1
93820,1144,339,1315,4191,1
93840,1146,339,1315,4191,1
93860,1155,335,1316,4191,10
93880,1168,330,1319,4191,10
93900,1181,323,1322,4191,10
93920,1097,360,1305,4191,10
93940,1147,342,1313,4191,10
93960,1106,357,1306,4191,10
93980,1154,340,1314,4191,10
94000,1144,341,1314,4191,9
94020,1154,338,1315,4191,9
94040,1178,328,1320,4191,9
94060,1183,323,1322,4191,9
94080,1166,328,1320,4191,9
94100,1163,330,1319,4191,9
94120,1151,335,1317,4191,8
94140,1138,340,1314,4191,8
94160,1157,334,1317,4191,8
94180,1131,344,1312,4191,8
94200,1160,334,1317,4191,8
94220,1164,330,1319,4191,8
94240,1162,331,1319,4191,7
94260,1182,323,1322,4191,7
94280,1188,319,1324,4191,7
94300,1144,334,1317,4191,7
94320,1133,342,1313,4191,7
94340,1127,345,1312,4191,7
94360,1129,345,1312,4191,7
94380,1105,358,1306,4191,6
94400,1147,342,1313,4191,6
94420,1129,347,1311,4191,6
94440,1146,342,1313,4191,6
94460,1165,332,1318,4191,6
94480,1139,342,1313,4191,6
94500,1175,329,1319,4191,5
94520,1163,331,1319,4191,5
94540,1152,335,1316,4191,5
94560,1171,328,1320,4191,5
94580,1143,338,1315,4191,5
94600,1121,350,1310,4191,5
94620,1132,346,1311,4191,4
94640,1138,344,1313,4191,4
94660,1160,334,1317,4191,4
94680,1176,327,1320,4191,4
94700,1167,329,1319,4191,4
94720,1144,338,1315,4191,4
94740,1121,350,1310,4191,4
94760,1125,350,1310,4191,3
94780,1137,345,1312,4191,3
94800,1163,334,1317,4191,3
94820,1154,336,1316,4191,3
94840,1167,331,1318,4191,3
94860,1150,336,1316,4191,3
94880,1170,329,1319,4191,2
94900,1171,327,1320,4191,2
94920,1153,334,1317,4191,2
94940,1152,335,1316,4191,2
94960,1105,356,1307,4191,2
94980,1136,346,1311,4191,2
95000,1131,347,1311,4191,1
95020,1118,355,1307,4191,1
95040,1154,340,1314,4191,1
95060,1154,337,1316,4191,1
95080,1137,345,1312,4191,1
95100,1189,325,1321,4191,1
95120,1169,328,1320,4191,1
95140,1153,335,1317,4191,10
95160,1194,320,1323,4191,10
95180,1161,329,1319,4191,10
95200,1144,338,1315,4191,10
95220,1144,339,1315,4191,10
95240,1150,336,1316,4191,10
95260,1146,338,1315,4191,9
95280,1141,340,1314,4191,9
95300,1147,338,1315,4191,9
95320,1179,326,1321,4191,9
95340,1137,340,1314,4191,9
95360,1163,332,1318,4191,9
95380,1171,327,1320,4191,9
95400,1137,340,1314,4191,8
95420,1165,331,1318,4191,8
95440,1144,337,1316,4191,8
95460,1167,329,1319,4191,8
95480,1136,340,1314,4191,8
95500,1137,342,1313,4191,8
95520,1160,333,1318,4191,7
95540,1119,349,1310,4191,7
95560,1150,339,1315,4191,7
95580,1159,333,1318,4191,7
95600,1168,329,1319,4191,7
95620,1164,330,1319,4191,7
95640,1204,315,1326,4191,7
95660,1174,322,1323,4191,6
95680,1168,325,1321,4191,6
95700,1168,325,1321,4191,6
95720,1163,326,1321,4191,6
95740,1135,338,1315,4191,6
95760,1129,342,1313,4191,6
95780,1139,339,1315,4191,5
95800,1124,346,1312,4191,5
95820,1131,345,1312,4191,5
95840,1121,350,1310,4191,5
95860,1129,347,1311,4191,5
95880,1121,351,1309,4191,5
95900,1160,335,1316,4191,4
95920,1135,344,1313,4191,4
95940,1173,330,1319,4191,4
95960,1142,339,1315,4191,4
95980,1138,343,1313,4191,4
96000,1162,333,1317,4191,4
96020,1167,329,1319,4191,4
96040,1133,343,1313,4191,3
96060,1170,330,1319,4191,3
96080,1142,338,1315,4191,3
96100,1160,333,1318,4191,3
96120,1155,333,1317,4191,3
96140,1132,343,1313,4191,3
96160,1168,331,1319,4191,2
96180,1172,326,1321,4191,2
96200,1150,334,1317,4191,2
96220,1152,335,1317,4191,2
96240,1108,354,1308,4191,2
96260,1143,342,1313,4191,2
96280,1137,342,1313,4191,1
96300,1151,338,1315,4191,1
96320,1159,333,1317,4191,1
96340,1144,339,1315,4191,1
96360,1142,341,1314,4191,1
96380,1144,340,1314,4191,1
96400,1110,356,1307,4191,1
96420,1156,338,1315,4191,10
96440,1120,351,1309,4191,10
96460,1152,341,1314,4191,10
96480,1164,333,1318,4191,10
96500,1126,349,1310,4191,10
96520,1174,331,1318,4191,10
96540,1163,331,1318,4191,9
96560,1140,342,1313,4191,9
96580,1167,332,1318,4191,9
96600,1135,343,1313,4191,9
96620,1152,338,1315,4191,9
96640,1147,338,1315,4191,9
96660,1124,350,1310,4191,9
96680,1131,349,1310,4191,8
96700,1151,340,1314,4191,8
96720,1117,355,1307,4191,8
96740,1173,333,1317,4191,8
96760,1146,340,1314,4191,8
96780,1156,337,1315,4191,8
96800,1156,336,1316,4191,7
96820,1153,337,1316,4191,7
96840,1146,340,1314,4191,7
96860,1140,343,1313,4191,7
96880,1140,344,1312,4191,7
96900,1120,354,1308,4191,7
96920,1149,342,1313,4191,7
96940,1137,346,1311,4191,6
96960,1147,343,1313,4191,6
96980,1139,346,1312,4191,6
97000,1169,334,1317,4191,6
97020,1171,331,1319,4191,6
97040,1156,336,1316,4191,6
97060,1155,337,1316,4191,5
97080,1154,337,1316,4191,5
97100,1147,340,1314,4191,5
97120,1159,335,1316,4191,5
97140,1153,337,1316,4191,5
97160,1122,351,1309,4191,5
97180,1134,348,1310,4191,4
97200,1164,335,1317,4191,4
97220,1128,349,1310,4191,4
97240,1163,336,1316,4191,4
97260,1149,339,1314,4191,4
97280,1152,339,1315,4191,4
97300,1143,343,1313,4191,4
97320,1156,337,1315,4191,3
97340,1152,338,1315,4191,3
97360,1177,329,1319,4191,3
97380,1160,333,1317,4191,3
97400,1160,334,1317,4191,3
97420,1193,321,1323,4191,3
97440,1178,323,1322,4191,2
97460,1155,333,1318,4191,2
97480,1172,327,1320,4191,2
97500,1175,325,1321,4191,2
97520,1163,328,1320,4191,2
97540,1149,335,1317,4191,2
97560,1129,344,1312,4191,1
97580,1125,348,1311,4191,1
97600,1124,350,1310,4191,1
97620,1153,338,1315,4191,1
97640,1171,329,1319,4191,1
97660,1185,322,1322,4191,1
97680,1169,327,1320,4191,1
97700,1149,335,1317,4191,10
97720,1130,344,1313,4191,10
97740,1145,339,1315,4191,10
97760,1130,345,1312,4191,10
97780,1139,343,1313,4191,10
97800,1122,351,1309,4191,10
97820,1130,349,1310,4191,9
97840,1145,342,1313,4191,9
97860,1131,348,1310,4191,9
97880,1131,350,1310,4191,9
97900,1138,347,1311,4191,9
97920,1141,345,1312,4191,9
97940,1152,340,1314,4191,9
97960,1139,345,1312,4191,8
97980,1152,340,1314,4191,8
98000,1145,342,1313,4191,8
98020,1181,328,1320,4191,8
98040,1143,340,1314,4191,8
98060,1181,328,1320,4191,8
98080,1179,325,1321,4191,7
98100,1145,338,1315,4191,7
98120,1155,336,1316,4191,7
98140,1148,337,1315,4191,7
98160,1159,334,1317,4191,7
98180,1151,336,1316,4191,7
98200,1137,343,1313,4191,7
98220,1119,352,1308,4191,6
98240,1149,341,1314,4191,6
98260,1127,349,1310,4191,6
98280,1159,337,1316,4191,6
98300,1152,338,1315,4191,6
98320,1174,329,1319,4191,6
98340,1169,329,1319,4191,5
98360,1164,331,1318,4191,5
98380,1154,335,1317,4191,5
98400,1173,328,1320,4191,5
98420,1163,330,1319,4191,5
98440,1118,350,1310,4191,5
98460,1164,334,1317,4191,4
98480,1120,349,1310,4191,4
98500,1145,342,1313,4191,4
98520,1143,341,1314,4191,4
98540,1139,344,1312,4191,4
98560,1160,335,1316,4191,4
98580,1151,337,1316,4191,4
98600,1184,325,1321,4191,3
98620,1179,324,1322,4191,3
98640,1155,333,1317,4191,3
98660,1127,346,1312,4191,3
98680,1151,338,1315,4191,3
98700,1116,352,1309,4191,3
98720,1142,344,1312,4191,2
98740,1124,351,1309,4191,2
98760,1150,341,1314,4191,2
98780,1157,336,1316,4191,2
98800,1187,325,1321,4191,2
98820,1143,339,1315,4191,2
98840,1150,338,1315,4191,1
98860,1124,349,1310,4191,1
98880,1137,346,1312,4191,1
98900,1161,335,1317,4191,1
98920,1140,342,1313,4191,1
98940,1164,334,1317,4191,1
98960,1166,331,1318,4191,1
98980,1151,336,1316,4191,10
99000,1119,352,1309,4191,10
99020,1139,345,1312,4191,10
99040,1135,346,1311,4191,10
99060,1146,342,1313,4191,10
99080,1146,342,1313,4191,10
99100,1141,344,1312,4191,10
99120,1172,332,1318,4191,9
99140,1124,350,1310,4191,9
99160,1141,346,1312,4191,9
99180,1148,341,1314,4191,9
99200,1132,349,1310,4191,9
99220,1136,349,1310,4191,9
99240,1135,349,1310,4191,8
99260,1130,352,1309,4191,8
99280,1138,349,1310,4191,8
99300,1165,337,1316,4191,8
99320,1168,333,1317,4191,8
99340,1144,343,1313,4191,8
99360,1192,325,1321,4191,7
99380,1189,322,1322,4191,7
99400,1210,314,1326,4191,7
99420,1161,329,1319,4191,7
99440,1165,330,1319,4191,7
99460,1146,337,1316,4191,7
99480,1140,341,1314,4191,7
99500,1135,343,1313,4191,6
99520,1132,346,1311,4191,6
99540,1141,343,1313,4191,6
99560,1165,333,1318,4191,6
99580,1176,327,1320,4191,6
99600,1159,332,1318,4191,6
99620,1180,325,1321,4191,5
99640,1111,352,1309,4191,5
99660,1133,347,1311,4191,5
99680,1113,355,1307,4191,5
99700,1106,363,1304,4191,5
99720,1142,347,1311,4191,5
99740,1131,350,1310,4191,4
99760,1156,341,1314,4191,4
99780,1161,336,1316,4191,4
99800,1164,334,1317,4191,4
99820,1156,336,1316,4191,4
99840,1172,331,1319,4191,4
99860,1128,348,1311,4191,4
99880,1250,302,1332,4191,3
99900,1086,361,1304,4191,3
99920,1122,357,1306,4191,3
99940,1154,339,1315,4191,3
99960,1106,360,1305,4191,3
99980,1188,330,1319,4191,3
100000,1154,336,1316,4191,2
100020,1186,326,1321,4191,2
100040,1153,335,1317,4191,2
100060,1144,340,1314,4191,2
100080,1149,339,1315,4191,2
100100,1134,345,1312,4191,2
100120,1101,363,1304,4191,1
100140,1158,340,1314,4191,1
100160,1156,337,1316,4191,1
100180,1105,363,1304,4191,1
100200,1105,366,1302,4191,1
100220,1151,345,1312,4191,1
100240,1140,348,1311,4191,1
100260,1118,360,1305,4191,10
100280,1132,355,1308,4191,10
100300,1218,319,1324,4191,10
100320,1174,328,1320,4191,10
100340,1170,331,1318,4191,10
100360,1220,312,1327,4191,10
100380,1138,339,1315,4191,10
100400,1129,348,1310,4191,9
100420,1097,365,1302,4191,9
100440,1092,373,1299,4191,9
100460,1097,373,1299,4191,9
100480,1151,348,1310,4191,9
100500,1163,340,1314,4191,9
100520,1117,361,1305,4191,8
100540,1106,369,1301,4191,8
100560,1115,367,1302,4191,8
100580,1113,367,1302,4191,8
100600,1048,407,1283,4191,8
100620,1014,441,1268,4191,8
100640,1006,450,1263,4191,7
100660,1112,397,1288,4191,7
100680,1157,372,1299,4191,7
100700,1154,368,1301,4191,7
100720,1139,367,1302,4191,7
100740,1117,378,1297,4191,7
100760,1065,410,1282,4191,7
100780,1056,424,1275,4191,6
100800,1003,456,1260,4191,6
100820,1016,459,1259,4191,6
100840,1013,459,1259,4191,6
100860,1044,447,1264,4191,6
100880,988,478,1250,4191,6
100900,969,499,1241,4191,5
100920,941,521,1230,4191,5
100940,980,497,1242,4191,5
100960,1015,475,1251,4191,5
100980,1046,466,1256,4191,5
101000,1011,488,1245,4191,5
101020,1034,486,1247,4191,5
101040,1022,488,1246,4191,4
101060,1041,481,1249,4191,4
101080,1041,481,1249,4191,4
101100,1046,482,1249,4191,4
101120,1013,499,1240,4191,4
101140,1034,495,1242,4191,4
101160,1034,492,1244,4191,3
101180,1004,509,1236,4191,3
101200,989,523,1230,4191,3
101220,1005,518,1232,4191,3
101240,1037,501,1239,4191,3
101260,1043,499,1240,4191,3
101280,1031,510,1235,4191,3
101300,1013,523,1229,4191,2
101320,1044,510,1235,4191,2
101340,1027,517,1232,4191,2
101360,1005,534,1224,4191,2
101380,973,553,1216,4191,2
101400,997,548,1218,4191,2
101420,995,548,1218,4191,2
101440,1002,550,1217,4191,1
101460,966,569,1208,4191,1
101480,983,569,1208,4191,1
101500,985,568,1209,4191,1
101520,997,568,1209,4191,1
101540,997,572,1207,4191,1
101560,1001,574,1206,4191,1
101580,1017,571,1207,4191,0
101600,1009,575,1205,4191,10
101620,1032,571,1207,4191,10
101640,1007,582,1202,4191,10
101660,994,596,1195,4191,10
101680,997,598,1194,4191,10
101700,1042,580,1203,4191,10
101720,1069,571,1207,4191,10
101740,1043,581,1202,4191,9
101760,1032,589,1199,4191,9
101780,1062,580,1203,4191,9
101800,1065,579,1203,4191,9
101820,1068,580,1203,4191,9
101840,1083,576,1205,4191,9
101860,1047,586,1200,4191,8
101880,1057,588,1199,4191,8
101900,1030,601,1193,4191,8
101920,1041,604,1192,4191,8
101940,1058,600,1194,4191,8
101960,1041,608,1190,4191,8
101980,1037,615,1187,4191,8
102000,1049,615,1187,4191,7
102020,1091,602,1193,4191,7
102040,1074,605,1191,4191,7
102060,1072,608,1190,4191,7
102080,1091,604,1192,4191,7
102100,1084,605,1191,4191,7
102120,1097,603,1192,4191,7
102140,1092,604,1192,4191,6
102160,1096,604,1192,4191,6
102180,1072,612,1188,4191,6
102200,1079,613,1187,4191,6
102220,1079,616,1186,4191,6
102240,1093,614,1187,4191,6
102260,1119,607,1190,4191,6
102280,1131,603,1192,4191,5
102300,1110,606,1191,4191,5
102320,1104,609,1190,4191,5
102340,1118,606,1191,4191,5
102360,1129,603,1192,4191,5
102380,1137,600,1193,4191,5
102400,1122,603,1192,4191,4
102420,1136,600,1194,4191,4
102440,1154,594,1196,4191,4
102460,1113,603,1192,4191,4
102480,1114,606,1191,4191,4
102500,1078,617,1186,4191,4
102520,1101,617,1186,4191,4
102540,1107,616,1186,4191,3
102560,1108,618,1185,4191,3
102580,1119,616,1186,4191,3
102600,1122,615,1187,4191,3
102620,1129,614,1187,4191,3
102640,1089,624,1183,4191,3
102660,1113,622,1184,4191,3
102680,1169,606,1191,4191,2
102700,1152,607,1190,4191,2
102720,1132,612,1188,4191,2
102740,1135,610,1189,4191,2
102760,1150,606,1191,4191,2
102780,1115,615,1187,4191,2
102800,1135,613,1188,4191,1
102820,1149,608,1190,4191,1
102840,1158,606,1191,4191,1
102860,1151,606,1191,4191,1
102880,1156,604,1192,4191,1
102900,1157,603,1192,4191,1
102920,1145,605,1191,4191,1
102940,1144,606,1191,4191,11
102960,1149,605,1191,4191,10
102980,1146,605,1191,4191,10
103000,1157,603,1192,4191,10
103020,1191,595,1196,4191,10
103040,1160,599,1194,4191,10
103060,1146,602,1193,4191,10
103080,1150,601,1193,4191,9
103100,1156,600,1193,4191,9
103120,1153,601,1193,4191,9
103140,1103,613,1187,4191,9
103160,1133,611,1189,4191,9
103180,1150,606,1191,4191,9
103200,1155,605,1191,4191,9
103220,1142,607,1190,4191,8
103240,1162,603,1192,4191,8
103260,1171,599,1194,4191,8
103280,1150,603,1192,4191,8
103300,1164,600,1194,4191,8
103320,1153,601,1193,4191,8
103340,1180,596,1195,4191,7
103360,1176,594,1196,4191,7
103380,1170,595,1196,4191,7
103400,1151,598,1195,4191,7
103420,1147,599,1194,4191,7
103440,1149,600,1194,4191,7
103460,1126,605,1191,4191,7
103480,1148,603,1192,4191,6
103500,1128,607,1190,4191,6
103520,1112,614,1187,4191,6
103540,1109,617,1186,4191,6
103560,1127,615,1187,4191,6
103580,1142,612,1188,4191,6
103600,1129,615,1187,4191,6
103620,1142,613,1188,4191,5
103640,1159,607,1190,4191,5
103660,1158,606,1191,4191,5
103680,1148,607,1190,4191,5
103700,1159,605,1192,4191,5
103720,1176,600,1194,4191,5
103740,1145,605,1191,4191,4
103760,1146,605,1191,4191,4
103780,1136,608,1190,4191,4
103800,1174,601,1193,4191,4
103820,1153,603,1192,4191,4
103840,1151,604,1192,4191,4
103860,1144,605,1191,4191,4
103880,1148,605,1191,4191,3
103900,1144,606,1191,4191,3
103920,1133,609,1189,4191,3
103940,1142,609,1190,4191,3
103960,1106,618,1185,4191,3
103980,1127,617,1186,4191,3
104000,1127,617,1186,4191,3
104020,1116,622,1184,4191,2
104040,1154,614,1187,4191,2
104060,1168,608,1190,4191,2
104080,1179,604,1192,4191,2
104100,1160,605,1191,4191,2
104120,1154,606,1191,4191,2
104140,1157,605,1191,4191,1
104160,1152,606,1191,4191,1
104180,1141,608,1190,4191,1
104200,1138,610,1189,4191,1
104220,1169,604,1192,4191,1
104240,1108,617,1186,4191,1
104260,1151,611,1189,4191,1
104280,1144,610,1189,4191,10
104300,1162,608,1190,4191,10
104320,1107,619,1185,4191,10
104340,1127,619,1185,4191,10
104360,1164,609,1189,4191,10
104380,1134,615,1187,4191,10
104400,1150,613,1187,4191,10
104420,1146,612,1188,4191,9
104440,1153,611,1189,4191,9
104460,1137,614,1187,4191,9
104480,1162,609,1189,4191,9
104500,1155,609,1190,4191,9
104520,1143,612,1188,4191,9
104540,1150,610,1189,4191,9
104560,1142,612,1188,4191,8
104580,1146,612,1188,4191,8
104600,1154,610,1189,4191,8
104620,1170,606,1191,4191,8
104640,1114,618,1185,4191,8
104660,1124,620,1185,4191,8
104680,1142,616,1186,4191,7
104700,1127,620,1184,4191,7
104720,1153,615,1186,4191,7
104740,1216,600,1194,4191,7
104760,1253,586,1200,4191,7
104780,1244,582,1202,4191,7
104800,1264,571,1207,4191,7
104820,1283,556,1214,4191,6
104840,1299,546,1218,4191,6
104860,1312,536,1223,4191,6
104880,1272,546,1219,4191,6
104900,1253,549,1217,4191,6
104920,1227,553,1216,4191,6
104940,1268,540,1222,4191,5
104960,1265,538,1222,4191,5
104980,1269,536,1223,4191,5
105000,1305,515,1233,4191,5
105020,1313,508,1237,4191,5
105040,1325,494,1243,4191,5
105060,1342,468,1255,4191,5
105080,1361,442,1267,4191,4
105100,1350,440,1268,4191,4
105120,1361,426,1275,4191,4
105140,1315,446,1265,4191,4
105160,1297,458,1259,4191,4
105180,1299,453,1262,4191,4
105200,1303,446,1265,4191,3
105220,1299,444,1266,4191,3
105240,1281,452,1262,4191,3
105260,1328,421,1277,4191,3
105280,1349,400,1286,4191,3
105300,1371,385,1293,4192,3
105320,1327,398,1288,4191,3
105340,1258,431,1272,4191,2
105360,1202,462,1258,4191,2
105380,1169,486,1247,4191,2
105400,1194,479,1250,4191,2
105420,1323,411,1281,4191,2
105440,1459,319,1324,4191,2
105460,1528,253,1354,4192,2
105480,1374,325,1321,4191,1
105500,1224,414,1280,4191,1
105520,1248,423,1276,4191,1
105540,1288,385,1293,4191,1
105560,1146,435,1270,4191,1
105580,1165,446,1265,4191,1
105600,1208,429,1273,4191,0
105620,1219,418,1278,4191,10
105640,1263,394,1289,4191,10
105660,1253,393,1290,4191,10
105680,1192,414,1280,4191,10
105700,1226,405,1284,4191,10
105720,1188,416,1279,4191,10
105740,1223,405,1284,4191,9
105760,1220,402,1286,4191,9
105780,1218,401,1286,4191,9
105800,1208,403,1285,4191,9
105820,1197,407,1283,4191,9
105840,1194,408,1283,4191,9
105860,1174,417,1279,4191,9
105880,1192,412,1281,4191,8
105900,1186,412,1281,4191,8
105920,1214,401,1286,4191,8
105940,1195,404,1285,4191,8
105960,1198,403,1285,4191,8
105980,1219,394,1289,4191,8
106000,1190,401,1286,4191,8
106020,1204,397,1288,4191,7
106040,1223,389,1291,4191,7
106060,1212,390,1291,4191,7
106080,1254,371,1300,4191,7
106100,1212,382,1295,4191,7
106120,1248,368,1301,4191,7
106140,1217,375,1298,4191,6
106160,1213,377,1297,4191,6
106180,1232,366,1302,4191,6
106200,1214,371,1300,4191,6
106220,1214,371,1300,4191,6
106240,1177,381,1295,4191,6
106260,1214,371,1300,4191,6
106280,1193,376,1298,4191,5
106300,1204,373,1299,4191,5
106320,1189,376,1298,4191,5
106340,1208,369,1301,4191,5
106360,1188,373,1299,4191,5
106380,1215,364,1303,4191,5
106400,1186,370,1300,4191,5
106420,1226,355,1307,4191,4
106440,1216,353,1308,4191,4
106460,1191,362,1304,4191,4
106480,1203,357,1306,4191,4
106500,1187,361,1305,4191,4
106520,1185,362,1304,4191,4
106540,1159,373,1299,4191,3
106560,1176,369,1301,4191,3
106580,1167,372,1300,4191,3
106600,1195,362,1304,4191,3
106620,1158,373,1299,4191,3
106640,1207,356,1307,4191,3
106660,1205,351,1309,4191,3
106680,1209,348,1310,4191,2
106700,1174,357,1306,4191,2
106720,1194,351,1309,4191,2
106740,1187,351,1309,4191,2
106760,1184,352,1309,4191,2
106780,1186,351,1309,4191,2
106800,1170,356,1307,4191,1
106820,1159,362,1304,4191,1
106840,1171,358,1306,4191,1
106860,1161,362,1304,4191,1
106880,1151,367,1302,4191,1
106900,1173,359,1305,4191,1
106920,1129,377,1297,4191,1
106940,1136,378,1297,4191,10
106960,1128,383,1294,4191,10
106980,1233,340,1314,4191,10
107000,1169,356,1307,4191,10
107020,1189,352,1309,4191,10
107040,1136,370,1300,4191,10
107060,1228,333,1317,4191,10
107080,1168,350,1310,4191,9
107100,1147,363,1304,4191,9
107120,1189,347,1311,4191,9
107140,1181,346,1312,4191,9
107160,1151,359,1306,4191,9
107180,1147,363,1304,4191,9
107200,1161,358,1306,4191,8
107220,1143,365,1303,4191,8
107240,1152,363,1304,4191,8
107260,1155,361,1304,4191,8
107280,1177,352,1309,4191,8
107300,1165,354,1308,4191,8
107320,1187,346,1312,4191,8
107340,1165,351,1309,4191,7
107360,1151,358,1306,4191,7
107380,1160,355,1307,4191,7
107400,1143,362,1304,4191,7
107420,1183,347,1311,4191,7
107440,1127,367,1302,4191,7
107460,1171,353,1308,4191,6
107480,1128,368,1301,4191,6
107500,1168,355,1307,4191,6
107520,1135,366,1302,4191,6
107540,1203,342,1313,4191,6
107560,1131,364,1303,4191,6
107580,1176,350,1309,4191,6
107600,1170,348,1311,4191,5
107620,1166,350,1310,4191,5
107640,1186,341,1314,4191,5
107660,1157,351,1309,4191,5
107680,1207,332,1318,4191,5
107700,1143,354,1308,4191,5
107720,1167,347,1311,4191,4
107740,1161,348,1311,4191,4
107760,1159,350,1310,4191,4
107780,1140,358,1306,4191,4
107800,1198,336,1316,4191,4
107820,1146,352,1309,4191,4
107840,1197,335,1316,4191,4
107860,1162,344,1312,4191,3
107880,1180,338,1315,4191,3
107900,1182,335,1317,4191,3
107920,1185,333,1318,4191,3
107940,1126,358,1306,4191,3
107960,1186,335,1316,4191,3
107980,1158,343,1313,4191,2
108000,1155,346,1311,4191,2
108020,1160,344,1312,4191,2
108040,1129,358,1306,4191,2
108060,1171,342,1313,4191,2
108080,1175,337,1315,4191,2
108100,1178,336,1316,4191,2
108120,1167,339,1315,4191,1
108140,1165,339,1315,4191,1
108160,1162,340,1314,4191,1
108180,1176,334,1317,4191,1
108200,1172,335,1317,4191,1
108220,1163,338,1315,4191,1
108240,1144,347,1311,4191,0
108260,1126,357,1306,4191,10
108280,1135,354,1308,4191,10
108300,1144,351,1309,4191,10
108320,1134,355,1307,4191,10
108340,1139,354,1308,4191,10
108360,1128,360,1305,4191,10
108380,1147,353,1308,4191,9
108400,1170,341,1314,4191,9
108420,1169,340,1314,4191,9
108440,1183,333,1317,4191,9
108460,1171,336,1316,4191,9
108480,1123,357,1306,4191,9
108500,1155,347,1311,4191,9
108520,1128,356,1307,4191,8
108540,1135,356,1307,4191,8
108560,1143,353,1308,4191,8
108580,1151,349,1310,4191,8
108600,1130,358,1306,4191,8
108620,1152,350,1310,4191,8
108640,1170,341,1314,4191,7
108660,1159,344,1313,4191,7
108680,1141,352,1309,4191,7
108700,1165,342,1313,4191,7
108720,1149,347,1311,4191,7
108740,1149,348,1310,4191,7
108760,1132,356,1307,4191,7
108780,1102,372,1299,4191,6
108800,1148,355,1307,4191,6
108820,1126,362,1304,4191,6
108840,1150,353,1308,4191,6
108860,1145,354,1308,4191,6
108880,1145,354,1308,4191,6
108900,1175,341,1314,4191,5
108920,1133,356,1307,4191,5
108940,1154,350,1310,4191,5
108960,1134,357,1306,4191,5
108980,1127,363,1304,4191,5
109000,1156,350,1309,4191,5
109020,1147,352,1308,4191,5
109040,1122,365,1303,4191,4
109060,1144,357,1306,4191,4
109080,1108,372,1299,4191,4
109100,1147,359,1306,4191,4
109120,1109,373,1299,4191,4
109140,1148,360,1305,4191,4
109160,1127,366,1302,4191,3
109180,1190,343,1313,4191,3
109200,1149,353,1308,4191,3
109220,1146,356,1307,4191,3
109240,1138,360,1305,4191,3
109260,1160,351,1309,4191,3
109280,1157,350,1309,4191,3
109300,1170,345,1312,4191,2
109320,1123,364,1303,4191,2
109340,1162,350,1310,4191,2
109360,1143,355,1307,4191,2
109380,1160,350,1310,4191,2
109400,1152,351,1309,4191,2
109420,1126,364,1303,4191,2
109440,1184,341,1314,4191,1
109460,1149,351,1309,4191,1
109480,1143,356,1307,4191,1
109500,1155,351,1309,4191,1
109520,1173,342,1313,4191,1
109540,1160,346,1311,4191,1
109560,1169,343,1313,4191,11
109580,1152,349,1310,4191,10
109600,1144,353,1308,4191,10
109620,1164,345,1312,4191,10
109640,1147,351,1309,4191,10
109660,1141,355,1307,4191,10
109680,1117,367,1302,4191,10
109700,1160,351,1309,4191,9
109720,1154,350,1310,4191,9
109740,1148,353,1308,4191,9
109760,1144,355,1307,4191,9
109780,1183,339,1315,4191,9
109800,1130,358,1306,4191,9
109820,1157,350,1309,4191,9
