t,dt_ciclo,F,raw,eta_campione_ms,c,u,u_us_letto,azione,n_scartati
0.0200,20.00,-0.0518,91134,7.8,0.1880,3.760,1472,-0.7095,2
0.0400,20.00,-0.0514,91054,7.4,0.2836,5.673,1385,-0.5081,2
0.0600,20.00,-0.0509,90955,6.9,0.3617,7.234,1340,-0.3438,2
0.0800,20.00,-0.0522,91223,6.5,0.4412,8.823,1304,-0.1765,2
0.1000,20.00,-0.0521,91211,6.0,0.5041,10.082,1267,-0.0440,2
0.1200,20.00,-0.0504,90868,9.5,0.5370,10.740,1238,0.0253,2
0.1400,20.00,-0.0519,91172,9.0,0.5523,11.045,1223,0.0574,2
0.1600,20.00,-0.0513,91051,8.5,0.5567,11.135,1216,0.0668,2
0.1800,20.00,-0.0519,91162,8.1,0.5539,11.077,1214,0.0607,2
0.2000,20.00,-0.0508,90944,7.6,0.5528,11.056,1215,0.0586,2
0.2200,20.00,-0.0518,91145,7.1,0.5539,11.079,1215,0.0609,2
0.2400,20.00,-0.0513,91042,6.7,0.5495,10.991,1215,0.0517,2
0.2600,20.00,-0.0516,91103,6.2,0.5416,10.833,1217,0.0350,2
0.2800,20.00,-0.0503,90839,5.7,0.5330,10.661,1221,0.0169,2
0.3000,20.00,-0.0516,91097,5.3,0.5233,10.466,1225,-0.0036,2
0.3200,20.00,-0.0517,91116,4.9,0.5143,10.286,1229,-0.0225,2
0.3400,20.00,1.4893,-217006,4.4,0.4126,8.253,1233,-0.2366,2
0.3600,20.00,1.7517,-269455,7.9,0.2111,4.221,1281,-0.6609,2
0.3800,20.00,1.0654,-132235,7.4,0.5419,10.838,1374,0.0356,2
0.4000,20.00,1.1055,-140264,6.9,0.6259,12.518,1221,0.2124,2
0.4200,20.00,1.0152,-122209,6.4,0.6821,13.641,1182,0.3306,2
0.4400,20.00,1.0589,-130930,5.9,0.6831,13.661,1156,0.3327,2
0.4600,20.00,1.2142,-161994,5.5,0.5997,11.994,1155,0.1572,2
0.4800,20.00,1.1781,-154778,5.0,0.6097,12.195,1194,0.1784,2
0.5000,20.00,1.3230,-183753,4.6,0.4932,9.863,1189,-0.0670,2
0.5200,20.00,1.2229,-163727,4.1,0.5340,10.680,1243,0.0189,2
0.5400,20.00,1.3605,-191252,3.7,0.4439,8.878,1224,-0.1707,2
0.5600,20.00,1.2653,-172217,3.2,0.4405,8.810,1266,-0.1779,2
0.5800,20.00,1.2976,-178659,6.7,0.4029,8.058,1268,-0.2571,2
0.6000,20.00,1.2172,-162599,6.2,0.4163,8.326,1285,-0.2289,2
0.6200,20.00,1.2544,-170030,5.7,0.3925,7.850,1279,-0.2790,2
0.6400,20.00,1.2081,-160773,5.2,0.4026,8.052,1290,-0.2577,2
0.6600,20.00,1.1166,-142485,4.7,0.4586,9.172,1285,-0.1398,2
0.6800,20.00,1.1155,-142256,4.2,0.4776,9.552,1259,-0.0998,2
0.7000,20.02,1.1166,-142479,3.9,0.4864,9.727,1250,-0.0813,2
0.7200,19.98,1.1247,-144094,3.4,0.4903,9.806,1246,-0.0730,2
0.7400,20.00,1.1052,-140204,3.0,0.4996,9.992,1244,-0.0534,2
0.7600,20.00,1.1118,-141514,2.5,0.5024,10.048,1240,-0.0476,2
0.7800,20.00,1.1630,-151752,2.0,0.4914,9.828,1239,-0.0707,2
0.8000,20.00,1.1460,-148355,5.5,0.4918,9.836,1244,-0.0699,2
0.8200,20.00,1.1595,-151057,5.0,0.4879,9.758,1244,-0.0782,2
0.8400,20.00,1.1484,-148843,4.6,0.4890,9.780,1246,-0.0758,2
0.8600,20.00,1.1738,-153921,4.1,0.4828,9.657,1245,-0.0888,2
0.8800,20.00,1.1920,-157543,3.6,0.4696,9.392,1248,-0.1167,2
0.9000,20.00,1.1634,-151830,3.1,0.4758,9.517,1254,-0.1035,2
0.9200,20.00,1.1706,-153273,2.7,0.4745,9.490,1251,-0.1063,2
0.9400,20.00,1.1608,-151305,2.2,0.4760,9.521,1252,-0.1031,2
0.9600,20.00,1.1759,-154339,1.8,0.4703,9.406,1251,-0.1151,2
0.9800,20.00,1.1499,-149139,1.4,0.4769,9.538,1254,-0.1013,2
1.0000,20.00,1.1581,-150772,0.9,0.4768,9.537,1251,-0.1014,2
1.0200,20.00,1.1480,-148756,4.3,0.4800,9.600,1251,-0.0948,2
1.0400,20.00,1.1631,-151775,3.8,0.4772,9.545,1249,-0.1006,2
1.0600,20.00,1.1479,-148725,3.4,0.4804,9.608,1251,-0.0939,2
1.0800,20.00,1.1479,-148737,2.9,0.4817,9.634,1249,-0.0911,2
1.1000,20.00,1.1446,-148073,2.4,0.4837,9.673,1249,-0.0871,2
1.1200,20.00,1.1264,-144445,1.9,0.4911,9.823,1248,-0.0713,2
1.1400,20.00,1.1590,-150958,1.5,0.4845,9.690,1244,-0.0852,2
1.1600,20.00,1.1330,-145751,1.1,0.4903,9.806,1247,-0.0730,2
1.1800,20.00,1.1588,-150909,0.6,0.4849,9.698,1244,-0.0845,2
1.2000,20.00,1.1484,-148828,0.2,0.4856,9.713,1247,-0.0829,2
1.2200,20.00,1.1715,-153451,11.9,0.4797,9.594,1247,-0.0954,2
1.2400,20.00,1.1307,-145289,3.2,0.4886,9.771,1250,-0.0767,2
1.2600,20.00,1.1725,-153659,2.7,0.4797,9.594,1245,-0.0954,2
1.2800,20.00,1.1283,-144812,2.2,0.4893,9.786,1250,-0.0752,2
1.3000,20.00,1.1714,-153442,1.7,0.4804,9.607,1245,-0.0940,2
1.3200,20.00,1.1349,-146132,1.2,0.4874,9.748,1249,-0.0792,2
1.3400,20.00,1.1585,-150863,0.8,0.4831,9.661,1246,-0.0883,2
1.3600,19.99,1.1149,-142140,0.3,0.4958,9.916,1248,-0.0615,2
1.3800,20.00,1.1329,-145741,12.1,0.4957,9.914,1242,-0.0617,2
1.4000,20.00,1.1571,-150573,11.7,0.4887,9.773,1242,-0.0765,2
1.4200,20.00,1.1516,-149466,11.2,0.4874,9.749,1245,-0.0791,2
1.4400,20.00,1.1658,-152322,10.7,0.4827,9.655,1246,-0.0889,2
1.4600,20.00,1.1364,-146438,2.0,0.4889,9.779,1248,-0.0759,2
1.4800,20.00,1.1405,-147256,1.5,0.4903,9.806,1245,-0.0731,2
1.5000,20.00,1.1696,-153070,1.1,0.4827,9.654,1244,-0.0890,2
1.5200,20.00,1.1239,-143941,0.6,0.4931,9.862,1248,-0.0672,2
1.5400,20.00,1.1545,-150046,0.1,0.4878,9.755,1243,-0.0784,2
1.5600,20.00,1.1559,-150325,8.0,0.4854,9.707,1246,-0.0834,2
1.5800,20.00,1.1105,-141250,11.4,0.4994,9.988,1247,-0.0539,2
1.6000,20.00,1.1669,-152529,10.9,0.4875,9.751,1240,-0.0789,2
1.6200,20.00,1.1124,-141646,10.4,0.5000,10.000,1246,-0.0527,2
1.6400,20.00,1.1718,-153514,10.0,0.4872,9.745,1240,-0.0795,2
1.6600,20.00,1.1081,-140780,9.5,0.5018,10.037,1246,-0.0488,2
1.6800,20.00,1.1672,-152584,0.9,0.4896,9.792,1239,-0.0745,2
1.7000,20.00,1.1184,-142838,0.4,0.4994,9.988,1245,-0.0539,2
1.7200,20.00,1.1416,-147482,8.1,0.4967,9.935,1240,-0.0595,2
1.7400,20.00,1.1435,-147850,7.7,0.4954,9.908,1242,-0.0623,2
1.7600,20.00,1.1430,-147754,7.2,0.4951,9.901,1242,-0.0630,2
1.7800,20.00,1.1435,-147852,6.8,0.4947,9.895,1242,-0.0637,2
1.8000,20.00,1.1394,-147040,10.3,0.4960,9.920,1243,-0.0611,2
1.8200,20.00,1.1552,-150193,9.8,0.4916,9.833,1242,-0.0702,2
1.8400,20.00,1.1459,-148337,9.2,0.4923,9.846,1244,-0.0688,2
1.8600,20.00,1.1609,-151330,8.8,0.4880,9.760,1243,-0.0779,2
1.8800,20.01,1.1118,-141510,8.3,0.5011,10.021,1246,-0.0504,2
1.9000,19.99,1.1430,-147746,7.9,0.4972,9.944,1240,-0.0585,2
1.9200,20.00,1.1269,-144535,7.4,0.5007,10.013,1241,-0.0512,2
1.9400,20.00,1.1566,-150476,7.0,0.4942,9.885,1240,-0.0647,2
1.9600,20.00,1.1690,-152949,6.5,0.4881,9.762,1243,-0.0777,2
1.9800,20.00,1.1194,-143030,6.1,0.4994,9.988,1246,-0.0539,2
2.0000,20.00,1.1776,-154668,5.6,0.4874,9.749,1240,-0.0791,2
2.0200,20.00,1.1647,-152102,9.1,0.4854,9.708,1246,-0.0834,2
2.0400,20.00,1.1791,-154981,8.6,0.4799,9.599,1247,-0.0949,2
2.0600,20.00,1.1949,-158128,8.1,0.4673,9.345,1249,-0.1215,2
2.0800,20.00,1.1595,-151055,7.7,0.4759,9.518,1255,-0.1034,2
2.1000,20.00,1.1657,-152295,7.2,0.4764,9.528,1251,-0.1023,2
2.1200,20.00,1.1364,-146437,6.7,0.4843,9.686,1251,-0.0857,2
2.1400,20.00,1.1425,-147655,6.1,0.4860,9.720,1247,-0.0822,2
2.1600,20.00,1.1485,-148848,5.8,0.4858,9.715,1246,-0.0826,2
2.1800,20.00,1.1248,-144125,5.3,0.4940,9.879,1246,-0.0654,2
2.2000,20.00,1.1667,-152496,4.9,0.4853,9.706,1243,-0.0836,2
2.2200,20.00,1.1390,-146951,4.4,0.4898,9.796,1247,-0.0741,2
2.2400,20.00,1.1912,-157395,7.9,0.4732,9.464,1245,-0.1091,2
2.2600,20.00,1.1605,-151251,7.4,0.4789,9.579,1253,-0.0970,2
2.2800,20.00,1.1640,-151946,7.0,0.4789,9.578,1250,-0.0971,2
2.3000,20.00,1.1634,-151832,6.5,0.4783,9.567,1250,-0.0982,2
2.3200,20.00,1.1367,-146502,6.0,0.4851,9.702,1250,-0.0839,2
2.3400,20.00,1.1522,-149600,5.5,0.4838,9.675,1247,-0.0868,2
2.3600,20.01,1.1474,-148640,5.1,0.4848,9.697,1247,-0.0846,2
2.3800,19.99,1.1346,-146079,4.7,0.4899,9.798,1247,-0.0739,2
2.4000,20.00,1.1617,-151494,4.2,0.4842,9.684,1245,-0.0858,2
2.4200,20.00,1.1349,-146126,3.8,0.4901,9.802,1247,-0.0735,2
2.4400,20.00,1.1224,-143628,3.3,0.4973,9.945,1245,-0.0584,2
2.4600,20.00,1.1499,-149142,6.8,0.4919,9.837,1241,-0.0698,2
2.4800,20.00,1.1201,-143185,6.2,0.4994,9.988,1244,-0.0539,2
2.5000,20.00,1.1426,-147676,5.8,0.4964,9.928,1240,-0.0602,2
2.5200,20.00,1.1213,-143415,5.3,0.5013,10.027,1242,-0.0498,2
2.5400,20.00,1.1393,-147010,4.8,0.4992,9.984,1239,-0.0543,2
2.5600,20.00,1.1441,-147967,4.4,0.4975,9.950,1240,-0.0579,2
2.5800,20.00,1.1301,-145185,3.9,0.5004,10.007,1241,-0.0518,2
2.6000,20.00,1.1572,-150599,3.5,0.4944,9.889,1240,-0.0643,2
2.6200,20.00,1.1298,-145113,3.0,0.4996,9.992,1243,-0.0535,2
2.6400,20.00,1.1509,-149340,2.6,0.4955,9.910,1240,-0.0621,2
2.6600,19.99,1.1428,-147709,2.1,0.4962,9.923,1242,-0.0607,2
2.6800,20.00,1.1556,-150279,1.6,0.4925,9.850,1242,-0.0684,2
2.7000,20.00,1.1100,-141154,5.1,0.5040,10.079,1243,-0.0443,2
2.7200,20.00,1.1700,-153144,4.7,0.4925,9.849,1238,-0.0685,2
2.7400,20.00,1.1268,-144516,4.2,0.4998,9.996,1243,-0.0530,2
2.7600,20.00,1.1634,-151825,3.7,0.4921,9.842,1240,-0.0693,2
2.7800,20.00,1.1105,-141266,3.2,0.5038,10.077,1244,-0.0446,2
2.8000,20.00,1.1562,-150387,2.7,0.4965,9.930,1238,-0.0600,2
2.8200,20.00,1.1407,-147301,2.2,0.4979,9.958,1242,-0.0570,2
2.8400,20.00,1.1294,-145027,1.9,0.5013,10.025,1241,-0.0500,2
2.8600,20.00,1.1502,-149194,1.4,0.4975,9.951,1239,-0.0578,2
2.8800,20.00,1.1571,-150582,1.0,0.4939,9.877,1241,-0.0655,2
2.9000,20.00,1.1696,-153069,0.5,0.4890,9.780,1243,-0.0758,2
2.9200,20.00,1.1623,-151622,3.9,0.4879,9.757,1245,-0.0782,2
2.9400,20.00,1.1878,-156710,3.5,0.4785,9.570,1246,-0.0979,2
2.9600,20.00,1.1643,-152021,3.0,0.4818,9.636,1250,-0.0909,2
2.9800,20.00,1.1638,-151922,2.5,0.4820,9.641,1248,-0.0904,2
3.0000,20.00,1.1224,-143641,2.0,0.4930,9.860,1248,-0.0674,2
3.0200,20.00,1.1588,-150920,1.6,0.4876,9.752,1243,-0.0787,2
3.0400,20.00,1.1523,-149611,1.1,0.4877,9.754,1246,-0.0785,2
3.0600,20.00,1.1889,-156931,0.7,0.4754,9.508,1246,-0.1045,2
3.0800,20.00,1.1412,-147401,0.2,0.4853,9.707,1251,-0.0835,2
3.1000,20.00,1.1666,-152478,11.9,0.4826,9.653,1247,-0.0892,2
3.1200,20.00,1.1624,-151631,11.4,0.4820,9.640,1248,-0.0906,2
3.1400,20.00,1.1564,-150427,2.8,0.4829,9.658,1248,-0.0886,2
3.1600,20.00,1.1377,-146689,2.3,0.4882,9.764,1248,-0.0775,2
3.1800,20.00,1.1420,-147547,1.8,0.4896,9.792,1246,-0.0746,2
3.2000,20.00,1.1383,-146816,1.3,0.4921,9.842,1245,-0.0692,2
3.2200,20.00,1.1469,-148526,0.9,0.4910,9.821,1244,-0.0715,2
3.2400,20.00,1.1474,-148628,0.4,0.4908,9.816,1244,-0.0720,2
3.2600,20.00,1.1206,-143283,12.2,0.4993,9.987,1244,-0.0540,2
3.2800,20.00,1.1734,-153824,11.7,0.4882,9.765,1240,-0.0774,2
3.3000,20.00,1.1349,-146142,11.2,0.4942,9.884,1246,-0.0648,2
3.3200,20.00,1.1521,-149578,10.8,0.4914,9.829,1243,-0.0707,2
3.3400,20.00,1.1723,-153604,10.2,0.4855,9.710,1244,-0.0832,2
3.3600,20.00,1.1313,-145418,1.6,0.4936,9.871,1247,-0.0662,2
3.3800,20.00,1.1819,-155534,1.2,0.4823,9.646,1243,-0.0899,2
3.4000,20.00,1.1352,-146205,0.7,0.4903,9.807,1248,-0.0730,2
3.4200,20.00,1.1422,-147591,0.2,0.4916,9.832,1244,-0.0703,2
3.4400,20.00,1.1542,-149992,8.0,0.4890,9.780,1244,-0.0758,2
3.4600,20.00,1.1629,-151743,7.6,0.4859,9.717,1245,-0.0824,2
3.4800,20.00,1.1336,-145872,11.0,0.4926,9.853,1246,-0.0681,2
3.5000,20.00,1.1182,-142801,10.5,0.5002,10.003,1243,-0.0523,2
3.5200,20.00,1.1845,-156045,10.1,0.4846,9.691,1240,-0.0851,2
3.5400,20.00,1.0902,-137196,9.6,0.5078,10.155,1247,-0.0363,2
3.5600,20.00,1.2002,-159193,9.1,0.4791,9.581,1236,-0.0967,2
3.5800,20.00,1.1461,-148377,0.5,0.4880,9.759,1250,-0.0780,2
3.6000,20.01,1.1713,-153417,0.0,0.4842,9.685,1246,-0.0858,2
3.6200,19.99,1.1427,-147688,7.8,0.4888,9.776,1247,-0.0763,2
3.6400,20.00,1.1562,-150404,7.2,0.4871,9.741,1245,-0.0799,2
3.6600,20.00,1.1363,-146418,6.9,0.4921,9.842,1246,-0.0693,2
3.6800,20.00,1.1391,-146984,6.4,0.4937,9.874,1244,-0.0659,2
3.7000,20.00,1.1464,-148440,9.8,0.4926,9.852,1243,-0.0683,2
3.7200,20.00,1.1714,-153439,9.4,0.4861,9.722,1243,-0.0819,2
3.7400,20.01,1.1421,-147585,8.9,0.4902,9.803,1246,-0.0733,2
3.7600,20.00,1.1411,-147383,8.4,0.4924,9.847,1245,-0.0687,2
3.7800,20.00,1.1459,-148339,7.9,0.4921,9.842,1243,-0.0692,2
3.8000,20.00,1.1386,-146877,7.5,0.4946,9.893,1244,-0.0639,2
3.8200,20.00,1.1248,-144108,7.0,0.5000,10.001,1243,-0.0525,2
3.8400,20.00,1.1444,-148026,6.6,0.4972,9.945,1240,-0.0585,2
3.8600,20.00,1.1556,-150280,6.1,0.4931,9.862,1241,-0.0671,2
3.8800,20.00,1.1446,-148082,5.7,0.4944,9.887,1243,-0.0645,2
3.9000,20.00,1.1536,-149868,5.2,0.4922,9.844,1243,-0.0691,2
3.9200,20.01,1.1376,-146674,8.7,0.4960,9.920,1244,-0.0611,2
3.9400,19.99,1.1611,-151384,8.2,0.4906,9.813,1242,-0.0724,2
3.9600,20.00,1.1244,-144046,7.7,0.4993,9.986,1244,-0.0541,2
3.9800,20.00,1.1627,-151687,7.2,0.4916,9.832,1240,-0.0703,2
4.0000,20.00,1.1211,-143369,6.8,0.5006,10.012,1244,-0.0513,2
4.0200,20.00,1.1447,-148092,6.2,0.4979,9.958,1240,-0.0570,2
4.0400,20.00,1.1537,-149891,5.9,0.4945,9.890,1241,-0.0642,2
4.0600,20.00,1.1270,-144552,5.4,0.5007,10.014,1243,-0.0512,2
4.0800,20.00,1.1496,-149082,5.0,0.4971,9.943,1240,-0.0587,2
4.1000,20.00,1.1499,-149138,4.5,0.4956,9.912,1241,-0.0618,2
4.1200,20.00,1.1442,-147994,4.1,0.4965,9.930,1242,-0.0600,2
4.1400,20.00,1.1187,-142889,7.5,0.5034,10.068,1242,-0.0455,2
4.1600,20.00,1.1444,-148033,7.0,0.4999,9.998,1238,-0.0528,2
4.1800,20.00,1.1496,-149078,6.5,0.4980,9.959,1240,-0.0569,2
4.2000,20.00,1.1426,-147668,6.1,0.4989,9.978,1241,-0.0549,2
4.2200,20.00,1.1530,-149755,5.6,0.4962,9.925,1240,-0.0606,2
4.2400,20.00,1.1452,-148188,5.1,0.4971,9.943,1242,-0.0587,2
4.2600,20.00,1.1645,-152054,4.7,0.4922,9.843,1241,-0.0691,2
4.2800,20.00,1.1298,-145117,4.2,0.4995,9.991,1244,-0.0536,2
4.3000,20.00,1.1707,-153291,3.8,0.4914,9.828,1240,-0.0708,2
4.3200,20.00,1.1392,-146990,3.3,0.4958,9.916,1244,-0.0615,2
4.3400,20.00,1.1726,-153680,2.9,0.4892,9.783,1242,-0.0755,2
4.3600,20.00,1.1507,-149297,6.4,0.4912,9.824,1245,-0.0712,2
4.3800,20.00,1.1522,-149591,5.9,0.4913,9.827,1244,-0.0709,2
4.4000,20.00,1.1451,-148166,5.4,0.4932,9.863,1244,-0.0670,2
4.4200,19.99,1.1424,-147627,4.9,0.4949,9.897,1243,-0.0635,2
4.4400,20.00,1.1527,-149691,4.5,0.4930,9.861,1242,-0.0673,2
4.4600,20.00,1.1445,-148049,4.0,0.4946,9.892,1243,-0.0640,2
4.4800,20.00,1.1777,-154700,3.5,0.4872,9.744,1243,-0.0796,2
4.5000,20.00,1.1400,-147148,3.1,0.4927,9.855,1246,-0.0679,2
4.5200,20.00,1.1921,-157567,2.6,0.4792,9.584,1243,-0.0964,2
4.5400,20.00,1.1475,-148656,2.2,0.4871,9.742,1250,-0.0798,2
4.5600,20.00,1.1461,-148382,1.8,0.4899,9.797,1246,-0.0740,2
4.5800,20.00,1.1589,-150936,1.3,0.4879,9.758,1245,-0.0781,2
4.6000,20.00,1.1474,-148634,4.7,0.4900,9.800,1246,-0.0736,2
4.6200,20.00,1.1571,-150569,4.2,0.4885,9.770,1245,-0.0768,2
4.6400,20.00,1.1488,-148915,3.8,0.4900,9.800,1245,-0.0737,2
4.6600,20.00,1.1567,-150497,3.2,0.4887,9.773,1245,-0.0765,2
4.6800,20.00,1.1417,-147504,2.8,0.4919,9.838,1245,-0.0697,2
4.7000,20.00,1.1801,-155172,2.4,0.4840,9.679,1244,-0.0864,2
4.7200,20.00,1.1743,-154007,1.9,0.4816,9.632,1247,-0.0914,2
4.7400,20.00,1.1639,-151925,1.5,0.4824,9.647,1249,-0.0898,2
4.7600,20.00,1.1718,-153507,1.0,0.4799,9.598,1248,-0.0950,2
4.7800,20.00,1.1464,-148436,0.5,0.4848,9.696,1249,-0.0846,2
4.8000,20.00,1.1757,-154297,0.1,0.4791,9.583,1247,-0.0966,2
4.8200,20.00,1.1441,-147967,3.5,0.4849,9.698,1250,-0.0844,2
4.8400,20.00,1.1695,-153050,3.0,0.4811,9.623,1247,-0.0923,2
4.8600,20.00,1.1572,-150603,2.6,0.4822,9.644,1249,-0.0901,2
4.8800,19.99,1.1580,-150750,2.1,0.4823,9.647,1248,-0.0898,2
4.9000,20.00,1.1696,-153068,1.6,0.4796,9.591,1248,-0.0956,2
4.9200,20.00,1.1462,-148395,1.2,0.4839,9.678,1250,-0.0865,2
4.9400,20.00,1.1834,-155839,0.7,0.4732,9.464,1247,-0.1091,2
4.9600,20.00,1.1278,-144717,0.2,0.4869,9.738,1253,-0.0802,2
4.9800,20.00,1.1822,-155584,12.0,0.4749,9.499,1246,-0.1054,2
5.0000,20.00,1.1458,-148324,11.5,0.4823,9.647,1252,-0.0898,2
5.0200,20.00,1.1790,-154945,11.0,0.4744,9.488,1248,-0.1065,2
5.0400,20.00,1.1252,-144206,2.4,0.4877,9.754,1252,-0.0786,2
5.0600,20.00,1.1834,-155832,1.9,0.4739,9.479,1246,-0.1075,2
5.0800,20.00,1.1336,-145870,1.4,0.4853,9.707,1252,-0.0835,2
5.1000,20.00,1.1946,-158079,0.9,0.4668,9.336,1247,-0.1225,2
5.1200,20.00,1.1130,-141755,0.5,0.4902,9.803,1255,-0.0734,2
5.1400,20.00,1.1938,-157913,0.0,0.4684,9.368,1245,-0.1192,2
5.1600,20.00,1.1437,-147899,11.8,0.4803,9.606,1255,-0.0941,2
5.1800,20.00,1.1543,-150006,11.3,0.4813,9.625,1249,-0.0921,2
5.2000,20.00,1.1554,-150240,10.8,0.4813,9.625,1249,-0.0921,2
5.2200,20.00,1.1367,-146504,10.4,0.4867,9.734,1249,-0.0806,2
5.2400,20.00,1.1507,-149298,9.9,0.4851,9.701,1246,-0.0841,2
5.2600,20.00,1.1570,-150552,1.2,0.4831,9.662,1247,-0.0882,2
5.2800,20.00,1.1354,-146233,0.7,0.4888,9.777,1248,-0.0762,2
5.3000,20.00,1.1784,-154831,0.2,0.4778,9.555,1245,-0.0995,2
5.3200,20.00,1.1554,-150225,8.1,0.4807,9.615,1250,-0.0932,2
5.3400,20.00,1.1239,-143933,7.6,0.4911,9.823,1249,-0.0713,2
5.3600,20.00,1.1446,-148071,7.2,0.4892,9.785,1244,-0.0753,2
5.3800,20.00,1.1186,-142870,10.6,0.4978,9.956,1245,-0.0573,2
5.4000,20.01,1.1453,-148218,10.1,0.4934,9.869,1241,-0.0665,2
5.4200,20.00,1.1190,-142958,9.7,0.5001,10.002,1243,-0.0525,2
5.4400,20.00,1.1714,-153432,9.2,0.4882,9.764,1240,-0.0775,2
5.4600,20.00,1.1350,-146162,8.7,0.4938,9.877,1246,-0.0656,2
5.4800,20.00,1.1611,-151384,0.1,0.4879,9.759,1243,-0.0780,2
5.5000,20.00,1.1084,-140841,7.8,0.5020,10.040,1246,-0.0485,2
5.5200,20.00,1.1606,-151272,7.3,0.4919,9.838,1239,-0.0697,2
5.5400,20.00,1.1469,-148542,6.9,0.4918,9.836,1244,-0.0699,2
5.5600,20.00,1.1449,-148140,6.4,0.4922,9.844,1244,-0.0690,2
5.5800,20.00,1.1589,-150929,6.0,0.4882,9.764,1244,-0.0774,2
5.6000,20.00,1.1393,-147013,9.4,0.4922,9.844,1246,-0.0691,2
5.6200,20.00,1.1608,-151323,9.0,0.4872,9.745,1244,-0.0795,2
5.6400,20.00,1.1358,-146309,8.4,0.4927,9.853,1246,-0.0681,2
5.6600,20.00,1.1488,-148920,8.1,0.4908,9.816,1243,-0.0720,2
5.6800,20.00,1.1428,-147714,7.6,0.4921,9.841,1244,-0.0694,2
5.7000,20.00,1.1823,-155607,7.1,0.4810,9.619,1244,-0.0927,2
5.7200,20.00,1.1532,-149795,6.7,0.4844,9.687,1249,-0.0856,2
5.7400,20.00,1.1191,-142984,6.2,0.4958,9.916,1247,-0.0614,2
5.7600,20.00,1.1505,-149252,5.8,0.4911,9.822,1242,-0.0714,2
5.7800,20.00,1.1170,-142559,5.3,0.4999,9.998,1244,-0.0529,2
5.8000,20.00,1.1339,-145937,4.8,0.4991,9.981,1240,-0.0546,2
5.8200,20.00,1.1183,-142819,8.3,0.5032,10.065,1240,-0.0458,2
5.8400,20.00,1.1369,-146532,7.8,0.5014,10.027,1239,-0.0498,2
5.8600,20.01,1.1171,-142579,7.4,0.5057,10.114,1239,-0.0407,2
5.8800,20.00,1.1660,-152361,6.9,0.4969,9.939,1237,-0.0591,2
5.9000,20.00,1.1090,-140963,6.4,0.5069,10.137,1241,-0.0382,2
5.9200,20.00,1.1805,-155246,5.8,0.4931,9.862,1237,-0.0672,2
5.9400,20.00,1.1058,-140309,5.5,0.5067,10.135,1243,-0.0384,2
5.9600,20.00,1.1519,-149541,5.1,0.4998,9.997,1237,-0.0530,2
5.9800,20.00,1.1234,-143830,4.6,0.5039,10.077,1240,-0.0445,2
6.0000,20.01,1.1814,-155430,4.1,0.4917,9.833,1238,-0.0702,2
6.0200,20.00,1.1399,-147127,3.6,0.4963,9.927,1244,-0.0603,2
6.0400,20.00,1.1737,-153889,3.2,0.4889,9.777,1242,-0.0761,2
6.0600,20.00,1.1223,-143618,6.6,0.4995,9.990,1245,-0.0537,2
6.0800,20.00,1.1888,-156917,6.1,0.4843,9.686,1240,-0.0857,2
6.1000,20.01,1.1612,-151401,5.7,0.4860,9.721,1247,-0.0820,2
6.1200,20.00,1.1560,-150357,5.2,0.4871,9.741,1246,-0.0799,2
6.1400,20.00,1.1414,-147445,4.7,0.4908,9.816,1246,-0.0720,2
6.1600,20.00,1.1582,-150798,4.2,0.4882,9.765,1244,-0.0774,2
6.1800,20.01,1.1564,-150439,16.1,0.4877,9.753,1244,-0.0786,2
6.2000,19.99,1.1407,-147303,3.4,0.4913,9.826,1246,-0.0709,2
6.2200,20.00,1.1559,-150330,2.9,0.4891,9.781,1244,-0.0756,2
6.2400,20.00,1.1479,-148736,2.5,0.4903,9.806,1245,-0.0731,2
6.2600,20.00,1.1352,-146197,2.0,0.4948,9.897,1244,-0.0635,2
6.2800,20.00,1.1612,-151385,5.5,0.4895,9.791,1242,-0.0746,2
6.3000,20.00,1.1528,-149707,5.0,0.4896,9.793,1245,-0.0744,2
6.3200,20.00,1.1718,-153506,4.5,0.4851,9.703,1245,-0.0839,2
6.3400,20.00,1.1255,-144250,4.1,0.4951,9.902,1247,-0.0629,2
6.3600,20.00,1.1798,-155108,3.6,0.4848,9.695,1242,-0.0847,2
6.3800,20.00,1.1366,-146481,3.1,0.4912,9.824,1247,-0.0711,2
6.4000,20.00,1.1521,-149577,2.7,0.4896,9.793,1244,-0.0745,2
6.4200,20.00,1.1213,-143423,2.2,0.4988,9.976,1245,-0.0551,2
6.4400,20.00,1.1697,-153084,1.8,0.4893,9.785,1240,-0.0752,2
6.4600,20.00,1.1268,-144518,1.2,0.4975,9.951,1245,-0.0578,2
6.4800,20.00,1.1474,-148630,0.9,0.4948,9.896,1241,-0.0636,2
6.5000,20.00,1.1196,-143079,4.3,0.5018,10.037,1242,-0.0487,2
6.5200,20.00,1.1413,-147425,3.8,0.4993,9.986,1239,-0.0541,2
6.5400,20.00,1.1267,-144488,3.4,0.5026,10.052,1240,-0.0472,2
6.5600,20.00,1.1703,-153214,2.9,0.4932,9.864,1239,-0.0669,2
6.5800,20.00,1.1256,-144267,2.4,0.5011,10.022,1243,-0.0503,2
6.6000,20.00,1.1273,-144623,1.9,0.5031,10.062,1240,-0.0461,2
6.6200,20.00,1.1802,-155196,1.4,0.4913,9.827,1239,-0.0708,2
6.6400,20.00,1.1539,-149931,1.0,0.4923,9.846,1244,-0.0689,2
6.6600,20.00,1.1489,-148931,0.6,0.4933,9.866,1243,-0.0668,2
6.6800,20.00,1.1255,-144264,0.2,0.5004,10.009,1243,-0.0517,2
6.7000,20.00,1.1136,-141880,11.8,0.5057,10.114,1240,-0.0407,2
6.7200,20.00,1.1266,-144466,3.2,0.5055,10.111,1237,-0.0410,2
6.7400,20.00,1.1739,-153927,2.7,0.4957,9.913,1237,-0.0618,2
6.7600,20.00,1.1489,-148942,2.2,0.4966,9.932,1242,-0.0597,2
6.7800,20.00,1.1447,-148094,1.7,0.4978,9.955,1242,-0.0573,2
6.8000,20.00,1.1322,-145597,1.2,0.5013,10.026,1241,-0.0499,2
6.8200,20.00,1.1544,-150028,0.7,0.4973,9.945,1239,-0.0584,2
6.8400,19.99,1.1632,-151803,0.3,0.4933,9.865,1241,-0.0668,2
6.8600,20.00,1.2112,-161391,12.1,0.4719,9.437,1243,-0.1119,2
6.8800,20.00,1.1305,-145258,11.6,0.4904,9.809,1253,-0.0728,2
6.9000,20.00,1.1887,-156890,11.1,0.4799,9.598,1244,-0.0950,2
6.9200,20.00,1.1354,-146233,10.7,0.4903,9.805,1249,-0.0731,2
6.9400,20.00,1.1549,-150132,2.0,0.4892,9.783,1244,-0.0755,2
6.9600,20.00,1.1259,-144346,1.5,0.4971,9.943,1245,-0.0587,2
6.9800,20.00,1.1418,-147512,1.0,0.4963,9.927,1241,-0.0603,2
7.0000,20.00,1.1539,-149935,0.6,0.4933,9.867,1242,-0.0666,2
7.0200,20.00,1.1643,-152013,0.0,0.4897,9.795,1243,-0.0742,2
7.0400,20.00,1.1275,-144656,7.9,0.4981,9.963,1245,-0.0566,2
7.0600,20.00,1.1497,-149086,11.4,0.4953,9.905,1241,-0.0626,2
7.0800,20.00,1.1473,-148622,10.9,0.4951,9.902,1242,-0.0630,2
7.1000,20.00,1.1572,-150587,10.4,0.4926,9.851,1242,-0.0683,2
7.1200,20.00,1.1564,-150436,10.0,0.4916,9.831,1243,-0.0704,2
7.1400,20.00,1.1813,-155415,9.5,0.4849,9.698,1244,-0.0844,2
7.1600,20.00,1.1824,-155631,0.8,0.4804,9.607,1247,-0.0940,2
7.1800,20.00,1.1553,-150213,0.4,0.4846,9.691,1249,-0.0852,2
7.2000,20.00,1.1634,-151830,8.1,0.4840,9.680,1247,-0.0864,2
7.2200,20.00,1.1411,-147380,7.6,0.4888,9.777,1247,-0.0762,2
7.2400,20.00,1.1801,-155171,7.2,0.4809,9.618,1245,-0.0928,2
7.2600,20.00,1.2319,-165524,6.8,0.4474,8.949,1249,-0.1633,2
7.2800,20.00,1.1607,-151294,10.2,0.4675,9.350,1264,-0.1211,2
7.3000,20.02,1.1298,-145109,9.8,0.4833,9.667,1255,-0.0877,2
7.3200,19.98,1.1392,-147000,9.2,0.4868,9.735,1248,-0.0805,2
7.3400,20.00,1.1484,-148839,8.8,0.4866,9.732,1246,-0.0808,2
7.3600,20.00,1.0804,-135233,8.3,0.5093,10.185,1246,-0.0331,2
7.3800,20.00,1.0764,-134440,7.8,0.5190,10.381,1236,-0.0125,2
7.4000,20.00,1.1233,-143811,7.4,0.5129,10.258,1231,-0.0255,2
7.4200,20.00,1.1123,-141621,7.0,0.5151,10.302,1234,-0.0209,2
7.4400,20.00,0.9665,-112459,6.5,0.5781,11.562,1233,0.1118,2
7.4600,20.00,0.9921,-117576,6.1,0.6075,12.150,1204,0.1737,2
7.4800,19.99,1.1595,-151053,5.6,0.5736,11.472,1190,0.1023,2
7.5000,20.00,1.2488,-168904,5.2,0.5120,10.241,1206,-0.0273,2
7.5200,20.00,1.1454,-148227,8.6,0.5141,10.282,1234,-0.0230,2
7.5400,20.00,1.0753,-134223,8.1,0.5344,10.688,1234,0.0197,2
7.5600,20.00,1.1492,-148994,7.6,0.5235,10.470,1224,-0.0031,2
7.5800,20.00,1.1857,-156295,7.2,0.5092,10.183,1229,-0.0333,2
7.6000,20.00,1.1220,-143558,6.7,0.5131,10.262,1236,-0.0251,2
7.6200,20.02,1.1007,-139301,6.3,0.5223,10.446,1234,-0.0057,2
7.6400,19.99,1.0925,-137654,5.8,0.5315,10.630,1230,0.0137,2
7.6600,20.00,1.1281,-144767,5.2,0.5274,10.548,1225,0.0050,2
7.6800,20.00,1.1803,-155218,4.9,0.5147,10.293,1227,-0.0218,2
7.7000,20.00,1.1690,-152947,4.4,0.5079,10.158,1233,-0.0360,2
7.7200,20.00,1.1595,-151053,4.0,0.5050,10.101,1236,-0.0420,2
7.7400,20.00,1.1279,-144732,7.4,0.5084,10.169,1238,-0.0349,2
7.7600,20.00,1.0752,-134197,6.9,0.5279,10.559,1236,0.0062,2
7.7800,20.00,1.1072,-140606,6.5,0.5287,10.574,1227,0.0078,2
7.8000,20.00,1.1183,-142826,6.0,0.5286,10.571,1227,0.0075,2
7.8200,20.00,1.0390,-126970,5.5,0.5610,11.219,1227,0.0757,2
7.8400,20.00,1.0001,-119175,5.1,0.5997,11.995,1212,0.1573,2
7.8600,20.00,0.9657,-112309,4.6,0.6347,12.695,1194,0.2310,2
7.8800,20.00,0.9854,-116244,4.2,0.6560,13.120,1178,0.2758,2
7.9000,20.00,1.0508,-129327,3.7,0.6523,13.046,1168,0.2680,2
7.9200,20.00,1.0342,-125993,3.3,0.6580,13.160,1169,0.2800,2
7.9400,20.00,0.9716,-113487,2.8,0.6793,13.586,1167,0.3248,2
7.9600,20.00,1.0208,-123322,6.2,0.6832,13.665,1157,0.3332,2
7.9800,20.00,1.0456,-128278,5.8,0.6815,13.629,1155,0.3294,2
8.0000,20.00,1.0075,-120659,5.3,0.6920,13.840,1156,0.3516,2
8.0200,20.00,1.0283,-124829,4.8,0.6946,13.892,1151,0.3570,2
8.0400,20.00,1.0516,-129479,4.4,0.6931,13.862,1150,0.3539,2
8.0600,20.00,1.1254,-144233,3.9,0.6708,13.417,1150,0.3070,2
8.0800,20.00,1.1178,-142707,3.4,0.6644,13.287,1161,0.2934,2
8.1000,20.00,1.0998,-139115,3.0,0.6617,13.234,1164,0.2878,2
8.1200,20.00,1.1718,-153510,2.5,0.6362,12.725,1165,0.2342,2
8.1400,20.00,1.1980,-158745,2.1,0.6086,12.171,1177,0.1759,2
8.1600,20.00,1.2177,-162691,1.7,0.5809,11.618,1190,0.1177,2
8.1800,20.00,1.2050,-160155,5.1,0.5667,11.333,1202,0.0877,2
8.2000,20.00,1.1810,-155344,4.6,0.5623,11.246,1209,0.0785,2
8.2200,20.00,1.1853,-156214,4.1,0.5567,11.134,1211,0.0668,2
8.2400,20.00,1.2176,-162672,3.7,0.5405,10.811,1214,0.0327,2
8.2600,20.00,1.2107,-161286,3.2,0.5306,10.613,1221,0.0118,2
8.2800,20.00,1.1321,-145569,2.7,0.5433,10.866,1226,0.0386,2
8.3000,20.00,1.0772,-134606,2.3,0.5608,11.215,1220,0.0753,2
8.3200,20.00,1.0698,-133120,1.8,0.5800,11.601,1212,0.1159,2
8.3400,20.00,1.0678,-132713,1.4,0.5945,11.890,1203,0.1463,2
8.3600,20.00,1.0433,-127829,0.9,0.6116,12.233,1196,0.1824,2
8.3800,20.00,1.0706,-133281,0.5,0.6228,12.456,1188,0.2058,2
8.4000,20.00,1.1340,-145948,3.9,0.6217,12.434,1183,0.2036,2
8.4200,20.00,1.1436,-147875,3.4,0.6167,12.333,1184,0.1930,2
8.4400,20.00,1.1546,-150066,3.0,0.6096,12.192,1186,0.1781,2
8.4600,20.00,1.2270,-164547,2.5,0.5785,11.571,1189,0.1127,2
8.4800,20.00,1.2750,-174157,2.0,0.5404,10.808,1204,0.0324,2
8.5000,20.00,1.2624,-171623,1.5,0.5149,10.297,1221,-0.0214,2
8.5200,20.00,1.2596,-171079,1.0,0.4955,9.910,1233,-0.0622,2
8.5400,20.00,1.2088,-160909,0.7,0.5013,10.025,1242,-0.0500,2
8.5600,20.00,1.1631,-151768,0.2,0.5171,10.342,1239,-0.0166,2
8.5800,20.00,1.1130,-141755,11.9,0.5351,10.702,1232,0.0212,2
8.6000,20.01,1.0264,-124436,11.4,0.5653,11.307,1224,0.0849,2
8.6200,19.99,1.0297,-125098,2.8,0.5904,11.808,1210,0.1376,2
8.6400,20.00,0.9068,-100536,2.2,0.6424,12.847,1198,0.2471,2
8.6600,20.00,0.7629,-71752,1.8,0.7202,14.405,1174,0.4110,2
8.6800,20.00,0.9118,-101537,1.3,0.7525,15.051,1138,0.4790,2
8.7000,20.00,1.0841,-135985,0.8,0.7274,14.549,1123,0.4262,2
8.7200,20.00,1.0551,-130179,0.4,0.7277,14.554,1134,0.4267,2
8.7400,20.00,1.0076,-120689,8.2,0.7358,14.716,1134,0.4438,2
8.7600,20.00,0.9551,-110184,11.7,0.7615,15.230,1130,0.4979,2
8.7800,20.00,1.0067,-120507,11.2,0.7662,15.323,1119,0.5077,2
8.8000,20.00,0.9871,-116590,10.8,0.7786,15.572,1117,0.5339,2
8.8200,20.00,1.0940,-137962,10.2,0.7512,15.024,1111,0.4762,2
8.8400,20.00,1.0117,-121498,9.8,0.7639,15.277,1124,0.5029,2
8.8600,20.00,1.0304,-125237,1.1,0.7683,15.365,1118,0.5121,2
8.8800,20.00,1.0923,-137627,0.7,0.7510,15.019,1115,0.4757,2
8.9000,20.00,1.1303,-145214,0.0,0.7322,14.644,1124,0.4362,2
8.9200,20.00,1.1297,-145094,8.0,0.7224,14.448,1132,0.4155,2
8.9400,20.00,1.1629,-151733,7.6,0.7068,14.135,1137,0.3827,2
8.9600,20.00,1.1061,-140380,7.1,0.7085,14.171,1144,0.3864,2
8.9800,20.00,1.0137,-121900,10.5,0.7168,14.337,1143,0.4039,2
9.0000,20.00,0.9018,-99524,10.0,0.7603,15.206,1139,0.4953,2
9.0200,20.00,0.8815,-95476,9.6,0.8158,16.316,1119,0.6122,2
9.0400,20.00,0.8260,-84367,9.1,0.8659,17.317,1093,0.7176,2
9.0600,20.00,0.9845,-116066,8.6,0.8691,17.382,1070,0.7244,2
9.0800,20.00,1.1772,-154593,8.2,0.7977,15.954,1069,0.5741,2
9.1000,20.00,1.2991,-178977,7.7,0.6965,13.930,1102,0.3610,2
9.1200,20.00,1.3828,-195701,7.2,0.5876,11.752,1149,0.1318,2
9.1400,20.00,1.2235,-163848,6.8,0.6433,12.866,1199,0.2491,2
9.1600,20.00,1.2753,-174203,6.4,0.6458,12.916,1173,0.2543,2
9.1800,20.00,1.4769,-214511,5.9,0.4558,9.117,1172,-0.1456,2
9.2000,20.00,1.6824,-255599,9.3,0.2030,4.060,1260,-0.6779,2
9.2200,20.00,1.8774,-294593,8.9,0.0904,1.808,1378,-0.9150,2
9.2400,20.00,1.7791,-274950,8.4,0.1015,2.029,1430,-0.8916,2
9.2600,20.00,1.3851,-196170,7.9,0.2428,4.856,1425,-0.5941,2
9.2800,20.00,0.8657,-92317,7.5,0.5577,11.154,1359,0.0689,2
9.3000,20.00,0.7128,-61734,7.0,0.6112,12.225,1213,0.1816,2
9.3200,20.00,0.6999,-59161,6.6,0.6694,13.388,1188,0.3040,2
9.3400,20.00,0.7451,-68204,6.1,0.7325,14.650,1161,0.4368,2
9.3600,20.00,0.8492,-89020,5.6,0.7914,15.828,1132,0.5608,2
9.3800,20.00,1.0939,-137931,5.2,0.7683,15.366,1105,0.5122,2
9.4000,20.00,1.2803,-175209,4.6,0.6718,13.436,1115,0.3091,2
9.4200,20.00,1.2598,-171118,8.2,0.6632,13.264,1160,0.2909,2
9.4400,20.00,1.2884,-176837,7.6,0.6323,12.646,1164,0.2259,2
9.4600,20.00,1.3018,-179499,7.2,0.5955,11.909,1179,0.1483,2
9.4800,20.00,1.2741,-173969,6.8,0.5794,11.587,1196,0.1144,2
9.5000,20.00,1.2336,-165863,6.1,0.5777,11.554,1203,0.1109,2
9.5200,20.00,1.2152,-162197,5.8,0.5780,11.561,1204,0.1117,2
9.5400,20.00,1.2872,-176581,5.4,0.5394,10.789,1204,0.0304,2
9.5600,20.00,1.2235,-163857,4.9,0.5411,10.822,1222,0.0339,2
9.5800,20.00,1.1253,-144219,4.5,0.5685,11.370,1221,0.0915,2
9.6000,20.00,1.0955,-138257,4.1,0.5913,11.826,1208,0.1396,2
9.6200,20.00,1.0913,-137425,3.5,0.6100,12.199,1198,0.1789,2
9.6400,20.00,1.0851,-136174,7.1,0.6256,12.513,1189,0.2119,2
9.6600,20.00,1.0745,-134054,6.6,0.6407,12.815,1182,0.2437,2
9.6800,20.00,1.0332,-125800,6.1,0.6596,13.191,1175,0.2833,2
9.7000,20.00,1.0115,-121456,5.6,0.6813,13.627,1166,0.3291,2
9.7200,20.00,1.0061,-120392,5.1,0.7007,14.014,1156,0.3699,2
9.7400,20.00,1.0402,-127194,4.7,0.7139,14.279,1147,0.3978,2
9.7600,20.00,1.1125,-141655,4.2,0.7127,14.253,1141,0.3951,2
9.7800,20.00,1.1170,-142554,3.8,0.7090,14.180,1141,0.3874,2
9.8000,20.00,1.0656,-132276,3.3,0.7129,14.258,1143,0.3956,2
9.8200,20.00,1.0207,-123300,2.9,0.7216,14.433,1141,0.4140,2
9.8400,20.00,1.0867,-136489,2.4,0.7249,14.497,1137,0.4208,2
9.8600,20.00,1.2031,-159765,5.9,0.6994,13.988,1136,0.3671,2
9.8800,20.00,1.1872,-156596,5.4,0.6884,13.767,1147,0.3439,2
9.9000,20.00,1.1356,-146273,4.8,0.6942,13.884,1153,0.3562,2
9.9200,20.00,1.0279,-124738,4.5,0.7038,14.076,1150,0.3764,2
9.9400,20.00,1.0261,-124383,4.0,0.7142,14.284,1145,0.3983,2
9.9600,20.00,1.1009,-139334,3.5,0.7200,14.400,1141,0.4106,2
9.9800,20.00,1.1096,-141081,3.0,0.7206,14.411,1138,0.4117,2
10.0000,20.00,1.0248,-124127,2.6,0.7245,14.489,1138,0.4199,2
10.0200,20.00,0.9862,-116412,2.2,0.7374,14.747,1136,0.4471,2
10.0400,20.00,1.0380,-126760,1.7,0.7515,15.029,1130,0.4767,2
10.0600,20.00,1.1108,-141307,1.2,0.7480,14.960,1123,0.4695,2
10.0800,20.00,1.1240,-143959,4.7,0.7414,14.829,1125,0.4557,2
10.1000,20.00,1.0500,-129168,4.2,0.7435,14.871,1128,0.4601,2
10.1200,20.00,1.0957,-138303,3.8,0.7426,14.853,1127,0.4582,2
10.1400,20.00,1.0628,-131715,3.1,0.7456,14.912,1127,0.4644,2
10.1600,20.00,1.0880,-136757,2.8,0.7453,14.905,1126,0.4637,2
10.1800,20.00,1.0365,-126453,2.3,0.7552,15.104,1126,0.4846,2
10.2000,20.00,0.9879,-116738,1.8,0.7845,15.691,1122,0.5464,2
10.2200,20.00,0.9334,-105838,1.4,0.8308,16.616,1108,0.6438,2
10.2400,20.00,0.9864,-116448,1.0,0.8480,16.960,1086,0.6800,2
10.2600,20.00,1.0458,-128311,0.5,0.8454,16.907,1079,0.6745,2
10.2800,20.00,1.1561,-150370,0.1,0.8055,16.110,1080,0.5905,2
10.3000,20.00,1.2140,-161943,3.5,0.7686,15.373,1098,0.5129,2
10.3200,20.00,1.1770,-154549,3.0,0.7510,15.021,1115,0.4759,2
10.3400,20.00,1.0980,-138753,2.6,0.7542,15.083,1124,0.4825,2
10.3600,20.00,1.1066,-140484,1.9,0.7554,15.107,1122,0.4850,2
10.3800,20.00,1.1392,-146986,1.6,0.7507,15.014,1121,0.4751,2
10.4000,20.00,1.0775,-134655,1.0,0.7566,15.132,1124,0.4876,2
10.4200,20.00,0.9888,-116926,0.7,0.7810,15.620,1121,0.5389,2
10.4400,20.00,0.9815,-115468,0.2,0.8130,16.260,1110,0.6063,2
10.4600,20.00,0.9627,-111713,12.0,0.8440,16.881,1095,0.6717,2
10.4800,20.00,1.0096,-121090,11.5,0.8555,17.109,1080,0.6957,2
10.5000,20.00,0.9628,-111715,10.9,0.8731,17.462,1075,0.7328,2
10.5200,20.01,1.0376,-126675,2.4,0.8687,17.375,1067,0.7237,2
10.5400,19.99,1.0317,-125499,1.9,0.8670,17.340,1069,0.7200,2
10.5600,20.00,1.0914,-137446,1.4,0.8550,17.101,1070,0.6948,2
10.5800,20.00,1.1693,-153017,0.9,0.8177,16.353,1075,0.6161,2
10.6000,20.00,1.1856,-156263,0.5,0.7924,15.849,1093,0.5630,2
10.6200,20.00,1.1697,-153100,8.3,0.7792,15.584,1104,0.5352,2
10.6400,20.00,1.1074,-140634,7.9,0.7815,15.630,1111,0.5400,2
10.6600,20.00,1.0744,-134042,11.3,0.7859,15.718,1109,0.5493,2
10.6800,20.00,1.0385,-126860,10.8,0.7978,15.956,1107,0.5743,2
10.7000,20.00,1.0349,-126141,10.4,0.8101,16.201,1102,0.6001,2
10.7200,20.00,0.9705,-113274,9.9,0.8352,16.705,1096,0.6531,2
10.7400,20.00,0.9750,-114166,9.4,0.8532,17.064,1085,0.6910,2
10.7600,20.00,0.9948,-118123,0.7,0.8630,17.260,1076,0.7116,2
10.7800,20.00,1.0322,-125595,0.2,0.8618,17.235,1072,0.7090,2
10.8000,20.00,1.0336,-125873,8.0,0.8611,17.221,1072,0.7075,2
10.8200,20.00,1.0060,-120353,7.6,0.8670,17.340,1072,0.7200,2
10.8400,20.00,0.9445,-108070,7.1,0.8818,17.636,1070,0.7512,2
10.8600,20.00,0.9217,-103506,6.7,0.8951,17.902,1063,0.7792,2
10.8800,20.00,0.9773,-114627,10.1,0.8984,17.968,1057,0.7861,2
10.9000,20.00,1.1183,-142822,9.7,0.8752,17.504,1055,0.7372,2
10.9200,20.00,1.2351,-166179,9.1,0.8035,16.070,1066,0.5863,2
10.9400,20.00,1.2545,-170042,8.7,0.7750,15.501,1099,0.5264,2
10.9600,20.00,1.2323,-165610,8.2,0.7568,15.137,1112,0.4881,2
10.9800,20.00,1.2172,-162593,7.6,0.7446,14.893,1121,0.4624,2
11.0000,20.00,1.1383,-146808,7.2,0.7482,14.963,1127,0.4698,2
11.0200,20.00,1.2632,-171789,6.9,0.7300,14.600,1125,0.4315,2
11.0400,20.00,1.3919,-197517,6.4,0.6327,12.654,1133,0.2267,2
11.0600,20.00,1.3163,-182412,5.9,0.6391,12.782,1179,0.2402,2
11.0800,20.00,1.1377,-146687,5.4,0.6927,13.855,1176,0.3531,2
11.1000,20.00,1.0454,-128231,8.9,0.7191,14.381,1151,0.4086,2
11.1200,20.00,1.1443,-148012,8.5,0.7253,14.505,1138,0.4216,2
11.1400,20.00,1.2515,-169450,8.0,0.7114,14.228,1135,0.3924,2
11.1600,20.00,1.2184,-162823,7.5,0.7074,14.147,1142,0.3839,2
11.1800,20.00,1.1266,-144474,7.1,0.7192,14.384,1144,0.4088,2
11.2000,20.00,1.1091,-140969,6.6,0.7282,14.564,1138,0.4278,2
11.2200,20.00,1.1958,-158313,6.1,0.7194,14.388,1134,0.4093,2
11.2400,20.00,1.2694,-173028,5.7,0.7025,14.049,1138,0.3736,2
11.2600,20.00,1.2921,-177569,5.2,0.6804,13.608,1146,0.3272,2
11.2800,20.00,1.2473,-168602,4.8,0.6767,13.533,1156,0.3193,2
11.3000,20.00,1.2346,-166075,4.4,0.6733,13.466,1158,0.3122,2
11.3200,20.00,1.2616,-171472,7.6,0.6568,13.136,1159,0.2775,2
11.3400,20.00,1.2541,-169972,7.3,0.6454,12.908,1167,0.2535,2
11.3600,20.00,1.2627,-171681,6.8,0.6304,12.608,1172,0.2219,2
11.3800,20.00,0.4040,-1,6.4,0.7857,15.714,1179,0.5488,2
11.4000,20.00,0.4040,-1,5.9,0.8775,17.550,1108,0.7421,2
11.4200,20.00,0.4040,-1,1.4,0.9147,18.293,1065,0.8203,2
11.4400,20.00,1.2978,-178710,1.0,0.7839,15.679,1048,0.5451,2
11.4600,20.00,1.4657,-212283,4.5,0.6024,12.048,1108,0.1630,2
11.4800,20.00,1.5873,-236589,4.1,0.4746,9.492,1192,-0.1061,2
11.5000,20.00,1.6078,-240687,3.5,0.4553,9.106,1252,-0.1468,2
11.5200,20.00,1.6220,-243535,3.2,0.3475,6.950,1261,-0.3736,2
11.5400,20.00,1.6429,-247708,6.6,0.2407,4.815,1311,-0.5985,2
11.5600,20.00,1.5576,-230655,6.2,0.2005,4.011,1360,-0.6831,2
11.5800,20.00,1.2906,-177269,5.7,0.2830,5.660,1379,-0.5094,2
11.6000,20.00,1.0683,-132822,5.2,0.4574,9.149,1341,-0.1422,2
11.6200,20.00,0.9872,-116608,4.8,0.5622,11.243,1260,0.0782,2
11.6400,20.00,0.9546,-110093,4.2,0.6264,12.527,1211,0.2134,2
11.6600,20.00,0.9041,-99986,3.8,0.6805,13.611,1181,0.3275,2
11.6800,20.00,0.9471,-108582,3.4,0.7129,14.258,1156,0.3955,2
11.7000,20.00,1.0643,-132021,2.9,0.7242,14.484,1141,0.4194,2
11.7200,20.00,1.1298,-145109,2.5,0.7276,14.551,1136,0.4264,2
11.7400,20.00,1.1615,-151455,2.0,0.7210,14.420,1134,0.4126,2
11.7600,20.00,1.1539,-149934,5.5,0.7175,14.349,1137,0.4052,2
11.7800,20.00,1.1237,-143904,5.0,0.7185,14.371,1139,0.4075,2
11.8000,20.00,1.1606,-151269,4.5,0.7133,14.267,1139,0.3965,2
11.8200,20.00,1.2339,-165927,4.1,0.6927,13.855,1141,0.3531,2
11.8400,20.00,1.2913,-177407,3.6,0.6590,13.180,1151,0.2821,2
11.8600,20.00,1.3037,-179895,3.1,0.6262,12.524,1166,0.2130,2
11.8800,20.00,1.2433,-167810,2.6,0.6235,12.471,1182,0.2074,2
11.9000,20.00,1.2413,-167405,2.2,0.6150,12.299,1183,0.1894,2
11.9200,20.00,1.2615,-171440,1.7,0.5967,11.934,1187,0.1509,2
11.9400,20.00,1.1818,-155510,1.3,0.6122,12.243,1195,0.1835,2
11.9600,20.00,1.1222,-143604,0.9,0.6332,12.664,1188,0.2278,2
11.9800,20.00,1.1237,-143898,4.3,0.6501,13.002,1178,0.2634,2
12.0000,20.00,1.0965,-138460,3.8,0.6635,13.271,1170,0.2916,2
12.0200,20.00,1.1094,-141041,3.4,0.6768,13.536,1164,0.3195,2
12.0400,20.00,1.0785,-134862,2.9,0.6868,13.737,1158,0.3407,2
12.0600,20.00,1.0243,-124025,2.4,0.7011,14.022,1153,0.3707,2
12.0800,20.00,0.9718,-113532,1.9,0.7204,14.407,1147,0.4113,2
12.1000,20.00,0.9514,-109444,1.5,0.7470,14.941,1138,0.4675,2
12.1200,20.01,0.9731,-113783,1.1,0.7802,15.605,1125,0.5374,2
12.1400,20.00,0.9664,-112454,0.6,0.8136,16.273,1110,0.6076,2
12.1600,20.00,0.9950,-118155,0.1,0.8311,16.622,1095,0.6444,2
12.1800,20.00,1.0052,-120194,11.8,0.8412,16.824,1086,0.6656,2
12.2000,20.00,1.0265,-124461,3.1,0.8427,16.854,1082,0.6688,2
12.2200,20.00,1.0864,-136429,2.6,0.8301,16.601,1081,0.6422,2
12.2400,20.00,1.1723,-153619,2.2,0.7847,15.695,1087,0.5468,2
12.2600,20.00,1.2230,-163744,1.7,0.7500,15.000,1108,0.4737,2
12.2800,20.00,1.2508,-169303,1.2,0.7265,14.530,1124,0.4242,2
12.3000,20.00,1.2168,-162505,0.8,0.7175,14.351,1135,0.4053,2
12.3200,20.00,1.0622,-131592,0.3,0.7317,14.634,1139,0.4351,2
12.3400,20.00,1.0663,-132415,12.1,0.7405,14.811,1133,0.4538,2
12.3600,20.00,1.0584,-130837,11.6,0.7476,14.952,1128,0.4687,2
12.3800,20.00,1.0548,-130127,11.2,0.7541,15.083,1125,0.4824,2
12.4000,20.00,0.9984,-118845,10.7,0.7764,15.529,1122,0.5294,2
12.4200,20.00,0.9475,-108674,2.0,0.8220,16.440,1112,0.6253,2
12.4400,20.00,1.0060,-120355,1.5,0.8370,16.740,1091,0.6569,2
12.4600,20.00,1.0207,-123307,1.0,0.8460,16.921,1084,0.6759,2
12.4800,20.00,1.0291,-124974,0.5,0.8515,17.029,1079,0.6873,2
12.5000,20.01,1.0193,-123028,0.1,0.8585,17.171,1077,0.7022,2
12.5200,20.00,1.0508,-129328,7.9,0.8565,17.131,1074,0.6980,2
12.5400,20.00,1.1769,-154529,11.4,0.8169,16.338,1075,0.6145,2
12.5600,20.00,1.2335,-165848,10.9,0.7834,15.668,1093,0.5440,2
12.5800,20.00,1.1923,-157617,10.5,0.7682,15.363,1108,0.5119,2
12.6000,20.00,1.1133,-141822,10.0,0.7709,15.418,1116,0.5177,2
12.6200,20.00,1.0887,-136899,9.5,0.7754,15.508,1114,0.5272,2
12.6400,20.00,1.0474,-128650,0.8,0.7842,15.685,1112,0.5457,2
12.6600,20.00,1.0271,-124579,0.4,0.8007,16.014,1108,0.5804,2
12.6800,20.00,1.0117,-121500,8.1,0.8182,16.365,1101,0.6174,2
12.7000,20.00,1.0067,-120495,7.7,0.8323,16.645,1092,0.6469,2
12.7200,20.00,1.0332,-125806,7.2,0.8376,16.752,1086,0.6581,2
12.7400,20.00,1.0358,-126327,6.7,0.8418,16.835,1083,0.6668,2
12.7600,20.00,1.0146,-122073,10.2,0.8492,16.983,1081,0.6824,2
12.7800,20.00,1.0516,-129476,9.8,0.8480,16.960,1078,0.6800,2
12.8000,20.00,1.1311,-145374,9.2,0.8281,16.561,1079,0.6380,2
12.8200,20.00,1.1161,-142380,8.8,0.8172,16.345,1088,0.6152,2
12.8400,20.00,1.1057,-140300,8.3,0.8097,16.194,1093,0.5994,2
12.8600,19.99,1.0792,-134995,7.9,0.8099,16.198,1096,0.5998,2
12.8800,20.00,1.0683,-132818,7.4,0.8124,16.248,1096,0.6051,2
12.9000,20.00,1.1130,-141750,6.9,0.8026,16.053,1095,0.5845,2
12.9200,20.00,1.0949,-138144,6.5,0.8000,16.000,1100,0.5789,2
12.9400,20.00,1.0238,-123917,6.0,0.8135,16.271,1101,0.6074,2
12.9600,20.01,1.0095,-121058,5.6,0.8280,16.560,1095,0.6379,2
12.9800,19.99,1.0176,-122686,5.1,0.8369,16.737,1088,0.6566,2
13.0000,20.00,1.0507,-129307,8.6,0.8386,16.772,1084,0.6602,2
13.0200,20.00,1.0697,-133089,8.1,0.8358,16.717,1083,0.6544,2
13.0400,20.00,1.0767,-134503,7.6,0.8316,16.633,1084,0.6456,2
13.0600,20.00,1.0453,-128213,7.1,0.8333,16.667,1086,0.6491,2
13.0800,20.00,1.0320,-125559,6.7,0.8380,16.760,1085,0.6590,2
13.1000,20.00,1.0770,-134564,6.2,0.8345,16.691,1083,0.6517,2
13.1200,20.00,1.0925,-137650,5.8,0.8279,16.559,1085,0.6378,2
13.1400,20.00,1.0792,-135005,5.3,0.8241,16.482,1088,0.6297,2
13.1600,20.00,1.0861,-136375,4.9,0.8202,16.404,1090,0.6215,2
13.1800,20.00,1.1022,-139601,4.4,0.8129,16.259,1092,0.6062,2
13.2000,20.00,1.0894,-137034,3.9,0.8097,16.195,1095,0.5995,2
13.2200,20.00,1.0818,-135510,7.4,0.8088,16.177,1096,0.5976,2
13.2400,20.00,1.1185,-142858,6.9,0.7987,15.974,1097,0.5762,2
13.2600,20.00,1.0580,-130768,6.4,0.8051,16.102,1101,0.5897,2
13.2800,20.00,1.0831,-135774,5.9,0.8055,16.111,1098,0.5906,2
13.3000,20.00,1.0086,-120892,5.5,0.8214,16.429,1098,0.6241,2
13.3200,20.00,1.0685,-132852,5.0,0.8228,16.455,1091,0.6269,2
13.3400,20.00,1.0943,-138010,4.6,0.8178,16.355,1090,0.6163,2
13.3600,20.00,1.0725,-133650,4.2,0.8179,16.357,1092,0.6166,2
13.3800,20.00,1.0487,-128901,3.7,0.8217,16.434,1092,0.6246,2
13.4000,20.00,1.0594,-131037,3.2,0.8237,16.475,1091,0.6289,2
13.4200,20.00,1.0802,-135193,2.8,0.8218,16.437,1090,0.6249,2
13.4400,20.00,1.0982,-138799,6.2,0.8157,16.313,1091,0.6119,2
13.4600,20.00,1.1262,-144401,5.8,0.8009,16.017,1094,0.5808,2
13.4800,20.00,1.1473,-148618,5.3,0.7877,15.754,1100,0.5531,2
13.5000,20.00,1.1514,-149444,4.8,0.7794,15.589,1107,0.5357,2
13.5200,20.00,1.1121,-141577,4.4,0.7804,15.609,1110,0.5378,2
13.5400,20.00,1.1067,-140499,3.9,0.7808,15.617,1110,0.5386,2
13.5600,20.00,1.1138,-141912,3.3,0.7803,15.605,1110,0.5374,2
13.5800,20.00,1.1030,-139761,3.0,0.7808,15.616,1110,0.5385,2
13.6000,20.00,1.1040,-139967,2.5,0.7815,15.629,1110,0.5399,2
13.6200,20.00,1.0866,-136478,2.1,0.7830,15.660,1109,0.5432,2
13.6400,20.00,1.0940,-137953,1.6,0.7846,15.693,1109,0.5466,2
13.6600,20.00,1.1449,-148140,5.1,0.7786,15.571,1108,0.5338,2
13.6800,20.00,1.1512,-149399,4.4,0.7724,15.448,1111,0.5208,2
13.7000,20.00,1.1037,-139891,4.2,0.7757,15.514,1114,0.5278,2
13.7200,20.00,1.1186,-142870,3.7,0.7754,15.508,1112,0.5272,2
13.7400,20.00,1.0869,-136530,3.2,0.7777,15.554,1112,0.5320,2
13.7600,20.00,1.1397,-147095,2.7,0.7744,15.488,1111,0.5251,2
13.7800,20.00,1.1310,-145357,2.2,0.7727,15.454,1113,0.5215,2
13.8000,20.00,1.1163,-142419,1.8,0.7736,15.471,1114,0.5233,2
13.8200,20.00,1.0965,-138465,1.4,0.7760,15.520,1113,0.5284,2
13.8400,20.00,1.1134,-141845,0.9,0.7769,15.539,1112,0.5304,2
13.8600,20.00,1.1619,-151539,0.5,0.7684,15.369,1111,0.5125,2
13.8800,20.00,1.1594,-151041,3.9,0.7622,15.244,1115,0.4994,2
13.9000,20.00,1.1232,-143801,3.4,0.7650,15.299,1118,0.5052,2
13.9200,20.00,1.1064,-140430,3.0,0.7692,15.383,1117,0.5140,2
13.9400,20.00,1.1648,-152110,2.5,0.7615,15.230,1115,0.4979,2
13.9600,20.00,1.2256,-164272,2.0,0.7483,14.967,1119,0.4702,2
13.9800,20.00,1.2321,-165570,1.5,0.7391,14.783,1125,0.4508,2
14.0000,20.00,1.1688,-152910,1.1,0.7396,14.792,1129,0.4518,2
14.0200,20.00,1.1659,-152333,0.6,0.7395,14.791,1129,0.4517,2
14.0400,20.00,1.1652,-152184,0.2,0.7394,14.787,1129,0.4513,2
14.0600,20.00,1.2096,-161074,11.9,0.7341,14.682,1129,0.4402,2
14.0800,20.00,1.1833,-155810,11.4,0.7324,14.649,1131,0.4367,2
14.1000,20.00,1.1621,-151568,2.8,0.7340,14.680,1132,0.4400,2
14.1200,20.00,1.1409,-147345,2.2,0.7388,14.776,1131,0.4501,2
14.1400,20.00,1.1463,-148419,1.8,0.7404,14.807,1129,0.4534,2
14.1600,20.00,1.1293,-145023,1.3,0.7448,14.897,1128,0.4628,2
14.1800,20.00,1.1636,-151883,0.8,0.7412,14.824,1126,0.4552,2
14.2000,20.00,1.1713,-153414,0.4,0.7391,14.781,1128,0.4507,2
14.2200,20.00,1.1719,-153541,12.2,0.7374,14.749,1129,0.4473,2
14.2400,20.00,1.1871,-156571,11.7,0.7342,14.684,1130,0.4404,2
14.2600,20.00,1.1735,-153858,11.2,0.7333,14.665,1131,0.4384,2
14.2800,20.00,1.1457,-148301,10.8,0.7372,14.745,1132,0.4468,2
14.3000,20.00,1.1532,-149790,10.2,0.7376,14.753,1130,0.4476,2
14.3200,20.00,1.2050,-160158,1.6,0.7312,14.624,1130,0.4341,2
14.3400,20.00,1.2195,-163059,1.1,0.7245,14.490,1133,0.4200,2
14.3600,20.00,1.1832,-155787,0.6,0.7237,14.473,1136,0.4182,2
14.3800,20.00,1.1414,-147428,0.1,0.7300,14.600,1136,0.4316,2
14.4000,20.00,1.1622,-151585,8.0,0.7291,14.582,1133,0.4297,2
14.4200,20.00,1.1928,-157710,7.6,0.7250,14.500,1134,0.4211,2
14.4400,20.00,1.2125,-161655,11.0,0.7195,14.391,1136,0.4096,2
14.4600,20.00,1.2380,-166760,10.5,0.7113,14.226,1138,0.3922,2
14.4800,20.00,1.2399,-167136,10.0,0.7043,14.086,1142,0.3775,2
14.5000,20.00,1.2354,-166222,9.6,0.6989,13.977,1145,0.3660,2
14.5200,20.00,1.2375,-166658,9.1,0.6928,13.856,1148,0.3532,2
14.5400,20.00,1.2094,-161031,0.4,0.6930,13.860,1150,0.3537,2
14.5600,20.00,1.2281,-164776,8.2,0.6884,13.768,1150,0.3440,2
14.5800,20.00,1.2483,-168814,7.7,0.6761,13.522,1153,0.3181,2
14.6000,20.00,1.2092,-161000,7.3,0.6795,13.589,1158,0.3252,2
14.6200,20.00,1.1865,-156462,6.8,0.6848,13.696,1157,0.3364,2
14.6400,20.00,1.1654,-152240,6.4,0.6917,13.834,1154,0.3510,2
14.6600,20.01,1.1547,-150088,9.8,0.6973,13.947,1151,0.3628,2
14.6800,20.00,1.1590,-150945,9.3,0.6999,13.997,1148,0.3681,2
14.7000,20.00,1.1617,-151488,8.9,0.7014,14.027,1147,0.3713,2
14.7200,20.00,1.1924,-157623,8.4,0.6967,13.933,1147,0.3614,2
14.7400,20.00,1.2029,-159723,7.9,0.6917,13.834,1149,0.3509,2
14.7600,20.00,1.1998,-159122,7.4,0.6882,13.763,1151,0.3435,2
14.7800,20.00,1.1814,-155435,7.0,0.6894,13.787,1153,0.3460,2
14.8000,20.00,1.2151,-162169,6.6,0.6810,13.620,1152,0.3285,2
14.8200,20.00,1.2526,-169669,6.1,0.6648,13.297,1156,0.2944,2
14.8400,20.00,1.2336,-165865,5.5,0.6574,13.149,1163,0.2788,2
14.8600,20.00,1.2040,-159956,5.1,0.6599,13.198,1167,0.2840,2
14.8800,20.00,1.2144,-162024,8.5,0.6567,13.133,1166,0.2772,2
14.9000,20.00,1.2229,-163722,8.1,0.6502,13.005,1167,0.2636,2
14.9200,20.00,1.2091,-160969,7.6,0.6499,12.998,1170,0.2630,2
14.9400,20.00,1.2073,-160602,7.2,0.6485,12.971,1170,0.2601,2
14.9600,20.00,1.2085,-160853,6.8,0.6463,12.925,1171,0.2553,2
14.9800,20.00,1.2216,-163463,6.1,0.6386,12.771,1172,0.2391,2
15.0000,20.00,1.2244,-164025,5.8,0.6302,12.604,1176,0.2215,2
15.0200,20.00,1.2388,-166902,5.4,0.6167,12.335,1180,0.1931,2
15.0400,20.00,1.1962,-158401,4.9,0.6230,12.460,1186,0.2063,2
15.0600,20.00,1.1822,-155586,4.5,0.6335,12.670,1183,0.2284,2
15.0800,20.00,1.2013,-159420,4.0,0.6304,12.608,1178,0.2219,2
15.1000,20.00,1.2288,-164911,7.5,0.6172,12.344,1179,0.1941,2
15.1200,20.00,1.1798,-155123,7.0,0.6291,12.583,1186,0.2192,2
15.1400,20.00,1.1549,-150132,6.5,0.6407,12.813,1180,0.2435,2
15.1600,20.00,1.1663,-152412,6.0,0.6444,12.889,1175,0.2515,2
15.1800,20.00,1.1784,-154837,5.5,0.6434,12.869,1173,0.2494,2
15.2000,20.00,1.1704,-153224,5.1,0.6457,12.914,1173,0.2541,2
15.2200,20.00,1.1827,-155685,4.6,0.6432,12.864,1172,0.2488,2
15.2400,20.00,1.2158,-162321,4.2,0.6315,12.631,1174,0.2243,2
15.2600,20.00,1.2553,-170209,3.8,0.6070,12.139,1179,0.1726,2
15.2800,20.00,1.2552,-170184,3.3,0.5870,11.739,1190,0.1305,2
15.3000,20.00,1.2557,-170285,2.9,0.5706,11.413,1200,0.0961,2
15.3200,20.00,1.2406,-167273,6.4,0.5635,11.269,1207,0.0810,2
15.3400,20.00,1.2316,-165464,5.9,0.5596,11.193,1211,0.0729,2
15.3600,20.00,1.2178,-162709,5.4,0.5609,11.218,1212,0.0755,2
15.3800,20.00,1.2111,-161371,4.9,0.5633,11.265,1212,0.0806,2
15.4000,20.00,1.1890,-156960,4.5,0.5722,11.443,1211,0.0993,2
15.4200,20.00,1.1534,-149842,4.0,0.5877,11.754,1207,0.1320,2
15.4400,20.00,1.1414,-147444,3.5,0.6015,12.029,1199,0.1610,2
15.4600,20.00,1.1334,-145845,3.1,0.6139,12.279,1193,0.1872,2
15.4800,20.00,1.1388,-146925,2.6,0.6230,12.460,1187,0.2063,2
15.5000,20.00,1.1485,-148848,2.2,0.6284,12.567,1183,0.2176,2
15.5200,20.00,1.1819,-155534,1.7,0.6221,12.442,1180,0.2044,2
15.5400,20.00,1.2066,-160470,5.2,0.6088,12.175,1183,0.1763,2
15.5600,20.00,1.2224,-163636,4.7,0.5938,11.877,1189,0.1449,2
15.5800,20.00,1.2036,-159877,4.2,0.5909,11.819,1196,0.1388,2
15.6000,20.00,1.2200,-163156,3.8,0.5784,11.569,1198,0.1125,2
15.6200,20.00,1.2707,-173288,3.2,0.5457,10.915,1204,0.0437,2
15.6400,20.00,1.2759,-174337,2.8,0.5181,10.362,1219,-0.0145,2
15.6600,20.00,1.2720,-173557,2.4,0.5012,10.023,1232,-0.0502,2
15.6800,20.00,1.2370,-166541,1.7,0.5016,10.033,1240,-0.0492,2
15.7000,20.00,1.2182,-162784,1.4,0.5061,10.123,1239,-0.0397,2
15.7200,20.00,1.1555,-150258,1.0,0.5295,10.589,1237,0.0094,2
15.7400,20.00,1.1186,-142870,0.5,0.5556,11.112,1226,0.0644,2
15.7600,20.00,1.1378,-146711,4.0,0.5695,11.390,1214,0.0936,2
15.7800,19.99,1.1298,-145123,3.5,0.5798,11.596,1208,0.1153,2
15.8000,20.00,1.1196,-143075,3.1,0.5902,11.804,1203,0.1372,2
15.8200,20.00,1.1373,-146607,2.6,0.5972,11.945,1198,0.1521,2
15.8400,20.00,1.1957,-158302,2.1,0.5872,11.745,1195,0.1310,2
15.8600,20.00,1.1973,-158610,1.6,0.5791,11.583,1200,0.1140,2
15.8800,20.00,1.1752,-154198,1.2,0.5786,11.572,1203,0.1128,2
15.9000,20.00,1.1858,-156312,0.8,0.5753,11.505,1204,0.1058,2
15.9200,20.00,1.2225,-163653,0.2,0.5575,11.151,1205,0.0685,2
15.9400,20.00,1.2380,-166760,12.0,0.5377,10.754,1213,0.0267,2
15.9600,20.00,1.2632,-171785,11.5,0.5087,10.174,1223,-0.0344,2
15.9800,20.00,1.2378,-166703,2.8,0.5029,10.059,1236,-0.0464,2
16.0000,20.00,1.2015,-159452,2.4,0.5094,10.187,1239,-0.0329,2
16.0200,20.00,1.1944,-158030,1.9,0.5140,10.280,1236,-0.0232,2
16.0400,20.00,1.2087,-160897,1.4,0.5108,10.215,1234,-0.0300,2
16.0600,20.00,1.1657,-152284,0.9,0.5231,10.461,1235,-0.0041,2
16.0800,20.01,1.1643,-152016,0.5,0.5307,10.615,1229,0.0121,2
16.1000,20.00,1.1864,-156430,0.0,0.5291,10.582,1226,0.0086,2
16.1200,20.00,1.2004,-159229,11.8,0.5228,10.456,1227,-0.0047,2
16.1400,20.00,1.1764,-154425,11.3,0.5264,10.528,1229,0.0030,2
16.1600,20.00,1.1340,-145964,10.9,0.5410,10.821,1228,0.0338,2
16.1800,20.00,1.1225,-143658,10.4,0.5514,11.028,1221,0.0555,2
16.2000,20.00,1.1201,-143180,1.6,0.5591,11.182,1216,0.0718,2
16.2200,20.00,1.1070,-140561,1.2,0.5691,11.382,1213,0.0928,2
16.2400,20.00,1.1566,-150471,0.7,0.5685,11.370,1208,0.0916,2
16.2600,20.00,1.2570,-170554,0.2,0.5346,10.692,1208,0.0202,2
16.2800,20.00,1.2868,-176510,8.1,0.4942,9.884,1224,-0.0649,2
16.3000,20.00,1.2336,-165869,7.7,0.4931,9.862,1243,-0.0672,2
16.3200,20.00,1.1471,-148575,11.1,0.5178,10.356,1243,-0.0151,2
16.3400,20.00,1.1574,-150639,10.6,0.5240,10.479,1232,-0.0022,2
16.3600,20.00,1.1550,-150151,10.1,0.5297,10.595,1229,0.0100,2
16.3800,20.00,1.1561,-150368,9.7,0.5340,10.680,1226,0.0189,2
16.4000,20.00,1.1939,-157939,9.2,0.5261,10.523,1224,0.0024,2
16.4200,20.00,1.1936,-157865,0.5,0.5196,10.391,1228,-0.0115,2
16.4400,20.00,1.1702,-153188,0.0,0.5217,10.433,1231,-0.0070,2
16.4600,20.00,1.1745,-154047,7.8,0.5214,10.429,1230,-0.0075,2
16.4800,20.00,1.1891,-156980,7.4,0.5165,10.329,1230,-0.0180,2
16.5000,20.00,1.1898,-157109,6.9,0.5132,10.264,1232,-0.0248,2
16.5200,20.01,1.1755,-154261,6.5,0.5151,10.303,1234,-0.0208,2
16.5400,20.00,1.1709,-153336,9.9,0.5165,10.330,1233,-0.0179,2
16.5600,20.00,1.1527,-149691,9.4,0.5216,10.431,1232,-0.0072,2
16.5800,20.00,1.1017,-139489,9.0,0.5355,10.710,1230,0.0221,2
16.6000,20.00,1.1230,-143764,8.5,0.5423,10.846,1224,0.0364,2
16.6200,20.00,1.1225,-143663,8.0,0.5479,10.958,1220,0.0482,2
16.6400,20.00,1.1363,-146406,7.5,0.5497,10.993,1218,0.0519,2
16.6600,20.00,1.1536,-149877,7.1,0.5482,10.964,1217,0.0488,2
16.6800,20.00,1.0899,-137147,6.7,0.5607,11.214,1218,0.0752,2
16.7000,20.00,1.0114,-121445,6.2,0.5943,11.886,1212,0.1459,2
16.7200,20.00,1.0442,-127998,5.7,0.6081,12.162,1196,0.1749,2
16.7400,20.00,1.1244,-144039,5.2,0.6081,12.162,1190,0.1749,2
16.7600,20.00,1.1689,-152934,8.8,0.5961,11.922,1190,0.1497,2
16.7800,20.00,1.1941,-157974,8.2,0.5739,11.478,1195,0.1029,2
16.8000,20.00,1.1735,-153861,7.8,0.5653,11.306,1206,0.0848,2
16.8200,20.00,1.1403,-147211,7.3,0.5654,11.307,1210,0.0850,2
16.8400,20.00,1.1200,-143150,6.8,0.5705,11.410,1210,0.0958,2
16.8600,20.00,1.1523,-149607,6.4,0.5677,11.355,1207,0.0900,2
16.8800,20.00,1.1592,-150991,5.9,0.5637,11.273,1209,0.0814,2
16.9000,20.00,1.1184,-142845,5.4,0.5692,11.385,1211,0.0931,2
16.9200,20.00,1.1037,-139906,5.0,0.5787,11.573,1208,0.1130,2
16.9400,20.00,1.1064,-140444,4.6,0.5861,11.722,1204,0.1286,2
16.9600,20.00,1.1089,-140938,4.1,0.5913,11.827,1200,0.1397,2
16.9800,20.00,1.1601,-151181,7.6,0.5858,11.715,1198,0.1279,2
17.0000,20.00,1.1354,-146226,7.1,0.5854,11.708,1200,0.1272,2
17.0200,20.00,1.1033,-139826,6.6,0.5911,11.821,1200,0.1391,2
17.0400,20.00,1.0759,-134344,6.1,0.6010,12.020,1198,0.1600,2
17.0600,20.00,1.0821,-135588,5.7,0.6096,12.192,1193,0.1781,2
17.0800,20.00,1.0839,-135933,5.2,0.6173,12.347,1189,0.1944,2
17.1000,20.00,1.0844,-136040,4.7,0.6244,12.488,1185,0.2093,2
17.1200,20.00,1.0971,-138572,4.3,0.6286,12.572,1182,0.2181,2
17.1400,20.00,1.0828,-135722,3.8,0.6347,12.694,1180,0.2309,2
17.1600,20.00,1.0796,-135085,3.3,0.6418,12.835,1178,0.2458,2
17.1800,20.00,1.1146,-142082,3.0,0.6412,12.825,1174,0.2447,2
17.2000,20.00,1.1139,-141939,6.3,0.6391,12.783,1175,0.2403,2
17.2200,20.00,1.0685,-132856,6.0,0.6462,12.924,1176,0.2551,2
17.2400,20.00,1.0981,-138778,5.5,0.6492,12.984,1172,0.2615,2
17.2600,20.00,1.1567,-150492,5.0,0.6417,12.835,1171,0.2458,2
17.2800,20.00,1.1569,-150528,4.5,0.6336,12.671,1174,0.2285,2
17.3000,20.00,1.1509,-149330,4.1,0.6283,12.566,1178,0.2175,2
17.3200,20.00,1.1287,-144888,3.6,0.6259,12.517,1180,0.2123,2
17.3400,20.00,1.1286,-144878,3.2,0.6254,12.509,1182,0.2115,2
17.3600,20.00,1.1301,-145181,2.7,0.6257,12.513,1182,0.2119,2
17.3800,20.00,1.1146,-142076,2.2,0.6269,12.538,1182,0.2145,2
17.4000,20.00,1.0952,-138206,1.8,0.6322,12.644,1181,0.2256,2
17.4200,20.00,1.0850,-136162,5.1,0.6399,12.797,1179,0.2418,2
17.4400,20.00,1.0981,-138779,4.8,0.6452,12.903,1175,0.2530,2
17.4600,20.00,1.1145,-142059,4.3,0.6478,12.956,1173,0.2586,2
17.4800,20.00,1.1362,-146394,3.8,0.6482,12.964,1171,0.2594,2
17.5000,20.00,1.0687,-132892,3.4,0.6543,13.085,1171,0.2721,2
17.5200,20.00,1.0546,-130073,2.9,0.6653,13.307,1168,0.2954,2
17.5400,20.00,1.0445,-128061,2.4,0.6785,13.569,1163,0.3231,2
17.5600,20.00,1.0627,-131698,2.0,0.6873,13.746,1157,0.3416,2
17.5800,20.00,1.0985,-138860,1.5,0.6889,13.777,1153,0.3450,2
17.6000,20.00,1.0869,-136539,1.1,0.6904,13.807,1152,0.3481,2
17.6200,20.00,1.0272,-124605,0.6,0.7006,14.013,1152,0.3698,2
17.6400,20.00,1.0157,-122309,4.1,0.7131,14.261,1147,0.3959,2
17.6600,20.00,1.0396,-127084,3.6,0.7224,14.448,1141,0.4156,2
17.6800,20.00,1.1037,-139904,3.2,0.7169,14.338,1137,0.4040,2
17.7000,20.00,1.1041,-139977,2.7,0.7131,14.262,1139,0.3960,2
17.7200,20.00,1.1130,-141765,2.2,0.7091,14.182,1141,0.3875,2
17.7400,20.00,1.1462,-148386,1.7,0.7001,14.003,1143,0.3687,2
17.7600,20.00,1.1881,-156771,1.2,0.6808,13.616,1147,0.3280,2
17.7800,20.00,1.1630,-151747,0.8,0.6783,13.566,1156,0.3227,2
17.8000,20.00,1.1816,-155472,0.4,0.6679,13.358,1157,0.3008,2
17.8200,20.00,1.1785,-154857,12.1,0.6617,13.233,1162,0.2877,2
17.8400,20.00,1.1449,-148143,11.6,0.6659,13.319,1165,0.2967,2
17.8600,20.00,1.1703,-153223,2.9,0.6590,13.180,1163,0.2821,2
17.8800,20.00,1.1608,-151317,2.4,0.6576,13.151,1166,0.2791,2
17.9000,20.00,1.1383,-146815,2.0,0.6626,13.252,1167,0.2897,2
17.9200,20.00,1.1154,-142236,1.5,0.6677,13.354,1165,0.3004,2
17.9400,20.00,1.0676,-132681,1.0,0.6746,13.492,1162,0.3150,2
17.9600,20.00,1.0546,-130075,0.5,0.6859,13.718,1159,0.3388,2
17.9800,20.00,1.0485,-128854,0.1,0.6982,13.965,1154,0.3647,2
18.0000,20.00,1.0572,-130595,11.9,0.7076,14.152,1148,0.3844,2
18.0200,20.00,1.0654,-132231,11.4,0.7145,14.290,1144,0.3990,2
18.0400,20.00,1.0396,-127073,10.9,0.7219,14.437,1140,0.4145,2
18.0600,20.00,1.0406,-127276,10.4,0.7299,14.598,1137,0.4314,2
18.0800,20.00,1.0433,-127813,1.7,0.7374,14.748,1133,0.4471,2
18.1000,20.00,1.0541,-129985,1.3,0.7431,14.863,1130,0.4593,2
18.1200,20.00,1.0671,-132580,0.8,0.7449,14.898,1127,0.4629,2
18.1400,20.00,1.0777,-134690,0.4,0.7446,14.892,1126,0.4623,2
18.1600,20.00,1.0780,-134766,8.2,0.7441,14.882,1127,0.4613,2
18.1800,20.00,1.1352,-146190,7.7,0.7382,14.765,1127,0.4489,2
18.2000,20.00,1.1791,-154972,11.2,0.7238,14.476,1130,0.4185,2
18.2200,20.00,1.1852,-156197,10.7,0.7132,14.264,1136,0.3963,2
18.2400,20.00,1.1431,-147773,10.2,0.7151,14.303,1141,0.4003,2
18.2600,20.00,1.1544,-150044,9.8,0.7117,14.235,1140,0.3931,2
18.2800,20.00,1.1345,-146065,9.2,0.7134,14.268,1142,0.3966,2
18.3000,20.00,1.1119,-141535,0.6,0.7150,14.300,1141,0.4000,2
18.3200,20.00,1.0855,-136253,0.1,0.7190,14.381,1140,0.4085,2
18.3400,20.00,1.0655,-132251,7.9,0.7250,14.500,1138,0.4211,2
18.3600,20.00,1.0983,-138809,7.5,0.7275,14.551,1136,0.4264,2
18.3800,20.00,1.0713,-133416,7.0,0.7328,14.657,1134,0.4375,2
18.4000,20.00,1.0663,-132422,6.6,0.7383,14.767,1132,0.4491,2
18.4200,20.00,1.0603,-131227,10.0,0.7440,14.880,1129,0.4610,2
18.4400,20.00,1.0921,-137577,9.5,0.7447,14.894,1127,0.4626,2
18.4600,20.00,1.0880,-136757,9.1,0.7463,14.926,1127,0.4659,2
18.4800,20.00,1.1031,-139768,8.6,0.7464,14.928,1126,0.4661,2
18.5000,20.00,1.1016,-139476,8.1,0.7468,14.935,1126,0.4669,2
18.5200,20.00,1.0364,-126447,7.6,0.7556,15.111,1125,0.4854,2
18.5400,20.00,1.0829,-135734,7.2,0.7595,15.191,1121,0.4938,2
18.5600,20.00,1.0863,-136412,6.7,0.7617,15.234,1120,0.4984,2
18.5800,20.00,1.0750,-134155,6.2,0.7648,15.297,1119,0.5049,2
18.6000,20.00,1.0671,-132579,5.9,0.7706,15.412,1117,0.5170,2
18.6200,20.00,1.1166,-142476,5.4,0.7681,15.363,1114,0.5119,2
18.6400,20.00,1.0813,-135419,8.8,0.7695,15.391,1116,0.5148,2
18.6600,20.00,1.1232,-143789,8.4,0.7669,15.337,1115,0.5092,2
18.6800,19.99,1.1111,-141379,7.9,0.7654,15.308,1116,0.5061,2
18.7000,20.00,1.1214,-143427,7.4,0.7631,15.262,1117,0.5012,2
18.7200,20.00,1.0840,-135963,6.9,0.7660,15.320,1118,0.5074,2
18.7400,20.01,1.0415,-127467,6.5,0.7765,15.530,1117,0.5294,2
18.7600,19.98,1.0602,-131197,6.0,0.7854,15.708,1112,0.5482,2
18.7800,20.00,1.0866,-136475,5.5,0.7897,15.794,1108,0.5572,2
18.8000,20.00,1.0990,-138953,5.1,0.7896,15.793,1106,0.5571,2
18.8200,20.00,1.0867,-136499,4.7,0.7917,15.834,1106,0.5614,2
18.8400,20.00,1.0692,-133008,4.2,0.7980,15.960,1105,0.5748,2
18.8600,20.00,1.0683,-132818,7.7,0.8056,16.112,1102,0.5908,2
18.8800,20.00,1.0816,-135473,7.2,0.8076,16.152,1098,0.5949,2
18.9000,20.00,1.1087,-140901,6.7,0.8009,16.018,1097,0.5808,2
18.9200,20.00,1.0642,-131996,6.2,0.8057,16.114,1100,0.5910,2
18.9400,20.00,1.0383,-126826,5.8,0.8153,16.306,1098,0.6111,2
18.9600,20.00,1.0535,-129861,5.3,0.8204,16.408,1094,0.6219,2
18.9800,20.00,1.0848,-136116,4.8,0.8184,16.369,1091,0.6178,2
19.0000,19.99,1.0837,-135903,4.4,0.8162,16.323,1092,0.6130,2
19.0200,20.00,1.1095,-141048,4.0,0.8064,16.129,1093,0.5925,2
19.0400,20.05,1.0674,-132641,3.6,0.8098,16.196,1098,0.5996,2
19.0600,19.96,1.0743,-134016,3.1,0.8113,16.226,1096,0.6027,2
19.0800,20.00,1.0321,-125579,6.4,0.8203,16.407,1095,0.6217,2
19.1000,20.00,1.0751,-134182,6.0,0.8207,16.414,1091,0.6225,2
19.1200,20.00,1.1635,-151847,5.6,0.7947,15.893,1091,0.5677,2
19.1400,20.00,1.1946,-158078,5.1,0.7767,15.534,1103,0.5299,2
19.1600,20.00,1.1553,-150222,4.6,0.7695,15.390,1112,0.5148,2
19.1800,20.00,1.1812,-155395,4.1,0.7599,15.197,1115,0.4944,2
19.2000,20.00,1.1567,-150492,3.7,0.7556,15.112,1119,0.4854,2
19.2200,20.00,1.2471,-168560,3.2,0.7409,14.818,1121,0.4546,2
19.2400,20.00,1.2051,-160164,2.8,0.7373,14.747,1128,0.4470,2
19.2600,20.00,1.1681,-152766,2.3,0.7375,14.749,1130,0.4473,2
19.2800,20.01,1.1225,-143648,1.9,0.7454,14.907,1130,0.4639,2
19.3000,20.00,1.1860,-156350,5.4,0.7392,14.784,1126,0.4510,2
19.3200,20.00,1.1885,-156847,4.9,0.7356,14.712,1129,0.4434,2
19.3400,20.00,1.1326,-145671,4.4,0.7420,14.839,1131,0.4568,2
19.3600,20.00,1.1376,-146680,3.9,0.7442,14.885,1128,0.4616,2
19.3800,20.00,1.1505,-149262,3.4,0.7436,14.872,1127,0.4602,2
19.4000,20.00,1.1591,-150981,3.0,0.7422,14.844,1127,0.4572,2
19.4200,20.00,1.1569,-150534,2.5,0.7420,14.841,1128,0.4569,2
19.4400,20.00,1.1041,-139970,2.1,0.7516,15.031,1128,0.4770,2
19.4600,20.00,1.1257,-144289,1.6,0.7530,15.059,1123,0.4799,2
19.4800,20.00,1.1897,-157098,1.2,0.7445,14.890,1123,0.4621,2
19.5000,20.00,1.1536,-149875,0.7,0.7447,14.895,1127,0.4626,2
19.5200,20.00,1.1322,-145602,4.2,0.7485,14.970,1127,0.4706,2
19.5400,20.00,1.1519,-149537,3.7,0.7468,14.936,1125,0.4670,2
19.5600,20.00,1.1361,-146368,3.2,0.7493,14.985,1125,0.4721,2
19.5800,20.00,1.1569,-150540,2.8,0.7467,14.933,1124,0.4667,2
19.6000,20.00,1.1876,-156674,2.2,0.7415,14.831,1126,0.4558,2
19.6200,20.00,1.1924,-157640,1.8,0.7373,14.745,1128,0.4469,2
19.6400,20.00,1.1837,-155897,1.4,0.7348,14.696,1130,0.4416,2
19.6600,20.00,1.1870,-156553,0.9,0.7321,14.643,1131,0.4361,2
19.6800,20.00,1.1569,-150529,0.5,0.7344,14.687,1132,0.4407,2
19.7000,20.00,1.1841,-155974,0.0,0.7312,14.624,1131,0.4341,2
19.7200,20.00,1.1559,-150328,11.7,0.7334,14.669,1133,0.4388,2
19.7400,20.00,1.1683,-152818,3.0,0.7321,14.642,1132,0.4360,2
19.7600,20.00,1.1855,-156258,2.5,0.7293,14.586,1132,0.4301,2
19.7800,20.00,1.1795,-155060,2.0,0.7279,14.557,1134,0.4271,2
19.8000,20.00,1.1522,-149601,1.6,0.7312,14.623,1134,0.4340,2
19.8200,20.00,1.1281,-144775,1.1,0.7372,14.745,1133,0.4468,2
19.8400,20.00,1.1635,-151862,0.6,0.7340,14.679,1130,0.4399,2
19.8600,20.00,1.1620,-151558,0.1,0.7333,14.667,1131,0.4386,2
19.8800,20.00,1.1662,-152395,12.0,0.7321,14.643,1132,0.4361,2
19.9000,20.00,1.1714,-153429,11.5,0.7306,14.612,1132,0.4328,2
19.9200,20.00,1.1587,-150890,11.0,0.7317,14.633,1133,0.4351,2
19.9400,20.00,1.1479,-148743,10.5,0.7340,14.680,1133,0.4400,2
19.9600,20.00,1.1495,-149047,10.0,0.7349,14.698,1131,0.4419,2
19.9800,20.00,1.2074,-160632,1.3,0.7271,14.543,1131,0.4256,2
20.0000,20.00,1.2074,-160626,0.9,0.7218,14.437,1135,0.4144,2
20.0200,20.00,1.1605,-151249,0.4,0.7243,14.485,1137,0.4195,2
20.0400,20.00,1.1699,-153134,8.2,0.7233,14.466,1136,0.4174,2
20.0600,20.00,1.2274,-164630,7.8,0.7150,14.300,1136,0.4001,2
20.0800,20.00,1.2722,-173592,7.3,0.6990,13.980,1140,0.3663,2
20.1000,20.00,1.2380,-166742,10.8,0.6959,13.919,1148,0.3599,2
20.1200,20.00,1.1506,-149272,10.3,0.7061,14.123,1149,0.3814,2
20.1400,20.00,1.0937,-137895,9.7,0.7204,14.408,1144,0.4114,2
20.1600,20.00,1.1512,-149388,9.4,0.7197,14.394,1138,0.4099,2
20.1800,20.00,1.1510,-149349,8.9,0.7209,14.419,1138,0.4125,2
20.2000,20.00,1.0983,-138809,0.2,0.7308,14.617,1137,0.4333,2
20.2200,20.00,1.1295,-145060,8.0,0.7326,14.652,1133,0.4371,2
20.2400,20.00,1.1061,-140385,7.5,0.7380,14.760,1132,0.4484,2
20.2600,20.00,1.1970,-158560,7.1,0.7273,14.545,1130,0.4258,2
20.2800,20.00,1.2007,-159292,6.6,0.7207,14.414,1134,0.4120,2
20.3000,20.00,1.1230,-143759,6.2,0.7294,14.588,1138,0.4303,2
20.3200,20.00,1.1664,-152441,9.6,0.7249,14.498,1134,0.4208,2
20.3400,20.00,1.2204,-163233,9.1,0.7155,14.309,1136,0.4010,2
20.3600,20.00,1.2470,-168542,8.7,0.7043,14.085,1140,0.3774,2
20.3800,20.00,1.2422,-167588,8.2,0.6963,13.926,1145,0.3607,2
20.4000,20.00,1.2022,-159591,7.7,0.6954,13.909,1149,0.3588,2
20.4200,20.00,1.2128,-161714,7.2,0.6919,13.838,1149,0.3514,2
20.4400,20.00,1.2374,-166629,6.8,0.6826,13.652,1151,0.3318,2
20.4600,20.00,1.2427,-167695,6.2,0.6716,13.431,1155,0.3086,2
20.4800,20.00,1.1929,-157741,5.7,0.6770,13.539,1160,0.3199,2
20.5000,20.00,1.1845,-156049,5.4,0.6804,13.607,1158,0.3271,2
20.5200,20.00,1.2098,-161107,4.9,0.6753,13.506,1156,0.3165,2
20.5400,20.00,1.1835,-155855,8.4,0.6783,13.567,1159,0.3228,2
20.5600,20.00,1.1914,-157425,8.0,0.6769,13.538,1157,0.3198,2
20.5800,20.00,1.1568,-150506,7.4,0.6861,13.722,1158,0.3392,2
20.6000,20.00,1.1493,-149022,7.0,0.6927,13.853,1154,0.3530,2
20.6200,20.00,1.1581,-150776,6.4,0.6941,13.881,1151,0.3559,2
20.6400,20.00,1.1926,-157669,6.1,0.6864,13.728,1150,0.3398,2
20.6600,20.00,1.2056,-160266,5.6,0.6794,13.588,1153,0.3250,2
20.6800,20.00,1.1991,-158982,5.2,0.6758,13.516,1157,0.3175,2
20.7000,20.00,1.1524,-149630,4.7,0.6848,13.696,1158,0.3364,2
20.7200,20.00,1.1859,-156340,4.2,0.6803,13.605,1154,0.3269,2
20.7400,20.00,1.2595,-171041,3.8,0.6587,13.175,1156,0.2816,2
20.7600,20.00,1.3216,-183462,7.2,0.6101,12.203,1166,0.1793,2
20.7800,20.00,1.2677,-172679,6.8,0.5987,11.974,1189,0.1552,2
20.8000,20.00,1.1970,-158548,6.3,0.6115,12.230,1194,0.1821,2
20.8200,20.00,1.2178,-162709,5.7,0.6113,12.226,1188,0.1816,2
20.8400,20.00,1.2276,-164669,5.4,0.6058,12.115,1188,0.1700,2
20.8600,20.00,1.2177,-162688,4.8,0.6047,12.094,1191,0.1678,2
20.8800,20.00,1.1284,-144833,4.5,0.6278,12.556,1192,0.2164,2
20.9000,20.00,1.0947,-138099,4.0,0.6465,12.931,1181,0.2559,2
20.9200,20.00,1.1391,-146974,3.6,0.6620,13.241,1172,0.2885,2
20.9400,20.00,1.1254,-144234,3.1,0.6737,13.475,1165,0.3132,2
20.9600,20.00,1.1331,-145766,2.7,0.6811,13.621,1159,0.3285,2
20.9800,20.00,1.1285,-144854,6.1,0.6867,13.735,1156,0.3405,2
21.0000,20.00,1.1898,-157111,5.6,0.6734,13.467,1153,0.3124,2
21.0200,20.00,1.2350,-166150,5.2,0.6560,13.120,1159,0.2758,2
21.0400,20.00,1.2370,-166541,4.7,0.6419,12.838,1168,0.2461,2
21.0600,20.00,1.2265,-164447,4.2,0.6327,12.653,1174,0.2267,2
21.0800,20.00,1.2574,-170625,3.7,0.6092,12.183,1179,0.1772,2
21.1000,20.00,1.2479,-168727,3.2,0.5929,11.858,1189,0.1430,2
21.1200,20.00,1.2097,-161094,2.8,0.5969,11.938,1197,0.1513,2
21.1400,20.00,1.2065,-160448,2.4,0.5973,11.947,1195,0.1523,2
21.1600,20.00,1.2016,-159464,1.9,0.5982,11.964,1195,0.1541,2
21.1800,20.00,1.1478,-148705,1.4,0.6149,12.297,1195,0.1892,2
21.2000,20.00,1.1246,-144082,5.0,0.6291,12.583,1187,0.2192,2
21.2200,20.00,1.1632,-151791,4.5,0.6358,12.716,1180,0.2332,2
21.2400,20.00,1.1664,-152439,4.0,0.6374,12.749,1177,0.2367,2
21.2600,20.00,1.1592,-150992,3.5,0.6405,12.809,1176,0.2431,2
21.2800,20.00,1.1750,-154150,3.1,0.6375,12.750,1175,0.2368,2
21.3000,20.00,1.2115,-161457,2.6,0.6234,12.468,1176,0.2072,2
21.3200,20.00,1.1665,-152450,2.1,0.6303,12.605,1183,0.2216,2
21.3400,20.01,1.1515,-149463,1.7,0.6364,12.729,1179,0.2346,2
21.3600,19.99,1.2113,-161418,1.2,0.6205,12.411,1177,0.2011,2
21.3800,20.00,1.2221,-163574,0.8,0.6073,12.146,1184,0.1732,2
21.4000,20.00,1.2035,-159847,0.2,0.6031,12.062,1190,0.1644,2
21.4200,20.00,1.2275,-164652,12.0,0.5881,11.763,1192,0.1329,2
21.4400,20.00,1.2132,-161799,3.3,0.5839,11.678,1199,0.1240,2
21.4600,20.00,1.1871,-156579,2.9,0.5890,11.780,1201,0.1348,2
21.4800,20.00,1.1413,-147411,2.3,0.6019,12.039,1199,0.1620,2
21.5000,20.00,1.1499,-149127,1.9,0.6108,12.216,1193,0.1806,2
21.5200,20.00,1.1580,-150760,1.4,0.6156,12.312,1188,0.1908,2
21.5400,20.00,1.1506,-149278,0.9,0.6207,12.413,1186,0.2014,2
21.5600,20.00,1.1514,-149444,0.4,0.6243,12.486,1184,0.2091,2
21.5800,20.00,1.1966,-158467,0.0,0.6120,12.241,1182,0.1833,2
21.6000,20.00,1.1983,-158811,11.8,0.6037,12.074,1188,0.1657,2
21.6200,20.00,1.2060,-160355,11.3,0.5942,11.885,1192,0.1458,2
21.6400,19.99,1.1753,-154222,10.8,0.5971,11.941,1196,0.1517,2
21.6600,20.00,1.2179,-162735,2.1,0.5832,11.665,1195,0.1226,2
21.6800,20.00,1.2168,-162502,1.7,0.5738,11.477,1201,0.1028,2
21.7000,20.00,1.1923,-157615,1.2,0.5763,11.525,1206,0.1079,2
21.7200,20.00,1.1729,-153729,0.7,0.5813,11.625,1205,0.1184,2
21.7400,20.00,1.1635,-151850,0.2,0.5843,11.686,1202,0.1249,2
21.7600,20.00,1.1592,-151002,8.1,0.5885,11.770,1201,0.1337,2
21.7800,20.00,1.1845,-156053,11.6,0.5864,11.729,1199,0.1293,2
21.8000,20.00,1.1816,-155466,11.1,0.5849,11.698,1200,0.1261,2
21.8200,20.00,1.1767,-154495,10.6,0.5841,11.682,1201,0.1244,2
21.8400,20.00,1.1821,-155579,10.1,0.5827,11.653,1201,0.1214,2
21.8600,20.00,1.1714,-153432,9.6,0.5826,11.651,1202,0.1212,2
21.8800,20.00,1.1722,-153586,1.0,0.5824,11.648,1202,0.1209,2
21.9000,20.00,1.1885,-156843,0.5,0.5794,11.588,1202,0.1145,2
21.9200,20.00,1.1961,-158377,0.0,0.5741,11.481,1203,0.1033,2
21.9400,20.00,1.2089,-160937,7.8,0.5635,11.270,1206,0.0810,2
21.9600,20.00,1.1650,-152155,7.4,0.5699,11.398,1211,0.0945,2
21.9800,20.00,1.1604,-151237,7.0,0.5737,11.475,1208,0.1026,2
22.0000,20.00,1.1614,-151432,10.4,0.5758,11.516,1206,0.1069,2
22.0200,20.00,1.1701,-153177,9.9,0.5759,11.518,1205,0.1071,2
22.0400,20.00,1.1804,-155234,9.4,0.5736,11.472,1205,0.1023,2
22.0600,20.00,1.1742,-153986,9.0,0.5728,11.456,1206,0.1006,2
22.0800,20.00,1.1859,-156338,8.5,0.5695,11.389,1206,0.0936,2
22.1000,20.00,1.1915,-157448,8.0,0.5650,11.301,1208,0.0843,2
22.1200,20.00,1.2108,-161304,7.5,0.5526,11.052,1210,0.0581,2
22.1400,20.00,1.1921,-157578,7.1,0.5509,11.017,1216,0.0544,2
22.1600,20.00,1.1649,-152127,6.7,0.5565,11.130,1216,0.0663,2
22.1800,20.01,1.1578,-150705,6.2,0.5611,11.221,1214,0.0759,2
22.2000,20.00,1.1965,-158454,5.8,0.5547,11.094,1212,0.0626,2
22.2200,20.00,1.2049,-160137,9.2,0.5455,10.910,1215,0.0431,2
22.2400,20.00,1.1935,-157855,8.7,0.5420,10.840,1219,0.0358,2
22.2600,20.00,1.2202,-163196,8.2,0.5275,10.550,1221,0.0053,2
22.2800,20.00,1.1939,-157942,7.8,0.5267,10.533,1227,0.0035,2
22.3000,20.01,1.1924,-157627,7.3,0.5254,10.509,1228,0.0009,2
22.3200,20.00,1.2035,-159852,6.8,0.5196,10.393,1228,-0.0113,2
22.3400,20.00,1.1536,-149877,6.4,0.5320,10.641,1231,0.0148,2
22.3600,20.00,1.1282,-144805,6.0,0.5457,10.914,1225,0.0436,2
22.3800,20.00,1.1356,-146266,5.5,0.5536,11.072,1219,0.0602,2
22.4000,20.00,1.1533,-149817,5.1,0.5558,11.117,1215,0.0649,2
22.4200,20.00,1.1041,-139969,3.0,0.5652,11.304,1214,0.0847,2
22.4400,20.00,1.1349,-146137,8.0,0.5695,11.390,1210,0.0937,2
22.4600,20.00,1.1911,-157379,7.6,0.5615,11.230,1208,0.0769,2
22.4800,19.99,1.1927,-157688,7.1,0.5544,11.089,1211,0.0620,2
22.5000,20.00,1.2137,-161886,6.6,0.5399,10.799,1215,0.0315,2
22.5200,20.00,1.2010,-159348,6.1,0.5332,10.663,1221,0.0172,2
22.5400,20.00,1.1733,-153807,5.6,0.5350,10.699,1225,0.0210,2
22.5600,20.00,1.2210,-163348,5.2,0.5179,10.359,1224,-0.0149,2
22.5800,20.00,1.2405,-167259,4.7,0.4983,9.966,1232,-0.0562,2
22.6000,20.00,1.2067,-160491,4.2,0.4999,9.999,1241,-0.0528,2
22.6200,20.00,1.1808,-155322,3.9,0.5078,10.155,1240,-0.0363,2
22.6400,20.00,1.1818,-155508,3.4,0.5098,10.197,1236,-0.0319,2
22.6600,20.00,1.1632,-151788,6.9,0.5164,10.329,1235,-0.0180,2
22.6800,20.00,1.1741,-153964,6.4,0.5163,10.327,1232,-0.0182,2
22.7000,20.00,1.2123,-161612,5.9,0.5048,10.095,1232,-0.0426,2
22.7200,20.00,1.1955,-158245,5.5,0.5034,10.069,1238,-0.0454,2
22.7400,20.00,1.1410,-147357,5.0,0.5171,10.343,1238,-0.0166,2
22.7600,20.00,1.1439,-147933,4.5,0.5228,10.455,1232,-0.0047,2
22.7800,20.00,1.1743,-154021,4.1,0.5191,10.382,1229,-0.0124,2
22.8000,20.00,1.1675,-152661,3.6,0.5190,10.380,1231,-0.0126,2
22.8200,20.00,1.1539,-149930,3.2,0.5232,10.465,1231,-0.0037,2
22.8400,20.00,1.1655,-152260,2.7,0.5227,10.454,1229,-0.0049,2
22.8600,20.00,1.2195,-163042,2.2,0.5053,10.107,1230,-0.0414,2
22.8800,20.00,1.2189,-162936,1.8,0.4959,9.918,1237,-0.0613,2
22.9000,20.00,1.1706,-153276,5.2,0.5050,10.100,1242,-0.0421,2
22.9200,20.00,1.1712,-153403,4.8,0.5076,10.151,1238,-0.0367,2
22.9400,20.00,1.2197,-163098,4.2,0.4916,9.832,1237,-0.0703,2
22.9600,20.00,1.2126,-161662,3.8,0.4861,9.722,1244,-0.0819,2
22.9800,20.00,1.1987,-158898,3.4,0.4866,9.732,1246,-0.0809,2
23.0000,20.00,1.1951,-158168,2.9,0.4865,9.730,1246,-0.0810,2
23.0200,20.00,1.2101,-161165,2.4,0.4799,9.599,1246,-0.0949,2
23.0400,20.00,1.1765,-154459,2.0,0.4878,9.755,1249,-0.0784,2
23.0600,20.00,1.1807,-155293,1.6,0.4893,9.787,1246,-0.0751,2
23.0800,20.00,1.1953,-158220,1.1,0.4847,9.695,1245,-0.0847,2
23.1000,20.00,1.1462,-148402,0.7,0.4972,9.944,1247,-0.0585,2
23.1200,20.00,1.1690,-152957,4.1,0.4973,9.947,1241,-0.0582,2
23.1400,20.00,1.1726,-153677,3.6,0.4968,9.936,1241,-0.0594,2
23.1600,20.00,1.1588,-150916,3.1,0.5004,10.008,1241,-0.0518,2
23.1800,20.00,1.1680,-152752,2.7,0.4999,9.998,1240,-0.0528,2
23.2000,20.00,1.1616,-151475,2.2,0.5014,10.029,1240,-0.0496,2
23.2200,20.00,1.1537,-149887,1.7,0.5034,10.069,1239,-0.0454,2
23.2400,20.00,1.1609,-151332,1.2,0.5036,10.071,1238,-0.0451,2
23.2600,20.00,1.1664,-152424,0.8,0.5024,10.047,1238,-0.0477,2
23.2800,19.99,1.1772,-154596,0.4,0.4989,9.978,1239,-0.0550,2
23.3000,20.01,1.1326,-145677,12.1,0.5070,10.140,1240,-0.0379,2
23.3200,19.99,1.1417,-147486,11.6,0.5089,10.177,1237,-0.0340,2
23.3400,20.00,1.2074,-160637,2.9,0.4934,9.868,1236,-0.0665,2
23.3600,20.00,1.2845,-176049,2.5,0.4453,8.907,1243,-0.1677,2
23.3800,20.00,1.2732,-173795,2.0,0.4220,8.440,1265,-0.2168,2
23.4000,20.00,1.2512,-169397,1.5,0.4144,8.288,1276,-0.2328,2
23.4200,20.00,1.2557,-170280,1.0,0.4010,8.019,1280,-0.2611,2
23.4400,20.00,1.2131,-161777,0.5,0.4129,8.259,1286,-0.2359,2
23.4600,20.00,1.1577,-150698,0.1,0.4433,8.866,1280,-0.1720,2
23.4800,20.00,1.1519,-149532,11.8,0.4629,9.259,1266,-0.1307,2
23.5000,20.00,1.1406,-147268,11.4,0.4772,9.544,1257,-0.1007,2
23.5200,20.00,1.0903,-137224,10.9,0.4999,9.997,1251,-0.0529,2
23.5400,20.00,1.1517,-149498,10.4,0.4939,9.878,1240,-0.0655,2
23.5600,20.00,1.1155,-142247,1.8,0.5021,10.042,1243,-0.0482,2
23.5800,20.00,1.1740,-153947,1.2,0.4933,9.865,1239,-0.0668,2
23.6000,20.00,1.1017,-139495,0.8,0.5069,10.138,1243,-0.0381,2
23.6200,20.00,1.1745,-154062,0.3,0.4963,9.927,1237,-0.0603,2
23.6400,20.00,1.2009,-159336,8.2,0.4831,9.663,1242,-0.0881,2
23.6600,20.00,1.1444,-148027,7.7,0.4930,9.861,1248,-0.0673,2
23.6800,20.00,1.2266,-164464,11.2,0.4640,9.279,1243,-0.1285,2
23.7000,20.00,1.1611,-151381,10.7,0.4807,9.614,1257,-0.0932,2
23.7200,20.00,1.1934,-157824,10.2,0.4732,9.464,1249,-0.1090,2
23.7400,20.00,1.1666,-152478,9.8,0.4793,9.587,1253,-0.0961,2
23.7600,20.00,1.1952,-158194,9.2,0.4686,9.373,1250,-0.1186,2
23.7800,20.00,1.1632,-151787,0.6,0.4770,9.540,1255,-0.1011,2
23.8000,20.00,1.1473,-148622,0.1,0.4837,9.675,1251,-0.0869,2
23.8200,20.00,1.1422,-147600,7.9,0.4882,9.764,1248,-0.0775,2
23.8400,19.99,1.1412,-147397,7.3,0.4910,9.820,1246,-0.0716,2
23.8600,20.00,1.1014,-139447,7.0,0.5038,10.076,1244,-0.0446,2
23.8800,20.00,1.1412,-147401,6.6,0.4998,9.996,1238,-0.0531,2
23.9000,20.00,1.1272,-144594,10.0,0.5028,10.057,1240,-0.0466,2
23.9200,20.00,1.1237,-143897,9.5,0.5053,10.106,1239,-0.0415,2
23.9400,20.00,1.1615,-151462,9.0,0.4988,9.976,1237,-0.0552,2
23.9600,20.00,1.1417,-147500,8.6,0.5006,10.013,1240,-0.0513,2
23.9800,20.00,1.1536,-149871,8.1,0.4982,9.965,1240,-0.0564,2
24.0000,20.00,1.1135,-141865,7.6,0.5066,10.132,1241,-0.0388,2
24.0200,20.00,1.1672,-152595,7.0,0.4983,9.966,1237,-0.0562,2
24.0400,20.00,1.1010,-139348,6.7,0.5112,10.224,1241,-0.0290,2
24.0600,20.00,1.1654,-152232,6.2,0.5019,10.038,1235,-0.0486,2
24.0800,20.00,1.1435,-147858,5.8,0.5020,10.039,1239,-0.0485,2
24.1000,20.00,1.1492,-148988,5.4,0.5010,10.019,1239,-0.0506,2
24.1200,20.00,1.1755,-154246,8.8,0.4938,9.876,1240,-0.0657,2
24.1400,20.00,1.1499,-149132,8.3,0.4964,9.928,1243,-0.0602,2
24.1600,20.00,1.1390,-146965,7.9,0.4996,9.993,1242,-0.0534,2
24.1800,20.00,1.1866,-156471,7.4,0.4895,9.789,1240,-0.0748,2
24.2000,20.01,1.1105,-141263,6.9,0.5034,10.069,1245,-0.0454,2
24.2200,19.99,1.1661,-152372,6.5,0.4958,9.916,1238,-0.0615,2
24.2400,20.00,1.1649,-152132,6.0,0.4931,9.862,1242,-0.0671,2
24.2600,20.00,1.1489,-148944,5.6,0.4953,9.905,1243,-0.0626,2
24.2800,20.00,1.1708,-153314,5.1,0.4909,9.817,1242,-0.0719,2
24.3000,20.00,1.1818,-155512,4.6,0.4855,9.710,1244,-0.0831,2
24.3200,20.00,1.2202,-163194,4.2,0.4616,9.232,1247,-0.1335,2
24.3400,20.00,1.2003,-159217,7.7,0.4593,9.185,1258,-0.1384,2
24.3600,20.00,1.1552,-150201,7.2,0.4754,9.508,1259,-0.1044,2
24.3800,20.00,1.1564,-150444,6.7,0.4802,9.603,1251,-0.0944,2
24.4000,20.00,1.1746,-154073,6.2,0.4773,9.546,1249,-0.1004,2
24.4200,20.00,1.1116,-141470,5.7,0.4935,9.870,1250,-0.0663,2
24.4400,20.00,1.1518,-149511,5.3,0.4898,9.797,1243,-0.0740,2
24.4600,20.00,1.1516,-149468,4.8,0.4895,9.790,1245,-0.0748,2
24.4800,20.00,1.1611,-151381,4.4,0.4873,9.746,1245,-0.0793,2
24.5000,20.00,1.1213,-143426,3.9,0.4975,9.950,1246,-0.0579,2
24.5200,20.00,1.1551,-150183,3.5,0.4926,9.851,1241,-0.0683,2
24.5400,20.00,1.1673,-152619,3.0,0.4884,9.768,1243,-0.0771,2
24.5600,20.00,1.1303,-145217,2.6,0.4960,9.920,1245,-0.0610,2
24.5800,20.00,1.1575,-150645,6.1,0.4918,9.836,1242,-0.0699,2
24.6000,20.00,1.1494,-149038,5.6,0.4923,9.846,1244,-0.0688,2
24.6200,20.00,1.1799,-155133,5.1,0.4853,9.705,1243,-0.0836,2
24.6400,20.00,1.2109,-161334,4.6,0.4647,9.294,1247,-0.1269,2
24.6600,20.00,1.2148,-162104,4.1,0.4498,8.996,1256,-0.1583,2
24.6800,20.00,1.2015,-159455,3.7,0.4460,8.921,1263,-0.1662,2
24.7000,20.00,1.1589,-150931,3.2,0.4642,9.284,1265,-0.1280,2
24.7200,20.00,1.2332,-165797,2.8,0.4279,8.558,1257,-0.2044,2
24.7400,20.00,1.1658,-152316,2.2,0.4494,8.988,1273,-0.1591,2
24.7600,20.00,1.1512,-149402,1.8,0.4646,9.291,1263,-0.1272,2
24.7800,20.00,1.1800,-155145,1.4,0.4591,9.182,1256,-0.1387,2
24.8000,20.00,1.1205,-143260,4.9,0.4804,9.607,1259,-0.0940,2
24.8200,20.00,1.1542,-149998,4.4,0.4782,9.563,1249,-0.0986,2
24.8400,20.00,1.1173,-142618,3.9,0.4900,9.799,1250,-0.0737,2
24.8600,20.00,1.1668,-152507,3.4,0.4815,9.629,1245,-0.0916,2
24.8800,20.00,1.1668,-152514,2.9,0.4785,9.569,1249,-0.0980,2
24.9000,20.00,1.1425,-147665,2.5,0.4833,9.666,1250,-0.0878,2
24.9200,20.00,1.1316,-145471,2.0,0.4893,9.787,1248,-0.0751,2
24.9400,20.00,1.1836,-155875,1.6,0.4742,9.484,1245,-0.1069,2
24.9600,20.00,1.1817,-155485,1.2,0.4695,9.389,1252,-0.1169,2
24.9800,20.00,1.1808,-155320,0.7,0.4661,9.321,1254,-0.1241,2
25.0000,20.00,1.1563,-150414,0.2,0.4730,9.459,1256,-0.1095,2
25.0200,20.00,1.1651,-152166,3.7,0.4722,9.444,1253,-0.1112,2
25.0400,19.99,1.1356,-146276,3.2,0.4810,9.620,1253,-0.0926,2
25.0600,20.00,1.1589,-150930,2.7,0.4781,9.561,1249,-0.0988,2
25.0800,20.00,1.1209,-143337,2.2,0.4892,9.784,1250,-0.0753,2
25.1000,20.00,1.1272,-144599,1.8,0.4929,9.859,1245,-0.0675,2
25.1200,20.00,1.2559,-170323,1.3,0.4348,8.696,1243,-0.1899,2
25.1400,20.00,1.2510,-169342,0.9,0.4069,8.138,1270,-0.2486,2
25.1600,20.00,1.1367,-146494,0.4,0.4563,9.125,1283,-0.1447,2
25.1800,20.02,1.1062,-140397,0.0,0.4840,9.680,1260,-0.0863,2
25.2000,19.98,1.1384,-146837,11.7,0.4826,9.652,1247,-0.0893,2
25.2200,20.00,1.2185,-162852,11.2,0.4459,8.919,1248,-0.1665,2
25.2400,20.00,1.2842,-175993,2.5,0.3865,7.730,1265,-0.2916,2
25.2600,20.00,1.2668,-172505,2.1,0.3625,7.249,1293,-0.3422,2
25.2800,20.00,1.2563,-170417,1.6,0.3499,6.997,1304,-0.3687,2
25.3000,20.00,1.2624,-171629,1.1,0.3380,6.760,1310,-0.3937,2
25.3200,20.00,1.3106,-181257,0.6,0.3112,6.224,1315,-0.4501,2
25.3400,20.00,1.3103,-181211,0.1,0.2984,5.969,1328,-0.4770,2
25.3600,20.01,1.2831,-175758,12.0,0.2957,5.915,1333,-0.4826,2
25.3800,20.00,1.2434,-167825,11.4,0.3057,6.113,1335,-0.4617,2
25.4000,20.00,1.2208,-163305,11.0,0.3178,6.357,1330,-0.4362,2
25.4200,20.00,1.1705,-153263,10.5,0.3478,6.957,1324,-0.3730,2
25.4400,20.00,1.1462,-148398,10.1,0.3787,7.575,1311,-0.3079,2
25.4600,20.00,1.1703,-153208,1.3,0.3796,7.592,1296,-0.3061,2
25.4800,20.00,1.1463,-148413,0.9,0.4002,8.004,1296,-0.2627,2
25.5000,19.99,1.1979,-158741,0.4,0.3812,7.624,1286,-0.3028,2
25.5200,20.00,1.2177,-162684,8.1,0.3587,7.175,1295,-0.3500,2
25.5400,20.00,1.1989,-158927,7.8,0.3607,7.215,1306,-0.3458,2
25.5600,20.00,1.1903,-157206,7.4,0.3657,7.314,1305,-0.3354,2
25.5800,20.00,1.1862,-156400,10.8,0.3695,7.391,1302,-0.3273,2
25.6000,20.00,1.1989,-158928,10.3,0.3631,7.263,1301,-0.3408,2
25.6200,20.00,1.2218,-163521,9.8,0.3490,6.981,1304,-0.3705,2
25.6400,20.00,1.2248,-164119,9.3,0.3419,6.838,1310,-0.3855,2
25.6600,20.00,1.2180,-162755,8.9,0.3407,6.814,1313,-0.3880,2
25.6800,20.00,1.1830,-155761,0.2,0.3574,7.147,1314,-0.3529,2
25.7000,20.00,1.1829,-155727,7.9,0.3608,7.217,1306,-0.3456,2
25.7200,20.00,1.2285,-164858,7.5,0.3396,6.792,1304,-0.3903,2
25.7400,20.00,1.2607,-171281,7.1,0.3184,6.368,1314,-0.4350,2
25.7600,20.00,1.2481,-168777,6.6,0.3136,6.272,1324,-0.4450,2
25.7800,20.00,1.2314,-165438,6.2,0.3157,6.315,1327,-0.4405,2
25.8000,20.01,1.2056,-160276,9.6,0.3258,6.517,1326,-0.4193,2
25.8200,20.00,1.1469,-148537,9.1,0.3641,7.282,1321,-0.3387,2
25.8400,20.00,1.2084,-160823,8.7,0.3403,6.805,1303,-0.3889,2
25.8600,20.00,1.2405,-167254,8.1,0.3203,6.405,1314,-0.4310,2
25.8800,20.00,1.2494,-169033,7.7,0.3091,6.182,1323,-0.4545,2
25.9000,20.00,1.2413,-167408,7.2,0.3061,6.122,1329,-0.4609,2
25.9200,20.00,1.2229,-163733,6.7,0.3105,6.209,1330,-0.4516,2
25.9400,20.00,1.2153,-162203,6.3,0.3137,6.273,1328,-0.4449,2
25.9600,20.00,1.2194,-163035,5.9,0.3121,6.242,1327,-0.4482,2
25.9800,20.00,1.2289,-164927,5.4,0.3069,6.139,1327,-0.4591,2
26.0000,20.00,1.2246,-164079,5.0,0.3063,6.126,1330,-0.4604,2
26.0200,20.01,1.2299,-165121,8.4,0.3027,6.054,1330,-0.4680,2
26.0400,19.99,1.2217,-163486,7.9,0.3041,6.082,1332,-0.4651,2
26.0600,20.00,1.2300,-165149,7.5,0.2999,5.997,1331,-0.4740,2
26.0800,20.00,1.1965,-158450,7.0,0.3149,6.298,1333,-0.4423,2
26.1000,20.00,1.1992,-159002,6.6,0.3166,6.331,1326,-0.4388,2
26.1200,20.00,1.2446,-168069,6.1,0.2956,5.913,1325,-0.4829,2
26.1400,20.00,1.2503,-169213,5.5,0.2828,5.656,1335,-0.5099,2
26.1600,20.00,1.2297,-165083,5.2,0.2880,5.759,1341,-0.4990,2
26.1800,20.00,1.2701,-173164,4.8,0.2639,5.278,1338,-0.5496,2
26.2000,20.00,1.2584,-170820,4.2,0.2564,5.127,1350,-0.5655,2
26.2200,20.00,1.2432,-167791,3.8,0.2572,5.144,1353,-0.5638,2
26.2400,20.00,1.2629,-171724,7.2,0.2451,4.901,1353,-0.5893,2
26.2600,20.00,1.2527,-169696,6.8,0.2420,4.840,1358,-0.5958,2
26.2800,20.00,1.2356,-166264,6.3,0.2517,5.034,1360,-0.5754,2
26.3000,20.00,1.2470,-168547,5.8,0.2444,4.888,1355,-0.5908,2
26.3200,20.00,1.2343,-166003,5.4,0.2511,5.023,1359,-0.5765,2
26.3400,20.00,1.2356,-166275,4.9,0.2508,5.015,1356,-0.5774,2
26.3600,20.00,1.2285,-164845,4.5,0.2558,5.116,1356,-0.5668,2
26.3800,20.00,1.2306,-165272,4.0,0.2555,5.109,1353,-0.5675,2
26.4000,20.00,1.2260,-164357,3.6,0.2589,5.179,1353,-0.5601,2
26.4200,20.00,1.2239,-163933,3.1,0.2617,5.234,1352,-0.5544,2
26.4400,20.00,1.2354,-166224,2.6,0.2526,5.051,1351,-0.5735,2
26.4600,20.00,1.2325,-165660,6.1,0.2517,5.035,1355,-0.5753,2
26.4800,20.00,1.2399,-167134,5.6,0.2452,4.904,1355,-0.5890,2
26.5000,20.00,1.2320,-165554,5.1,0.2480,4.961,1358,-0.5831,2
26.5200,20.00,1.2274,-164640,4.7,0.2510,5.019,1357,-0.5769,2
26.5400,20.00,1.2308,-165309,4.1,0.2486,4.973,1356,-0.5818,2
26.5600,20.00,1.1850,-156162,3.7,0.2828,5.656,1357,-0.5099,2
26.5800,20.00,1.1926,-157668,3.2,0.2832,5.664,1341,-0.5091,2
26.6000,20.00,1.2028,-159718,2.8,0.2778,5.556,1341,-0.5204,2
26.6200,20.00,1.2011,-159375,2.4,0.2796,5.593,1343,-0.5166,2
26.6400,20.00,1.1876,-156675,2.0,0.2907,5.814,1342,-0.4933,2
26.6600,20.00,1.1730,-153752,1.4,0.3044,6.089,1337,-0.4643,2
26.6800,20.00,1.1867,-156485,4.8,0.2998,5.996,1331,-0.4741,2
26.7000,20.00,1.1829,-155743,4.5,0.3030,6.060,1333,-0.4673,2
26.7200,20.00,1.1450,-148150,3.9,0.3328,6.656,1331,-0.4046,2
26.7400,20.00,1.1579,-150725,3.4,0.3324,6.649,1317,-0.4054,2
26.7600,20.00,1.1456,-148281,2.9,0.3455,6.911,1318,-0.3778,2
26.7800,20.00,1.1972,-158592,2.6,0.3127,6.255,1312,-0.4469,2
26.8000,20.00,1.2343,-166014,2.1,0.2777,5.553,1327,-0.5207,2
26.8200,20.00,1.1992,-159000,1.7,0.2911,5.823,1343,-0.4923,2
26.8400,20.00,1.2042,-160001,1.2,0.2858,5.717,1337,-0.5035,2
26.8600,20.00,1.1721,-153574,0.6,0.3074,6.148,1339,-0.4581,2
26.8800,20.00,1.1049,-140128,0.2,0.3610,7.220,1329,-0.3453,2
26.9000,20.00,1.0917,-137496,11.9,0.3832,7.664,1304,-0.2986,2
26.9200,20.00,1.0652,-132201,3.2,0.4066,8.133,1294,-0.2492,2
26.9400,20.00,1.1254,-144228,2.8,0.3949,7.898,1283,-0.2739,2
26.9600,20.00,1.1977,-158697,2.4,0.3551,7.102,1289,-0.3577,2
26.9800,20.00,1.1852,-156202,1.9,0.3438,6.875,1307,-0.3816,2
27.0000,20.00,1.2024,-159627,1.4,0.3201,6.402,1312,-0.4313,2
27.0200,20.01,1.1734,-153833,0.9,0.3296,6.592,1324,-0.4114,2
27.0400,20.00,1.1874,-156632,0.4,0.3184,6.368,1319,-0.4349,2
27.0600,20.00,1.1229,-143730,0.0,0.3627,7.253,1324,-0.3418,2
27.0800,20.00,1.0864,-136446,11.7,0.3918,7.836,1304,-0.2804,2
27.1000,20.00,1.1051,-140176,11.2,0.3960,7.921,1290,-0.2715,2
27.1200,20.00,1.1455,-148253,10.8,0.3846,7.692,1288,-0.2956,2
27.1400,20.00,1.1301,-145170,2.1,0.3920,7.839,1294,-0.2801,2
27.1600,20.00,1.0836,-135878,1.6,0.4182,8.363,1290,-0.2249,2
27.1800,20.00,1.0851,-136187,1.2,0.4291,8.581,1278,-0.2020,2
27.2000,20.00,1.0762,-134403,0.6,0.4412,8.824,1273,-0.1764,2
27.2200,20.01,1.1180,-142766,0.2,0.4271,8.543,1267,-0.2060,2
27.2400,20.00,1.1709,-153342,8.1,0.4007,8.014,1274,-0.2617,2
27.2600,19.99,1.1554,-150232,11.5,0.3986,7.972,1286,-0.2661,2
27.2800,20.00,1.1645,-152057,11.1,0.3858,7.717,1287,-0.2930,2
27.3000,20.00,1.1702,-153190,10.6,0.3754,7.507,1293,-0.3150,2
27.3200,20.00,1.1022,-139600,10.1,0.4043,8.086,1298,-0.2541,2
27.3400,20.00,1.1109,-141335,9.7,0.4083,8.166,1284,-0.2457,2
27.3600,20.00,1.0718,-133510,1.0,0.4359,8.718,1282,-0.1876,2
27.3800,20.00,1.0898,-137112,0.5,0.4372,8.744,1270,-0.1848,2
27.4000,20.00,1.1397,-147105,0.0,0.4178,8.356,1269,-0.2256,2
27.4200,20.01,1.1286,-144873,7.8,0.4198,8.396,1278,-0.2215,2
27.4400,19.99,1.1047,-140090,7.4,0.4296,8.592,1277,-0.2009,2
27.4600,20.00,1.1570,-150561,6.9,0.4057,8.115,1273,-0.2511,2
27.4800,20.00,1.1353,-146212,10.4,0.4101,8.203,1284,-0.2418,2
27.5000,20.00,1.1684,-152827,9.9,0.3886,7.772,1282,-0.2871,2
27.5200,20.00,1.1078,-140710,9.4,0.4134,8.267,1292,-0.2350,2
27.5400,20.00,1.1313,-145410,9.0,0.4060,8.120,1280,-0.2505,2
27.5600,20.00,1.1051,-140172,8.5,0.4209,8.418,1284,-0.2192,2
27.5800,20.00,1.1045,-140051,8.0,0.4278,8.557,1277,-0.2046,2
27.6000,20.00,1.1059,-140339,7.5,0.4315,8.631,1273,-0.1968,2
27.6200,20.00,1.1072,-140596,7.1,0.4339,8.679,1272,-0.1917,2
27.6400,20.00,1.1189,-142939,6.7,0.4302,8.605,1271,-0.1995,2
27.6600,20.00,1.0893,-137017,6.2,0.4458,8.916,1272,-0.1667,2
27.6800,20.00,1.1451,-148169,5.7,0.4218,8.437,1265,-0.2172,2
27.7000,20.00,1.1048,-140114,9.2,0.4378,8.756,1276,-0.1836,2
27.7200,20.00,1.1352,-146201,8.8,0.4244,8.489,1269,-0.2117,2
27.7400,20.00,1.1117,-141488,8.2,0.4342,8.684,1275,-0.1911,2
27.7600,20.00,1.1250,-144161,7.8,0.4285,8.571,1271,-0.2031,2
27.7800,20.00,1.1236,-143878,7.3,0.4285,8.570,1273,-0.2032,2
27.8000,20.00,1.1221,-143577,6.8,0.4288,8.576,1273,-0.2026,2
27.8200,20.00,1.1140,-141952,6.3,0.4335,8.669,1273,-0.1927,2
27.8400,20.00,1.1022,-139607,5.9,0.4416,8.832,1271,-0.1755,2
27.8600,20.00,1.1277,-144691,5.5,0.4312,8.623,1267,-0.1975,2
27.8800,20.00,1.1200,-143164,5.0,0.4340,8.680,1272,-0.1916,2
27.9000,20.00,1.1436,-147882,4.6,0.4192,8.385,1271,-0.2227,2
27.9200,20.01,1.1161,-142371,8.1,0.4313,8.625,1278,-0.1973,2
27.9400,19.99,1.1095,-141060,7.6,0.4369,8.738,1272,-0.1855,2
27.9600,20.00,1.0932,-137789,7.1,0.4487,8.974,1269,-0.1606,2
27.9800,20.00,1.1072,-140594,6.6,0.4468,8.936,1264,-0.1646,2
28.0000,20.00,1.1078,-140709,6.1,0.4484,8.968,1265,-0.1613,2
28.0200,20.00,1.1246,-144071,5.7,0.4411,8.822,1264,-0.1767,2
28.0400,20.00,1.1018,-139523,5.2,0.4513,9.025,1267,-0.1552,2
28.0600,20.00,1.0732,-133794,4.8,0.4688,9.375,1263,-0.1184,2
28.0800,20.00,1.0936,-137883,4.3,0.4673,9.345,1254,-0.1216,2
28.1000,20.00,1.1320,-145559,3.9,0.4495,8.991,1255,-0.1589,2
28.1200,20.00,1.1502,-149185,3.4,0.4333,8.667,1263,-0.1930,2
28.1400,20.00,1.1126,-141682,6.8,0.4473,8.947,1271,-0.1635,2
28.1600,20.00,1.1055,-140267,6.4,0.4525,9.051,1264,-0.1526,2
28.1800,20.00,1.1107,-141298,5.9,0.4526,9.052,1262,-0.1524,2
28.2000,20.00,1.0911,-137378,5.4,0.4639,9.277,1262,-0.1287,2
28.2200,20.00,1.0792,-134993,5.0,0.4748,9.496,1257,-0.1057,2
28.2400,20.00,1.1407,-147293,4.5,0.4495,8.990,1252,-0.1589,2
28.2600,20.01,1.1118,-141526,4.1,0.4584,9.168,1263,-0.1402,2
28.2800,19.99,1.1045,-140056,3.6,0.4628,9.256,1259,-0.1309,2
28.3000,20.00,1.0807,-135307,3.2,0.4761,9.522,1257,-0.1029,2
28.3200,20.00,1.0830,-135756,2.7,0.4816,9.631,1251,-0.0915,2
28.3400,20.00,1.0671,-132585,2.2,0.4923,9.847,1249,-0.0687,2
28.3600,20.00,1.1006,-139280,5.7,0.4843,9.687,1243,-0.0856,2
28.3800,20.00,1.1156,-142286,5.2,0.4763,9.526,1247,-0.1026,2
28.4000,20.00,1.1129,-141736,4.8,0.4745,9.490,1251,-0.1063,2
28.4200,20.00,1.1210,-143358,4.2,0.4693,9.387,1252,-0.1172,2
28.4400,20.00,1.0853,-136224,3.8,0.4835,9.671,1254,-0.0873,2
28.4600,20.00,1.0712,-133406,3.3,0.4946,9.891,1248,-0.0641,2
28.4800,20.00,1.0707,-133303,2.9,0.5001,10.002,1243,-0.0524,2
28.5000,20.00,1.0789,-134944,2.5,0.5008,10.016,1240,-0.0509,2
28.5200,20.00,1.0572,-130609,2.0,0.5123,10.246,1240,-0.0268,2
28.5400,20.00,1.0969,-138538,1.6,0.5008,10.015,1234,-0.0510,2
28.5600,20.00,1.1000,-139151,1.1,0.4981,9.962,1240,-0.0567,2
28.5800,20.00,1.0524,-129644,4.6,0.5178,10.355,1241,-0.0153,2
28.6000,20.00,1.0222,-123596,4.1,0.5420,10.840,1232,0.0358,2
28.6200,20.00,1.0486,-128881,3.6,0.5376,10.753,1221,0.0266,2
28.6400,20.00,1.0396,-127085,3.1,0.5480,10.960,1223,0.0484,2
28.6600,20.00,1.0370,-126567,2.7,0.5559,11.118,1218,0.0651,2
28.6800,20.00,1.0636,-131878,2.2,0.5463,10.926,1214,0.0449,2
28.7000,20.00,1.0782,-134803,1.7,0.5382,10.764,1218,0.0278,2
28.7200,20.00,1.0833,-135816,1.2,0.5347,10.694,1222,0.0205,2
28.7400,20.00,1.1099,-141133,0.8,0.5184,10.368,1224,-0.0139,2
28.7600,20.00,1.1196,-143075,0.4,0.5083,10.167,1231,-0.0351,2
28.7800,20.00,1.1058,-140308,12.0,0.5122,10.245,1236,-0.0269,2
28.8000,20.00,1.0751,-134174,3.4,0.5282,10.565,1234,0.0068,2
28.8200,20.00,1.1023,-139611,2.9,0.5168,10.336,1227,-0.0173,2
28.8400,20.00,1.0423,-127615,2.4,0.5476,10.952,1232,0.0475,2
28.8600,20.00,1.0571,-130587,2.0,0.5508,11.015,1218,0.0543,2
28.8800,20.00,1.0722,-133598,1.5,0.5488,10.977,1216,0.0502,2
28.9000,20.00,0.4040,-2,1.0,0.6365,12.731,1217,0.2348,2
28.9200,20.00,1.0549,-130133,0.5,0.6287,12.574,1177,0.2183,2
28.9400,20.00,1.0643,-132012,0.1,0.6229,12.459,1180,0.2062,2
28.9600,20.00,1.0788,-134925,11.8,0.6156,12.313,1183,0.1908,2
28.9800,20.00,1.1173,-142624,11.4,0.5953,11.906,1186,0.1480,2
29.0000,20.00,1.1440,-147952,10.9,0.5671,11.342,1196,0.0886,2
29.0200,20.00,1.1100,-141153,2.3,0.5694,11.388,1209,0.0935,2
29.0400,20.00,1.1300,-145159,1.8,0.5566,11.131,1208,0.0665,2
29.0600,20.00,1.0966,-138483,1.2,0.5639,11.279,1214,0.0820,2
29.0800,20.00,1.1055,-140251,0.8,0.5571,11.142,1210,0.0676,2
29.1000,20.00,1.0639,-131932,0.3,0.5717,11.434,1214,0.0984,2
29.1200,20.00,1.0470,-128560,8.2,0.5886,11.772,1207,0.1339,2
29.1400,20.00,1.0449,-128142,11.7,0.5985,11.970,1199,0.1547,2
29.1600,20.00,1.0222,-123610,11.2,0.6116,12.232,1194,0.1823,2
29.1800,20.00,1.0472,-128593,10.7,0.6124,12.247,1188,0.1839,2
29.2000,20.00,1.0199,-123149,10.2,0.6237,12.473,1188,0.2077,2
29.2200,20.00,1.0273,-124621,9.7,0.6286,12.572,1183,0.2181,2
29.2400,20.00,1.0197,-123098,1.1,0.6352,12.703,1180,0.2319,2
29.2600,20.00,1.0359,-126337,0.6,0.6362,12.724,1177,0.2341,2
29.2800,20.00,1.0162,-122403,0.1,0.6439,12.878,1177,0.2503,2
29.3000,20.00,1.0127,-121692,7.9,0.6506,13.013,1173,0.2645,2
29.3200,20.00,1.0263,-124413,7.5,0.6527,13.055,1170,0.2689,2
29.3400,20.00,1.0176,-122687,7.0,0.6582,13.164,1169,0.2804,2
29.3600,20.00,0.9876,-116679,10.5,0.6702,13.403,1167,0.3056,2
29.3800,20.00,0.9916,-117474,10.0,0.6775,13.551,1161,0.3211,2
29.4000,20.00,0.9921,-117579,9.5,0.6847,13.694,1158,0.3362,2
29.4200,20.00,1.0367,-126503,9.0,0.6803,13.606,1154,0.3269,2
29.4400,20.00,1.0348,-126122,8.6,0.6801,13.601,1156,0.3264,2
29.4600,20.00,1.0370,-126556,8.1,0.6801,13.602,1156,0.3265,2
29.4800,20.00,1.0376,-126688,7.6,0.6808,13.615,1156,0.3279,2
29.5000,20.01,1.0338,-125917,7.1,0.6831,13.662,1156,0.3329,2
29.5200,19.99,1.0782,-134792,6.7,0.6758,13.515,1155,0.3174,2
29.5400,20.00,1.0392,-127009,6.2,0.6795,13.591,1158,0.3253,2
29.5600,20.00,1.0729,-133748,5.8,0.6769,13.537,1157,0.3197,2
29.5800,20.00,1.0823,-135609,9.3,0.6731,13.462,1158,0.3117,2
29.6000,20.00,1.0635,-131850,8.8,0.6734,13.468,1160,0.3124,2
29.6200,20.00,1.0453,-128215,8.4,0.6778,13.556,1159,0.3217,2
29.6400,20.00,1.0111,-121383,7.9,0.6900,13.799,1157,0.3473,2
29.6600,20.00,0.9826,-115675,7.4,0.7056,14.113,1152,0.3803,2
29.6800,20.00,0.9744,-114044,6.9,0.7195,14.391,1145,0.4095,2
29.7000,20.00,0.9830,-115771,6.4,0.7307,14.614,1138,0.4331,2
29.7200,20.00,1.0107,-121302,6.0,0.7345,14.689,1133,0.4410,2
29.7400,20.00,1.0315,-125467,5.6,0.7335,14.670,1131,0.4389,2
29.7600,20.00,1.0457,-128294,5.1,0.7322,14.643,1132,0.4361,2
29.7800,20.00,1.0729,-133739,4.7,0.7257,14.515,1132,0.4226,2
29.8000,20.00,1.0187,-122901,8.1,0.7329,14.659,1135,0.4377,2
29.8200,20.00,1.0245,-124054,7.7,0.7384,14.767,1132,0.4492,2
29.8400,20.00,1.0031,-119784,7.2,0.7494,14.988,1129,0.4724,2
29.8600,20.00,0.9852,-116210,6.7,0.7671,15.343,1124,0.5098,2
29.8800,20.00,1.0168,-122526,6.2,0.7739,15.479,1116,0.5241,2
29.9000,20.00,1.0266,-124491,5.7,0.7775,15.549,1113,0.5315,2
29.9200,20.00,1.0751,-134179,5.3,0.7648,15.296,1111,0.5048,2
29.9400,20.00,1.0441,-127972,4.9,0.7662,15.324,1117,0.5078,2
29.9600,20.00,1.0893,-137020,4.4,0.7525,15.050,1117,0.4789,2
29.9800,20.00,1.1014,-139441,4.0,0.7412,14.825,1123,0.4552,2
30.0000,20.00,1.0721,-133570,3.5,0.7417,14.835,1128,0.4563,2
30.0200,20.00,1.0607,-131293,7.0,0.7432,14.863,1128,0.4593,2
30.0400,20.00,1.0403,-127220,6.5,0.7472,14.945,1127,0.4679,2
30.0600,20.00,1.0384,-126846,6.0,0.7545,15.090,1125,0.4831,2
30.0800,20.00,1.0296,-125083,5.5,0.7633,15.267,1122,0.5017,2
30.1000,20.00,1.0062,-120398,5.1,0.7830,15.660,1118,0.5431,2
30.1200,20.00,1.0192,-123004,4.6,0.7958,15.917,1109,0.5702,2
30.1400,20.00,1.1145,-142061,4.1,0.7742,15.485,1103,0.5247,2
30.1600,20.00,1.1077,-140689,3.7,0.7615,15.230,1113,0.4979,2
30.1800,20.00,1.0425,-127658,3.3,0.7671,15.343,1119,0.5098,2
30.2000,20.00,0.9849,-116145,2.8,0.7965,15.931,1116,0.5717,2
30.2200,20.00,1.0289,-124947,2.4,0.8073,16.146,1102,0.5944,2
30.2400,20.00,1.0826,-135673,5.8,0.8000,15.999,1097,0.5789,2
30.2600,20.00,1.0519,-129530,5.3,0.8039,16.077,1101,0.5871,2
30.2800,20.00,1.0668,-132510,4.9,0.8027,16.054,1099,0.5846,2
30.3000,20.00,1.0644,-132048,4.4,0.8029,16.058,1100,0.5850,2
30.3200,20.00,1.0934,-137839,3.9,0.7933,15.866,1099,0.5649,2
30.3400,20.00,1.1681,-152764,3.4,0.7679,15.359,1104,0.5114,2
30.3600,20.00,1.2102,-161186,3.0,0.7443,14.886,1116,0.4617,2
30.3800,20.00,1.1289,-144940,2.5,0.7461,14.921,1127,0.4654,2
30.4000,20.00,1.1158,-142322,2.1,0.7483,14.966,1126,0.4701,2
30.4200,20.00,1.0500,-129160,1.6,0.7553,15.107,1125,0.4849,2
30.4400,20.01,1.0542,-129991,1.2,0.7631,15.262,1121,0.5012,2
30.4600,20.00,1.0082,-120810,4.5,0.7872,15.744,1118,0.5520,2
30.4800,20.00,0.9766,-114474,4.1,0.8205,16.411,1107,0.6222,2
30.5000,20.00,0.9916,-117482,3.7,0.8416,16.833,1091,0.6666,2
30.5200,20.00,1.0402,-127203,3.2,0.8465,16.931,1082,0.6769,2
30.5400,20.00,1.0975,-138659,2.7,0.8386,16.772,1079,0.6602,2
30.5600,20.00,1.1341,-145972,2.2,0.8172,16.344,1083,0.6151,2
30.5800,20.00,1.1614,-151425,1.7,0.7944,15.888,1093,0.5671,2
30.6000,20.00,1.1199,-143142,1.4,0.7909,15.817,1103,0.5597,2
30.6200,20.00,1.0829,-135748,0.8,0.7935,15.869,1105,0.5652,2
30.6400,20.00,1.0852,-136193,0.5,0.7950,15.901,1104,0.5685,2
30.6600,20.00,1.0953,-138218,0.0,0.7946,15.891,1103,0.5675,2
30.6800,20.00,1.0628,-131724,3.5,0.7999,15.998,1103,0.5787,2
30.7000,20.00,1.1783,-154823,3.0,0.7818,15.637,1101,0.5407,2
30.7200,20.00,1.2211,-163375,2.5,0.7625,15.251,1109,0.5001,2
30.7400,20.00,1.1767,-154484,2.1,0.7543,15.087,1118,0.4828,2
30.7600,20.00,1.1268,-144525,1.5,0.7583,15.165,1122,0.4911,2
30.7800,20.00,1.1530,-149747,1.1,0.7549,15.097,1120,0.4839,2
30.8000,20.00,1.1398,-147122,0.7,0.7560,15.119,1122,0.4862,2
30.8200,20.00,1.1361,-146366,0.2,0.7571,15.141,1121,0.4885,2
30.8400,20.00,1.1218,-143523,12.0,0.7604,15.208,1121,0.4956,2
30.8600,20.00,1.1502,-149196,11.4,0.7569,15.139,1119,0.4883,2
30.8800,20.00,1.1526,-149665,11.0,0.7551,15.101,1121,0.4844,2
30.9000,20.00,1.1763,-154405,2.3,0.7505,15.011,1122,0.4748,2
30.9200,20.00,1.1832,-155798,1.8,0.7466,14.932,1124,0.4665,2
30.9400,20.00,1.1224,-143633,1.4,0.7534,15.069,1126,0.4809,2
30.9600,20.00,1.1739,-153942,0.9,0.7480,14.960,1122,0.4695,2
30.9800,20.00,1.1905,-157251,0.4,0.7433,14.866,1125,0.4596,2
31.0000,20.00,1.1930,-157761,8.2,0.7395,14.790,1127,0.4516,2
31.0200,20.00,1.2644,-172035,11.8,0.7252,14.504,1129,0.4214,2
31.0400,20.00,1.2267,-164492,11.2,0.7221,14.442,1136,0.4150,2
31.0600,20.00,1.1912,-157397,10.8,0.7220,14.441,1137,0.4148,2
31.0800,20.00,1.2121,-161576,10.2,0.7189,14.379,1137,0.4083,2
31.1000,20.00,1.2287,-164894,9.8,0.7134,14.268,1138,0.3967,2
31.1200,20.00,1.2530,-169755,1.1,0.7032,14.064,1141,0.3751,2
31.1400,20.00,1.2451,-168167,0.6,0.6972,13.945,1146,0.3626,2
31.1600,20.00,1.2274,-164628,0.2,0.6958,13.917,1149,0.3597,2
31.1800,20.00,1.2336,-165861,7.9,0.6910,13.820,1149,0.3494,2
31.2000,20.00,1.2369,-166534,7.4,0.6854,13.708,1151,0.3377,2
31.2200,20.00,1.1827,-155699,7.1,0.6926,13.851,1154,0.3527,2
31.2400,20.00,1.1778,-154706,10.6,0.6964,13.927,1151,0.3608,2
31.2601,20.12,1.2109,-161336,10.2,0.6936,13.871,1149,0.3549,2
31.2800,19.88,1.2079,-160723,9.5,0.6919,13.837,1150,0.3513,2
31.3000,20.00,1.1870,-156547,9.1,0.6936,13.871,1151,0.3549,2
31.3200,20.00,1.2165,-162459,8.5,0.6893,13.785,1150,0.3458,2
31.3400,20.00,1.2400,-167147,8.1,0.6788,13.576,1152,0.3238,2
31.3600,20.00,1.2752,-174193,7.6,0.6543,13.087,1157,0.2723,2
31.3800,19.99,1.2649,-172119,7.1,0.6380,12.759,1168,0.2378,2
31.4000,20.01,1.2452,-168186,6.9,0.6320,12.641,1176,0.2254,2
31.4200,20.00,1.2527,-169684,6.4,0.6214,12.427,1179,0.2028,2
31.4400,20.00,1.2083,-160817,5.8,0.6287,12.575,1184,0.2184,2
31.4600,20.00,1.1937,-157900,9.4,0.6393,12.786,1180,0.2406,2
31.4800,20.00,1.2498,-169115,8.7,0.6248,12.495,1175,0.2100,2
31.5000,20.00,1.1937,-157897,8.5,0.6350,12.699,1182,0.2315,2
31.5200,20.00,1.1933,-157805,7.9,0.6423,12.847,1177,0.2470,2
31.5400,20.00,1.1938,-157918,7.5,0.6462,12.924,1174,0.2551,2
31.5600,20.00,1.1736,-153873,7.0,0.6538,13.077,1172,0.2713,2
31.5800,20.00,1.2252,-164195,6.6,0.6438,12.877,1169,0.2502,2
31.6000,20.00,1.2146,-162078,6.1,0.6391,12.782,1173,0.2402,2
31.6200,20.00,1.2175,-162644,5.7,0.6328,12.656,1176,0.2269,2
31.6400,20.00,1.1524,-149640,5.2,0.6469,12.938,1178,0.2566,2
31.6600,20.00,1.2077,-160693,4.8,0.6421,12.842,1172,0.2466,2
31.6800,20.00,1.1892,-156990,8.2,0.6430,12.861,1174,0.2485,2
31.7000,20.00,1.2124,-161638,7.8,0.6361,12.723,1174,0.2340,2
31.7200,20.00,1.2105,-161248,7.2,0.6304,12.609,1177,0.2220,2
31.7400,20.00,1.2136,-161879,6.8,0.6235,12.470,1179,0.2074,2
31.7600,20.00,1.2079,-160733,6.3,0.6195,12.389,1183,0.1989,2
31.7800,20.00,1.1837,-155889,5.8,0.6274,12.548,1185,0.2156,2
31.8000,20.00,1.2243,-164005,5.4,0.6134,12.267,1181,0.1860,2
31.8200,20.00,1.2067,-160500,5.0,0.6101,12.203,1187,0.1792,2
31.8400,20.00,1.2433,-167814,4.5,0.5925,11.849,1189,0.1421,2
31.8600,20.00,1.2419,-167527,4.1,0.5811,11.622,1197,0.1182,2
31.8800,20.00,1.1901,-157175,3.7,0.5921,11.843,1202,0.1413,2
31.9000,20.00,1.1817,-155492,7.1,0.6002,12.004,1197,0.1584,2
31.9200,20.00,1.1174,-142632,6.6,0.6174,12.348,1194,0.1946,2
31.9400,20.00,1.1579,-150733,6.1,0.6283,12.566,1185,0.2175,2
31.9600,20.00,1.1537,-149896,5.6,0.6353,12.706,1180,0.2322,2
31.9800,20.00,1.1873,-156620,5.2,0.6288,12.577,1177,0.2186,2
32.0000,20.00,1.2287,-164894,4.7,0.6115,12.230,1180,0.1821,2
32.0200,20.00,1.2135,-161849,4.2,0.6019,12.039,1188,0.1620,2
32.0400,20.00,1.1740,-153960,3.8,0.6098,12.196,1193,0.1785,2
32.0600,20.00,1.2153,-162215,3.3,0.5969,11.937,1189,0.1513,2
32.0800,19.99,1.1668,-152521,2.9,0.6059,12.119,1195,0.1704,2
32.1000,20.00,1.1941,-157982,2.5,0.6025,12.049,1191,0.1631,2
32.1200,20.00,1.1424,-147645,5.9,0.6139,12.277,1192,0.1871,2
32.1400,20.00,1.0878,-136712,5.4,0.6240,12.480,1187,0.2084,2
32.1600,20.01,1.1153,-142212,5.0,0.6374,12.748,1182,0.2366,2
32.1800,20.00,1.0757,-134289,4.5,0.6477,12.954,1176,0.2583,2
32.2000,20.00,1.0560,-130365,4.0,0.6616,13.232,1172,0.2876,2
32.2200,20.00,1.0396,-127076,3.5,0.6778,13.557,1165,0.3217,2
32.2400,20.00,1.0453,-128224,3.1,0.6926,13.851,1157,0.3528,2
32.2600,20.00,1.0648,-132114,2.6,0.7019,14.039,1151,0.3725,2
32.2800,20.00,1.0647,-132096,2.2,0.7089,14.177,1146,0.3871,2
32.3000,20.00,1.0724,-133636,1.7,0.7139,14.278,1143,0.3977,2
32.3200,20.00,1.0691,-132970,1.2,0.7185,14.371,1141,0.4074,2
32.3400,20.00,1.0659,-132336,4.7,0.7232,14.464,1139,0.4172,2
32.3600,20.00,1.1503,-149217,4.2,0.7134,14.269,1137,0.3967,2
32.3800,20.00,1.1353,-146211,3.8,0.7098,14.196,1141,0.3891,2
32.4000,20.00,1.1362,-146405,3.3,0.7066,14.132,1143,0.3823,2
32.4200,20.00,1.0868,-136511,2.8,0.7101,14.203,1144,0.3897,2
32.4400,20.00,1.1042,-139999,2.4,0.7121,14.241,1143,0.3938,2
32.4600,20.00,1.1519,-149542,1.9,0.7059,14.118,1142,0.3808,2
32.4800,20.00,1.1129,-141741,1.5,0.7083,14.165,1144,0.3858,2
32.5000,20.00,1.1027,-139697,1.0,0.7109,14.218,1143,0.3914,2
32.5200,20.00,1.1007,-139288,0.6,0.7135,14.269,1142,0.3968,2
32.5400,20.00,1.0959,-138330,4.1,0.7163,14.326,1141,0.4027,2
32.5600,20.00,1.1189,-142946,3.6,0.7164,14.329,1140,0.4030,2
32.5800,20.00,1.0927,-137703,3.1,0.7182,14.365,1140,0.4068,2
32.6000,20.00,1.0538,-129927,2.7,0.7221,14.441,1139,0.4149,2
32.6200,20.00,1.0784,-134833,2.2,0.7265,14.531,1137,0.4243,2
32.6400,20.00,1.1061,-140372,1.6,0.7279,14.559,1135,0.4272,2
32.6600,20.00,1.1046,-140074,1.2,0.7280,14.559,1134,0.4273,2
32.6800,20.00,1.0546,-130082,0.8,0.7330,14.659,1134,0.4378,2
32.7000,20.00,1.0514,-129446,0.2,0.7391,14.782,1132,0.4507,2
32.7200,20.00,1.0757,-134290,12.0,0.7412,14.824,1129,0.4551,2
32.7400,20.00,1.0689,-132948,11.5,0.7447,14.894,1128,0.4625,2
32.7600,20.00,1.0198,-123130,2.9,0.7571,15.143,1127,0.4887,2
32.7800,20.00,1.0084,-120851,2.4,0.7818,15.636,1121,0.5407,2
32.8000,20.00,1.0060,-120369,1.8,0.8040,16.081,1109,0.5874,2
32.8200,20.00,1.0221,-123583,1.4,0.8168,16.336,1099,0.6143,2
32.8400,20.00,1.0616,-131470,1.0,0.8175,16.350,1093,0.6158,2
32.8600,20.00,1.0603,-131222,0.5,0.8172,16.344,1093,0.6152,2
32.8800,20.00,1.0787,-134893,0.0,0.8117,16.235,1093,0.6037,2
32.9000,20.00,1.0784,-134843,11.8,0.8073,16.146,1095,0.5943,2
32.9200,20.00,1.1216,-143478,11.4,0.7887,15.774,1097,0.5551,2
32.9400,20.00,1.1360,-146363,10.8,0.7754,15.508,1106,0.5272,2
32.9600,20.00,1.1522,-149593,10.4,0.7638,15.277,1112,0.5028,2
32.9800,20.00,1.0845,-136059,1.7,0.7673,15.347,1118,0.5102,2
33.0000,20.00,1.1039,-139930,1.2,0.7691,15.382,1116,0.5138,2
33.0200,20.00,1.1136,-141878,0.8,0.7687,15.374,1115,0.5131,2
33.0400,20.00,1.0766,-134476,0.2,0.7719,15.438,1115,0.5198,2
33.0600,20.01,1.0543,-130026,8.0,0.7811,15.622,1114,0.5392,2
33.0800,20.00,1.0314,-125450,7.5,0.7999,15.999,1110,0.5788,2
33.1000,20.00,1.0754,-134246,11.0,0.8056,16.111,1101,0.5907,2
33.1200,20.00,1.1313,-145420,10.5,0.7924,15.847,1098,0.5629,2
33.1400,20.00,1.0712,-133391,10.1,0.7995,15.989,1104,0.5778,2
33.1600,20.00,1.0293,-125024,9.6,0.8139,16.278,1101,0.6082,2
33.1800,20.00,1.0855,-136267,9.1,0.8140,16.279,1094,0.6084,2
33.2000,20.00,1.0529,-129748,0.5,0.8185,16.370,1094,0.6179,2
33.2200,20.00,1.0879,-136733,0.1,0.8160,16.320,1092,0.6127,2
33.2400,20.00,1.0799,-135138,7.9,0.8149,16.299,1093,0.6104,2
33.2600,20.00,1.0546,-130085,7.3,0.8184,16.368,1094,0.6176,2
33.2800,20.00,1.0273,-124625,7.0,0.8266,16.533,1092,0.6350,2
33.3000,20.00,1.0001,-119186,6.4,0.8398,16.796,1089,0.6628,2
33.3200,20.00,1.0599,-131139,9.9,0.8390,16.780,1082,0.6610,2
33.3400,20.00,1.1082,-140802,9.5,0.8290,16.580,1083,0.6400,2
33.3600,20.00,1.0482,-128798,9.0,0.8300,16.600,1087,0.6421,2
33.3800,20.00,1.0908,-137323,8.6,0.8251,16.503,1087,0.6319,2
33.4000,20.00,1.0571,-130582,8.1,0.8257,16.514,1089,0.6331,2
33.4200,20.00,1.0916,-137481,7.6,0.8210,16.421,1089,0.6233,2
33.4400,20.00,1.1781,-154771,7.0,0.7925,15.849,1091,0.5631,2
33.4600,20.00,1.1327,-145698,6.7,0.7862,15.723,1104,0.5498,2
33.4800,20.00,1.1220,-143548,6.2,0.7838,15.676,1107,0.5449,2
33.5000,20.00,1.0325,-125657,5.8,0.7949,15.899,1108,0.5683,2
33.5200,20.00,1.0390,-126963,5.3,0.8067,16.133,1103,0.5930,2
33.5400,20.00,0.9979,-118744,8.8,0.8258,16.516,1098,0.6333,2
33.5600,20.00,0.9455,-108268,8.3,0.8517,17.035,1089,0.6879,2
33.5800,20.00,0.9801,-115175,7.9,0.8660,17.321,1077,0.7180,2
33.6000,20.00,1.0240,-123963,7.3,0.8656,17.312,1070,0.7170,2
33.6200,20.00,1.0550,-130154,6.9,0.8601,17.203,1070,0.7055,2
33.6400,20.00,1.0522,-129609,6.4,0.8561,17.122,1073,0.6970,2
33.6600,20.00,1.0496,-129071,5.9,0.8533,17.066,1075,0.6911,2
33.6800,20.00,1.0449,-128140,5.5,0.8519,17.038,1076,0.6882,2
33.7000,20.00,1.1022,-139603,5.1,0.8403,16.805,1077,0.6637,2
33.7200,20.00,1.1280,-144762,4.6,0.8210,16.421,1082,0.6232,2
33.7400,20.00,1.1346,-146073,4.2,0.8032,16.063,1091,0.5856,2
33.7600,20.00,1.0405,-127262,7.6,0.8145,16.290,1099,0.6094,2
33.7800,20.00,1.0039,-119943,7.2,0.8300,16.600,1094,0.6421,2
33.8000,20.00,1.0693,-133017,6.7,0.8294,16.588,1087,0.6408,2
33.8200,20.00,1.0454,-128233,6.2,0.8319,16.639,1087,0.6462,2
33.8400,20.01,0.9993,-119014,5.7,0.8443,16.886,1086,0.6722,2
33.8600,20.00,1.0166,-122487,5.2,0.8510,17.021,1080,0.6864,2
33.8800,20.00,1.0151,-122187,4.8,0.8569,17.137,1077,0.6987,2
33.9000,20.00,1.0916,-137480,4.3,0.8469,16.938,1074,0.6777,2
33.9200,20.00,1.0696,-133078,3.9,0.8413,16.826,1079,0.6659,2
33.9400,20.00,1.0489,-128947,3.4,0.8406,16.812,1082,0.6644,2
33.9600,20.00,1.0854,-136233,3.0,0.8344,16.688,1082,0.6513,2
33.9800,20.00,1.0840,-135967,6.4,0.8287,16.575,1085,0.6394,2
34.0000,20.00,1.0780,-134757,6.0,0.8252,16.504,1088,0.6320,2
34.0200,20.00,1.0933,-137813,5.5,0.8196,16.392,1089,0.6202,2
34.0400,20.00,1.1007,-139305,5.0,0.8128,16.257,1092,0.6060,2
34.0600,20.00,1.0935,-137864,4.6,0.8086,16.171,1095,0.5970,2
34.0800,20.00,1.1375,-146654,4.1,0.7927,15.854,1097,0.5636,2
34.1000,20.00,1.0925,-137649,3.6,0.7937,15.874,1104,0.5657,2
34.1200,20.00,1.0688,-132920,3.2,0.7978,15.957,1104,0.5744,2
34.1400,20.00,1.0732,-133798,2.7,0.8015,16.030,1102,0.5821,2
34.1600,20.00,1.0554,-130248,2.3,0.8088,16.176,1100,0.5975,2
34.1800,20.00,1.0490,-128958,1.8,0.8159,16.318,1097,0.6124,2
34.2000,20.00,1.1158,-142311,5.3,0.8051,16.101,1093,0.5896,2
34.2200,20.00,1.0828,-135723,4.8,0.8059,16.118,1098,0.5913,2
34.2400,20.00,1.1496,-149070,4.3,0.7894,15.788,1098,0.5566,2
34.2600,20.00,1.1549,-150140,3.8,0.7801,15.603,1106,0.5371,2
34.2800,20.00,1.1924,-157627,3.4,0.7668,15.336,1110,0.5091,2
34.3000,20.00,1.1626,-151678,2.9,0.7600,15.201,1116,0.4948,2
34.3200,20.00,1.1148,-142110,2.5,0.7648,15.295,1119,0.5048,2
34.3400,20.00,1.2279,-164723,2.0,0.7492,14.984,1117,0.4720,2
34.3600,20.00,1.1699,-153129,1.6,0.7475,14.950,1124,0.4684,2
34.3800,20.00,1.1147,-142098,1.1,0.7556,15.111,1125,0.4854,2
34.4000,20.00,1.0919,-137539,0.7,0.7628,15.256,1121,0.5006,2
34.4200,20.00,1.0971,-138579,4.2,0.7670,15.340,1118,0.5095,2
34.4400,20.00,1.1124,-141646,3.7,0.7695,15.390,1116,0.5148,2
34.4600,20.00,1.1832,-155795,3.2,0.7592,15.183,1115,0.4930,2
34.4800,20.00,1.2319,-165523,2.7,0.7458,14.916,1120,0.4649,2
34.5000,20.00,1.2261,-164361,2.2,0.7382,14.764,1126,0.4489,2
34.5200,20.00,1.2317,-165500,1.7,0.7308,14.616,1130,0.4333,2
34.5400,20.00,1.2100,-161142,1.2,0.7276,14.552,1133,0.4266,2
34.5600,20.00,1.2723,-173616,0.9,0.7121,14.241,1134,0.3938,2
34.5800,20.00,1.2585,-170850,0.4,0.7035,14.070,1142,0.3758,2
34.6000,20.00,1.3026,-179674,12.1,0.6818,13.636,1146,0.3301,2
34.6200,20.00,1.2670,-172548,11.6,0.6750,13.500,1156,0.3158,2
34.6400,20.00,1.1979,-158723,3.0,0.6871,13.742,1159,0.3412,2
34.6600,20.00,1.2480,-168748,2.5,0.6791,13.582,1153,0.3244,2
34.6800,20.00,1.2647,-172084,2.0,0.6653,13.306,1157,0.2953,2
34.7000,20.00,1.3072,-180588,1.5,0.6316,12.632,1163,0.2244,2
34.7200,19.99,1.2406,-167273,1.1,0.6357,12.714,1179,0.2331,2
34.7400,20.00,1.2975,-178657,0.6,0.6075,12.151,1177,0.1738,2
34.7600,20.00,1.2509,-169320,0.1,0.6093,12.186,1190,0.1775,2
34.7800,20.00,1.2177,-162699,11.9,0.6194,12.387,1189,0.1986,2
34.8000,20.00,1.1772,-154585,11.4,0.6404,12.808,1185,0.2429,2
34.8200,20.00,1.1521,-149568,10.9,0.6643,13.285,1175,0.2932,2
34.8400,19.99,1.1421,-147576,10.5,0.6800,13.601,1164,0.3264,2
34.8600,20.00,1.1170,-142566,1.8,0.6946,13.892,1156,0.3571,2
34.8800,20.00,1.1445,-148054,1.3,0.6983,13.966,1150,0.3648,2
34.9000,20.00,1.2222,-163586,0.9,0.6830,13.660,1148,0.3326,2
34.9200,20.00,1.2836,-175859,0.4,0.6531,13.062,1155,0.2697,2
34.9400,20.00,1.2925,-177652,8.2,0.6238,12.475,1169,0.2079,2
34.9600,20.00,1.2857,-176281,7.7,0.5992,11.984,1182,0.1562,2
34.9800,20.00,1.2955,-178255,11.2,0.5762,11.524,1194,0.1078,2
35.0000,20.00,1.2150,-162155,10.8,0.5896,11.791,1205,0.1359,2
35.0200,20.00,1.2321,-165570,10.2,0.5921,11.842,1198,0.1413,2
35.0400,20.00,1.2016,-159479,9.8,0.6011,12.023,1197,0.1603,2
35.0600,20.00,1.1752,-154190,9.3,0.6156,12.313,1193,0.1908,2
35.0800,20.00,1.1511,-149375,0.6,0.6336,12.672,1186,0.2286,2
35.1000,20.00,1.1412,-147404,0.1,0.6474,12.947,1178,0.2576,2
35.1200,20.00,1.1286,-144878,7.9,0.6593,13.186,1172,0.2827,2
35.1400,20.00,1.1730,-153759,7.5,0.6600,13.199,1166,0.2841,2
35.1600,20.00,1.2037,-159889,7.0,0.6517,13.034,1166,0.2668,2
35.1800,20.00,1.2051,-160163,6.6,0.6452,12.904,1170,0.2531,2
35.2000,20.00,1.2324,-165624,10.1,0.6320,12.640,1173,0.2252,2
35.2200,20.00,1.2423,-167612,9.5,0.6141,12.282,1179,0.1876,2
35.2400,20.00,1.2605,-171247,9.1,0.5906,11.812,1187,0.1381,2
35.2600,20.00,1.2882,-176783,8.6,0.5591,11.182,1198,0.0718,2
35.2800,20.02,1.2846,-176075,8.2,0.5351,10.702,1213,0.0213,2
35.3000,19.98,1.2556,-170269,7.7,0.5292,10.585,1224,0.0089,2
35.3200,20.00,1.1627,-151686,7.2,0.5534,11.068,1227,0.0598,2
35.3400,20.00,1.0904,-137229,6.8,0.5874,11.748,1215,0.1314,2
35.3600,20.00,1.0456,-128277,6.3,0.6149,12.299,1199,0.1894,2
35.3800,20.00,0.9894,-117037,5.9,0.6501,13.002,1187,0.2634,2
35.4000,20.00,1.0169,-122546,5.4,0.6764,13.528,1170,0.3187,2
35.4200,20.00,1.0581,-130787,8.9,0.6947,13.894,1158,0.3572,2
35.4400,20.00,1.1511,-149369,8.4,0.6954,13.908,1150,0.3588,2
35.4600,20.00,1.2407,-167292,7.9,0.6679,13.358,1149,0.3008,2
35.4800,20.00,1.3001,-179176,7.4,0.6230,12.460,1162,0.2064,2
35.5000,20.01,1.3528,-189708,6.9,0.5587,11.174,1183,0.0709,2
35.5200,19.99,1.3308,-185300,6.5,0.5281,10.561,1213,0.0064,2
35.5400,20.00,1.2762,-174384,6.0,0.5169,10.338,1227,-0.0170,2
35.5600,20.00,1.2292,-164982,5.6,0.5218,10.435,1232,-0.0068,2
35.5800,20.00,1.1730,-153753,5.2,0.5437,10.874,1230,0.0394,2
35.6000,20.00,1.1371,-146582,4.7,0.5701,11.402,1220,0.0950,2
35.6200,20.00,1.1163,-142417,4.2,0.5931,11.862,1208,0.1434,2
35.6400,20.00,1.0726,-133670,7.6,0.6108,12.217,1197,0.1807,2
35.6600,20.00,1.1143,-142014,7.2,0.6292,12.583,1188,0.2193,2
35.6800,20.00,1.1035,-139862,6.8,0.6411,12.823,1180,0.2445,2
35.7000,20.00,1.1454,-148236,6.2,0.6487,12.973,1175,0.2603,2
35.7200,20.00,1.1365,-146453,5.8,0.6530,13.059,1171,0.2694,2
35.7400,20.00,1.1526,-149678,5.3,0.6509,13.019,1169,0.2651,2
35.7600,20.00,1.1871,-156563,4.9,0.6388,12.776,1170,0.2396,2
35.7800,20.00,1.1935,-157853,4.4,0.6288,12.576,1176,0.2185,2
35.8000,20.00,1.2360,-166346,4.0,0.6081,12.162,1180,0.1749,2
35.8200,20.00,1.2277,-164693,3.6,0.5927,11.853,1190,0.1424,2
35.8400,20.00,1.2306,-165278,3.1,0.5787,11.574,1197,0.1130,2
35.8600,20.00,1.1933,-157809,6.5,0.5834,11.668,1204,0.1230,2
35.8800,20.00,1.1769,-154533,6.1,0.5876,11.752,1201,0.1318,2
35.9000,20.00,1.1824,-155639,5.6,0.5884,11.768,1199,0.1335,2
35.9200,20.00,1.2059,-160338,5.1,0.5803,11.606,1199,0.1164,2
35.9400,20.00,1.2052,-160182,4.6,0.5748,11.495,1203,0.1048,2
35.9600,20.00,1.2101,-161172,4.2,0.5676,11.351,1205,0.0896,2
35.9800,20.00,1.1938,-157906,3.7,0.5683,11.367,1209,0.0912,2
36.0000,20.00,1.1589,-150943,3.2,0.5771,11.543,1208,0.1098,2
36.0200,20.00,1.1481,-148782,2.8,0.5838,11.676,1204,0.1238,2
36.0400,20.00,1.1508,-149307,2.4,0.5896,11.793,1201,0.1361,2
36.0600,20.00,1.1665,-152458,1.9,0.5909,11.818,1198,0.1388,2
36.0800,20.00,1.1757,-154289,5.4,0.5895,11.791,1198,0.1359,2
36.1000,20.00,1.1803,-155204,4.9,0.5867,11.734,1198,0.1299,2
36.1200,20.00,1.1362,-146395,4.5,0.5943,11.885,1200,0.1458,2
36.1400,20.00,1.1335,-145849,4.0,0.6018,12.036,1196,0.1617,2
36.1600,20.00,1.1089,-140943,3.4,0.6093,12.187,1193,0.1776,2
36.1800,20.00,1.1416,-147481,3.0,0.6151,12.301,1189,0.1896,2
36.2000,20.00,1.1827,-155699,2.5,0.6068,12.135,1187,0.1721,2
36.2200,20.00,1.1719,-153531,2.1,0.6039,12.077,1190,0.1660,2
36.2400,20.00,1.1700,-153160,1.7,0.6009,12.019,1192,0.1599,2
36.2600,20.00,1.1646,-152072,1.2,0.5994,11.988,1193,0.1566,2
36.2800,20.00,1.1677,-152691,0.8,0.5973,11.945,1194,0.1521,2
36.3000,20.00,1.1827,-155697,4.2,0.5921,11.842,1195,0.1413,2
36.3200,20.00,1.1716,-153479,3.8,0.5902,11.803,1197,0.1372,2
36.3400,20.00,1.1688,-152914,3.2,0.5889,11.777,1198,0.1345,2
36.3600,20.00,1.1705,-153254,2.8,0.5872,11.744,1199,0.1309,2
36.3800,20.00,1.1589,-150927,2.3,0.5885,11.770,1200,0.1337,2
36.4000,20.00,1.1579,-150740,1.8,0.5898,11.796,1199,0.1364,2
36.4200,20.00,1.1459,-148340,1.4,0.5931,11.863,1198,0.1434,2
36.4400,20.00,1.1411,-147369,0.9,0.5971,11.941,1197,0.1517,2
36.4600,20.00,1.1578,-150711,0.5,0.5969,11.938,1195,0.1513,2
36.4800,20.00,1.1742,-154003,0.0,0.5932,11.865,1195,0.1437,2
36.5000,20.00,1.1400,-147161,11.7,0.5967,11.934,1197,0.1510,2
36.5200,20.00,1.1747,-154090,3.1,0.5930,11.859,1195,0.1431,2
36.5400,20.00,1.1411,-147378,2.5,0.5960,11.920,1197,0.1495,2
36.5600,20.00,1.1402,-147197,2.1,0.5994,11.988,1195,0.1566,2
36.5800,20.00,1.1509,-149332,1.6,0.5999,11.997,1194,0.1576,2
36.6000,20.00,1.1573,-150610,1.0,0.5988,11.976,1194,0.1554,2
36.6200,20.00,1.1949,-158135,0.7,0.5872,11.745,1194,0.1311,2
36.6400,20.01,1.1839,-155934,0.2,0.5825,11.649,1200,0.1210,2
36.6600,20.00,1.1894,-157028,12.0,0.5766,11.533,1202,0.1087,2
36.6800,20.00,1.1837,-155903,11.5,0.5732,11.464,1205,0.1015,2
36.7000,20.00,1.1829,-155727,11.0,0.5703,11.407,1206,0.0954,2
36.7200,20.00,1.1822,-155599,10.6,0.5679,11.357,1207,0.0902,2
36.7400,20.00,1.1066,-140477,1.9,0.5787,11.573,1208,0.1130,2
36.7600,20.00,0.9770,-114561,1.4,0.6124,12.248,1204,0.1840,2
36.7800,20.00,0.9360,-106375,0.9,0.6537,13.073,1188,0.2708,2
36.8000,20.00,0.9471,-108578,0.4,0.6890,13.780,1169,0.3452,2
36.8200,20.00,0.9705,-113266,8.2,0.7121,14.242,1152,0.3939,2
36.8400,20.00,0.9914,-117445,7.7,0.7272,14.545,1142,0.4258,2
36.8600,20.00,1.0684,-132836,11.2,0.7269,14.538,1135,0.4251,2
36.8800,20.00,1.1874,-156628,10.8,0.6913,13.827,1135,0.3502,2
36.9000,20.00,1.2407,-167293,10.2,0.6580,13.160,1151,0.2800,2
36.9200,20.00,1.3019,-179517,9.8,0.6006,12.012,1167,0.1592,2
36.9400,20.00,1.2764,-174436,9.4,0.5827,11.655,1193,0.1215,2
36.9600,20.00,1.2238,-163913,0.7,0.5815,11.630,1202,0.1190,2
36.9800,20.00,1.1852,-156200,0.2,0.5862,11.724,1202,0.1288,2
37.0000,20.00,1.1620,-151561,8.0,0.5908,11.815,1200,0.1385,2
37.0200,20.00,1.0523,-129614,7.6,0.6076,12.152,1198,0.1739,2
37.0400,20.01,0.9600,-111165,7.1,0.6432,12.865,1190,0.2489,2
37.0600,19.99,0.9043,-100019,6.7,0.6874,13.749,1174,0.3420,2
37.0800,20.00,0.9147,-102107,10.1,0.7243,14.486,1153,0.4195,2
37.1000,20.00,0.9489,-108946,9.6,0.7586,15.172,1136,0.4918,2
37.1200,20.00,0.9226,-103682,9.2,0.7997,15.994,1120,0.5783,2
37.1400,20.00,0.9368,-106520,8.7,0.8272,16.545,1101,0.6363,2
37.1600,20.00,0.9979,-118736,8.2,0.8309,16.619,1088,0.6441,2
37.1800,20.00,1.0736,-133875,7.7,0.8141,16.281,1086,0.6086,2
37.2000,20.00,1.2317,-165498,7.3,0.7203,14.406,1094,0.4111,2
37.2200,20.00,1.3189,-182924,6.9,0.6421,12.843,1138,0.2466,2
37.2400,20.00,1.2538,-169914,6.4,0.6559,13.118,1174,0.2756,2
37.2600,20.00,1.2984,-178824,5.9,0.6249,12.498,1168,0.2103,2
37.2800,20.00,1.2404,-167239,5.5,0.6255,12.511,1182,0.2116,2
37.3000,20.00,1.1484,-148841,9.0,0.6423,12.846,1182,0.2470,2
37.3200,20.00,1.1228,-143726,8.4,0.6542,13.084,1174,0.2720,2
37.3400,20.00,1.0289,-124940,8.0,0.6667,13.333,1169,0.2982,2
37.3600,20.00,0.9650,-112162,7.5,0.6930,13.859,1163,0.3536,2
37.3800,20.00,0.9346,-106094,7.1,0.7228,14.457,1150,0.4165,2
37.4000,20.00,0.9396,-107090,6.6,0.7621,15.242,1137,0.4992,2
37.4200,20.00,0.9876,-116692,6.1,0.7881,15.762,1118,0.5539,2
37.4400,20.00,1.0072,-120600,5.7,0.8035,16.069,1106,0.5863,2
37.4600,20.00,1.1092,-140998,5.2,0.7806,15.612,1099,0.5381,2
37.4800,20.00,1.2008,-159312,4.8,0.7422,14.844,1110,0.4572,2
37.5000,20.00,1.2382,-166794,4.3,0.7146,14.291,1128,0.3991,2
37.5200,20.00,1.1961,-158382,7.8,0.7070,14.140,1140,0.3832,2
37.5400,20.00,1.1360,-146364,7.3,0.7127,14.254,1144,0.3952,2
37.5600,20.00,1.1482,-148787,6.9,0.7112,14.224,1141,0.3920,2
37.5800,20.00,1.1296,-145067,6.4,0.7132,14.264,1142,0.3962,2
37.6000,20.00,1.1589,-150930,5.9,0.7083,14.165,1141,0.3858,2
37.6200,20.00,1.1016,-139478,5.3,0.7128,14.255,1143,0.3953,2
37.6400,20.00,1.1094,-141037,5.0,0.7159,14.318,1141,0.4019,2
37.6600,20.00,1.1275,-144658,4.5,0.7175,14.349,1140,0.4052,2
37.6800,20.00,1.0911,-137371,4.0,0.7205,14.411,1139,0.4117,2
37.7000,20.00,1.0885,-136854,3.6,0.7245,14.489,1138,0.4199,2
37.7200,20.00,1.1048,-140119,3.2,0.7265,14.531,1136,0.4243,2
37.7400,20.00,1.0973,-138613,6.7,0.7290,14.580,1135,0.4295,2
37.7600,20.00,1.0939,-137944,6.1,0.7318,14.635,1134,0.4353,2
37.7800,20.00,1.0709,-133340,5.7,0.7371,14.741,1132,0.4465,2
37.8000,20.00,1.0152,-122201,5.2,0.7460,14.920,1130,0.4653,2
37.8200,20.00,1.0303,-125211,4.8,0.7592,15.184,1126,0.4931,2
37.8400,20.00,1.0579,-130733,4.2,0.7678,15.355,1120,0.5111,2
37.8600,20.00,1.0601,-131180,3.8,0.7740,15.481,1116,0.5243,2
37.8800,20.00,1.0678,-132715,3.3,0.7776,15.551,1113,0.5317,2
37.9000,20.00,1.1039,-139943,2.9,0.7724,15.449,1111,0.5209,2
37.9200,20.00,1.1301,-145175,2.5,0.7649,15.298,1114,0.5050,2
37.9400,20.00,1.1301,-145183,2.0,0.7589,15.178,1117,0.4924,2
37.9600,20.00,1.0851,-136176,5.5,0.7611,15.221,1120,0.4970,2
37.9800,20.00,1.0562,-130397,5.0,0.7676,15.353,1119,0.5108,2
38.0000,20.00,1.0628,-131713,4.5,0.7757,15.513,1116,0.5277,2
38.0200,20.00,1.0861,-136379,4.0,0.7793,15.586,1112,0.5354,2
38.0400,20.00,1.1037,-139907,3.5,0.7778,15.556,1110,0.5323,2
38.0600,20.00,1.0960,-138363,3.1,0.7780,15.560,1111,0.5327,2
38.0800,20.00,1.0759,-134343,2.6,0.7827,15.654,1111,0.5425,2
38.1000,20.00,1.0463,-128430,2.2,0.7952,15.905,1109,0.5689,2
38.1200,20.00,1.0691,-132976,1.8,0.8019,16.038,1103,0.5830,2
38.1400,20.01,1.0308,-125316,1.2,0.8172,16.345,1100,0.6153,2
38.1600,20.00,1.0557,-130293,0.8,0.8242,16.485,1093,0.6300,2
38.1800,20.00,1.0878,-136708,4.2,0.8214,16.428,1090,0.6240,2
38.2000,20.00,1.0743,-134014,3.8,0.8205,16.409,1091,0.6220,2
38.2200,20.00,1.1163,-142424,3.3,0.8082,16.165,1091,0.5963,2
38.2400,20.00,1.0905,-137254,2.8,0.8064,16.128,1097,0.5924,2
38.2600,20.00,1.0652,-132191,2.4,0.8101,16.202,1098,0.6003,2
38.2800,20.00,1.1367,-146489,1.9,0.7940,15.880,1096,0.5663,2
38.3000,20.00,1.1252,-144206,1.5,0.7888,15.776,1104,0.5553,2
38.3200,20.00,1.1005,-139251,1.0,0.7885,15.771,1106,0.5548,2
38.3400,20.00,1.0771,-134569,0.6,0.7915,15.830,1106,0.5610,2
38.3600,20.00,1.0390,-126969,0.1,0.8032,16.063,1105,0.5856,2
38.3800,20.00,1.0747,-134107,11.8,0.8062,16.124,1099,0.5920,2
38.4000,19.99,1.0400,-127162,3.1,0.8153,16.306,1098,0.6112,2
38.4200,20.00,1.0378,-126728,2.6,0.8232,16.463,1094,0.6277,2
38.4400,20.00,1.0491,-128988,2.2,0.8271,16.541,1090,0.6359,2
38.4600,20.00,1.0640,-131957,1.7,0.8275,16.550,1088,0.6369,2
38.4800,20.00,1.0921,-137570,1.2,0.8225,16.450,1088,0.6264,2
38.5000,20.00,1.1051,-140187,0.7,0.8142,16.285,1090,0.6089,2
38.5200,20.00,1.1032,-139795,0.3,0.8069,16.139,1094,0.5936,2
38.5400,20.00,1.1040,-139961,12.1,0.8008,16.017,1098,0.5807,2
38.5600,20.00,1.0863,-136410,11.6,0.8004,16.008,1100,0.5798,2
38.5800,20.00,1.0575,-130656,11.1,0.8070,16.140,1101,0.5937,2
38.6000,20.00,1.0371,-126588,10.7,0.8167,16.334,1098,0.6141,2
38.6200,20.00,1.0456,-128278,2.0,0.8228,16.456,1093,0.6270,2
38.6400,20.00,1.0509,-129347,1.5,0.8263,16.526,1090,0.6344,2
38.6600,20.00,1.0733,-133812,1.0,0.8253,16.507,1089,0.6323,2
38.6806,20.56,1.0953,-138211,9.4,0.8196,16.392,1089,0.6202,2
38.7000,19.44,1.1091,-140985,0.0,0.8100,16.201,1092,0.6001,2
38.7200,20.00,1.1973,-158622,7.9,0.7837,15.674,1096,0.5446,2
38.7400,20.00,1.3005,-179256,11.4,0.7334,14.667,1108,0.4387,2
38.7600,20.01,1.2783,-174802,10.9,0.7269,14.537,1132,0.4250,2
38.7800,20.00,1.2261,-164380,10.4,0.7264,14.529,1135,0.4241,2
38.8000,20.00,1.1559,-150344,10.0,0.7314,14.628,1135,0.4345,2
38.8200,20.00,1.1699,-153140,9.5,0.7307,14.614,1133,0.4330,2
38.8400,20.00,1.2066,-160476,0.8,0.7262,14.524,1133,0.4236,2
38.8600,20.00,1.1286,-144878,0.3,0.7346,14.692,1135,0.4412,2
38.8800,20.00,1.1028,-139712,8.1,0.7433,14.865,1131,0.4595,2
38.9000,20.00,1.1467,-148499,7.7,0.7414,14.828,1127,0.4555,2
38.9200,20.00,1.1798,-155122,7.2,0.7364,14.729,1128,0.4451,2
38.9400,20.00,1.2434,-167827,6.7,0.7250,14.501,1130,0.4211,2
38.9600,20.00,1.1915,-157450,10.2,0.7237,14.473,1136,0.4182,2
38.9800,20.00,1.1859,-156325,9.8,0.7224,14.448,1136,0.4156,2
39.0000,20.00,1.2768,-174507,9.2,0.7051,14.101,1137,0.3791,2
39.0200,20.00,1.2080,-160752,8.8,0.7069,14.139,1145,0.3830,2
39.0400,20.00,1.2060,-160357,8.3,0.7057,14.114,1144,0.3805,2
39.0600,20.00,1.1394,-147033,7.8,0.7154,14.308,1145,0.4008,2
39.0800,20.00,1.1912,-157383,7.4,0.7114,14.228,1140,0.3924,2
39.1000,20.00,1.2088,-160906,6.9,0.7069,14.139,1142,0.3830,2
39.1200,20.00,1.1885,-156854,6.5,0.7066,14.132,1144,0.3823,2
39.1400,20.00,1.2060,-160352,6.0,0.7033,14.065,1144,0.3753,2
39.1600,20.00,1.2035,-159849,5.6,0.7009,14.017,1146,0.3702,2
39.1800,20.00,1.2213,-163417,9.1,0.6958,13.917,1147,0.3596,2
39.2000,20.00,1.2398,-167104,8.6,0.6877,13.755,1149,0.3426,2
39.2200,20.00,1.2091,-160964,8.1,0.6874,13.748,1153,0.3419,2
39.2400,20.00,1.1822,-155590,7.6,0.6906,13.812,1153,0.3486,2
39.2600,20.00,1.1872,-156585,7.1,0.6911,13.821,1152,0.3496,2
39.2800,20.00,1.2016,-159466,6.7,0.6880,13.760,1151,0.3432,2
39.3000,20.00,1.1906,-157269,6.2,0.6880,13.759,1153,0.3431,2
39.3200,20.00,1.2489,-168920,5.8,0.6723,13.446,1153,0.3101,2
39.3400,20.00,1.2592,-170993,5.3,0.6540,13.080,1160,0.2715,2
39.3600,20.00,1.2717,-173492,4.9,0.6318,12.636,1169,0.2248,2
39.3800,20.00,1.2911,-177375,4.4,0.6032,12.065,1179,0.1647,2
39.4000,20.00,1.2173,-162619,7.9,0.6123,12.246,1192,0.1838,2
39.4200,20.00,1.1625,-151664,7.4,0.6352,12.703,1188,0.2319,2
39.4400,20.00,1.1244,-144029,7.0,0.6587,13.173,1177,0.2814,2
39.4600,20.00,1.1039,-139941,6.5,0.6780,13.559,1166,0.3220,2
39.4800,20.00,1.1318,-145519,6.0,0.6894,13.788,1157,0.3461,2
39.5000,20.00,1.1900,-157151,5.5,0.6812,13.625,1152,0.3289,2
39.5200,20.00,1.2136,-161862,5.1,0.6716,13.432,1156,0.3086,2
39.5400,20.00,1.2887,-176891,4.6,0.6376,12.753,1160,0.2371,2
39.5600,20.00,1.3135,-181845,4.2,0.5948,11.895,1176,0.1469,2
39.5800,20.00,1.3346,-186064,3.7,0.5554,11.107,1196,0.0639,2
39.6000,20.00,1.3339,-185928,3.2,0.5213,10.426,1214,-0.0077,2
39.6200,20.00,1.3442,-187987,6.7,0.5006,10.012,1230,-0.0514,2
39.6400,20.00,1.3294,-185019,6.2,0.4871,9.742,1240,-0.0798,2
39.6600,19.99,1.3358,-186298,5.8,0.4738,9.477,1246,-0.1077,2
39.6800,20.00,1.3331,-185758,5.3,0.4565,9.130,1252,-0.1443,2
39.7000,20.00,1.1947,-158098,4.8,0.4770,9.539,1260,-0.1011,2
39.7200,20.00,1.2194,-163034,4.4,0.4911,9.822,1251,-0.0714,2
39.7400,19.99,1.1120,-141548,3.9,0.5238,10.477,1244,-0.0024,2
39.7600,20.00,1.1009,-139341,3.5,0.5596,11.193,1229,0.0729,2
39.7800,20.00,1.1052,-140203,3.0,0.5904,11.807,1212,0.1376,2
39.8000,20.00,1.1704,-153240,2.6,0.6031,12.062,1198,0.1645,2
39.8200,20.00,1.1958,-158303,2.1,0.6013,12.026,1192,0.1606,2
39.8400,20.00,1.2468,-168514,5.6,0.5766,11.531,1193,0.1085,2
39.8600,20.00,1.2211,-163362,5.1,0.5715,11.430,1205,0.0979,2
39.8800,20.00,1.2639,-171928,4.6,0.5443,10.887,1207,0.0407,2
39.9000,20.00,1.3314,-185431,4.1,0.4992,9.984,1219,-0.0543,2
39.9200,20.00,1.3411,-187366,3.6,0.4743,9.486,1240,-0.1068,2
39.9400,20.00,1.3175,-182638,3.2,0.4571,9.141,1252,-0.1430,2
39.9600,20.00,1.2906,-177265,2.7,0.4474,8.948,1260,-0.1634,2
39.9800,20.00,1.2674,-172635,2.2,0.4430,8.861,1264,-0.1726,2
40.0000,20.00,1.2710,-173357,1.8,0.4387,8.773,1266,-0.1818,2
40.0200,20.00,1.2391,-166963,1.4,0.4432,8.864,1269,-0.1722,2
40.0400,20.00,1.1575,-150655,0.9,0.4771,9.542,1266,-0.1008,2
40.0600,20.00,1.2183,-162815,4.4,0.4794,9.587,1251,-0.0961,2
40.0800,19.99,1.1986,-158869,3.9,0.4887,9.774,1250,-0.0765,2
40.1000,20.00,1.1667,-152491,3.4,0.5055,10.109,1245,-0.0411,2
40.1200,20.00,1.1619,-151541,3.0,0.5172,10.344,1237,-0.0164,2
40.1400,20.00,1.1984,-158824,2.5,0.5118,10.236,1232,-0.0278,2
40.1600,20.00,1.2008,-159320,2.0,0.5088,10.177,1234,-0.0340,2
40.1800,20.00,1.2115,-161449,1.6,0.5033,10.067,1236,-0.0456,2
40.2000,20.00,1.2339,-165939,1.1,0.4908,9.817,1238,-0.0719,2
40.2200,20.00,1.2037,-159893,0.7,0.4944,9.888,1244,-0.0644,2
40.2400,20.00,1.2670,-172550,0.3,0.4672,9.344,1243,-0.1217,2
40.2600,20.00,1.2341,-165964,11.9,0.4657,9.314,1255,-0.1249,2
40.2800,20.00,1.2328,-165704,3.2,0.4624,9.248,1256,-0.1318,2
40.3000,20.00,1.2153,-162214,2.7,0.4656,9.312,1257,-0.1251,2
40.3200,20.00,1.2178,-162714,2.2,0.4653,9.305,1256,-0.1257,2
40.3400,20.00,1.2012,-159398,1.8,0.4712,9.424,1256,-0.1132,2
40.3600,20.00,1.2409,-167336,1.3,0.4544,9.088,1253,-0.1486,2
40.3800,20.00,1.1743,-154014,0.9,0.4745,9.489,1261,-0.1064,2
40.4000,20.00,1.1783,-154815,0.4,0.4840,9.679,1252,-0.0864,2
40.4200,20.00,1.1781,-154780,12.2,0.4883,9.767,1247,-0.0772,2
40.4400,20.00,1.1773,-154610,11.7,0.4912,9.824,1245,-0.0712,2
40.4600,20.00,1.1874,-156642,11.2,0.4896,9.792,1244,-0.0745,2
40.4800,20.00,1.1763,-154415,10.7,0.4927,9.854,1245,-0.0680,2
40.5000,20.00,1.1983,-158810,2.1,0.4866,9.731,1243,-0.0809,2
40.5200,20.00,1.2077,-160693,1.6,0.4800,9.601,1246,-0.0947,2
40.5400,20.00,1.1854,-156235,1.1,0.4840,9.680,1249,-0.0863,2
40.5600,20.00,1.1855,-156252,0.6,0.4850,9.700,1247,-0.0842,2
40.5800,20.00,1.2355,-166250,0.1,0.4606,9.213,1247,-0.1355,2
40.6000,20.00,1.2518,-169506,8.0,0.4371,8.743,1258,-0.1850,2
40.6200,20.00,1.1866,-156471,11.5,0.4550,9.100,1269,-0.1474,2
40.6400,20.00,1.1890,-156954,11.0,0.4626,9.251,1261,-0.1314,2
40.6600,20.00,1.1964,-158437,10.5,0.4622,9.245,1257,-0.1321,2
40.6800,20.00,1.1367,-146488,10.1,0.4837,9.675,1258,-0.0868,2
40.7000,20.00,1.2146,-162064,9.6,0.4639,9.278,1248,-0.1286,2
40.7200,20.00,1.1396,-147082,0.9,0.4851,9.703,1257,-0.0839,2
40.7400,20.00,1.1850,-156147,0.4,0.4813,9.626,1247,-0.0920,2
40.7600,20.00,1.1293,-145007,8.2,0.4942,9.883,1249,-0.0649,2
40.7800,20.00,1.1730,-153758,7.7,0.4905,9.811,1243,-0.0726,2
40.8000,20.00,1.1550,-150147,7.2,0.4937,9.875,1244,-0.0658,2
40.8200,20.00,1.1698,-153121,6.9,0.4921,9.841,1243,-0.0694,2
40.8400,20.00,1.2167,-162497,10.3,0.4701,9.403,1244,-0.1155,2
40.8600,20.00,1.1594,-151040,9.8,0.4847,9.694,1254,-0.0849,2
40.8800,20.00,1.1942,-157987,9.4,0.4775,9.550,1247,-0.1000,2
40.9000,19.99,1.2072,-160586,8.8,0.4649,9.299,1250,-0.1264,2
40.9200,20.00,1.1740,-153962,8.4,0.4745,9.490,1256,-0.1063,2
40.9400,20.00,1.2386,-166871,7.9,0.4390,8.781,1252,-0.1810,2
40.9600,20.00,1.1292,-144987,7.5,0.4770,9.539,1268,-0.1011,2
40.9800,20.00,1.2333,-165814,7.0,0.4418,8.835,1251,-0.1752,2
41.0000,20.00,1.1493,-149021,6.6,0.4685,9.369,1267,-0.1190,2
41.0200,20.00,1.1853,-156207,6.2,0.4666,9.332,1255,-0.1229,2
41.0400,20.00,1.1434,-147838,5.7,0.4797,9.593,1256,-0.0954,2
41.0600,20.00,1.1789,-154934,9.1,0.4753,9.506,1250,-0.1046,2
41.0800,20.00,1.1598,-151110,8.7,0.4792,9.585,1251,-0.0963,2
41.1000,20.00,1.1598,-151110,28.7,0.4810,9.620,1251,-0.0926,2
41.1200,20.00,1.1373,-146614,7.7,0.4879,9.759,1249,-0.0780,2
41.1400,20.01,1.2058,-160311,7.2,0.4657,9.315,1246,-0.1247,2
41.1600,20.00,1.1777,-154694,6.8,0.4718,9.435,1256,-0.1121,2
41.1800,20.00,1.1702,-153194,6.3,0.4747,9.493,1253,-0.1060,2
41.2000,20.00,1.2161,-162379,5.9,0.4489,8.979,1252,-0.1602,2
41.2200,20.00,1.1299,-145137,5.4,0.4772,9.544,1264,-0.1007,2
41.2400,20.00,1.2055,-160244,5.0,0.4561,9.122,1251,-0.1450,2
41.2600,20.00,1.1155,-142257,4.5,0.4844,9.689,1260,-0.0854,2
41.2800,20.00,1.2007,-159284,8.0,0.4620,9.240,1247,-0.1326,2
41.3000,20.00,1.1437,-147894,7.5,0.4774,9.548,1258,-0.1002,2
41.3200,20.00,1.1880,-156754,7.0,0.4660,9.320,1250,-0.1242,2
41.3400,20.00,1.1784,-154825,6.5,0.4665,9.329,1256,-0.1232,2
41.3600,20.00,1.1014,-139438,6.0,0.4923,9.845,1256,-0.0689,2
41.3800,20.00,1.1439,-147932,5.6,0.4882,9.764,1243,-0.0775,2
41.4000,20.00,1.2020,-159558,5.1,0.4645,9.289,1246,-0.1274,2
41.4200,20.00,1.1737,-153900,4.7,0.4703,9.407,1256,-0.1151,2
41.4400,20.00,1.1908,-157313,4.2,0.4609,9.218,1254,-0.1349,2
41.4600,20.00,1.1721,-153578,3.8,0.4652,9.304,1258,-0.1258,2
41.4800,20.00,1.2448,-168113,3.4,0.4199,8.397,1256,-0.2213,2
41.5000,20.00,1.1390,-146953,6.8,0.4585,9.169,1277,-0.1401,2
41.5200,20.00,1.2126,-161669,6.3,0.4326,8.651,1259,-0.1946,2
41.5400,20.00,1.1340,-145955,5.8,0.4635,9.270,1271,-0.1294,2
41.5600,19.99,1.1897,-157094,5.3,0.4491,8.982,1257,-0.1597,2
41.5800,20.00,1.1181,-142780,4.9,0.4776,9.553,1264,-0.0997,2
41.6000,20.00,1.1608,-151318,4.5,0.4714,9.427,1250,-0.1129,2
41.6200,20.00,1.1476,-148668,4.0,0.4752,9.504,1253,-0.1048,2
41.6400,20.00,1.2264,-164438,3.6,0.4362,8.723,1252,-0.1870,2
41.6600,20.00,1.1682,-152797,3.1,0.4506,9.011,1270,-0.1567,2
41.6800,20.00,1.1696,-153072,2.6,0.4549,9.099,1263,-0.1475,2
41.7000,20.00,1.1272,-144598,2.2,0.4740,9.481,1261,-0.1073,2
41.7200,20.00,1.1912,-157392,5.6,0.4532,9.065,1252,-0.1511,2
41.7400,20.00,1.1904,-157236,5.2,0.4437,8.875,1262,-0.1711,2
41.7600,20.00,1.0716,-133472,4.7,0.4966,9.933,1266,-0.0597,2
41.7800,20.00,1.0594,-131031,4.2,0.5129,10.258,1242,-0.0255,2
41.8000,20.00,1.1614,-151442,3.7,0.4907,9.813,1234,-0.0723,2
41.8200,20.00,1.0927,-137700,3.2,0.5068,10.135,1244,-0.0384,2
41.8400,20.00,1.1839,-155927,2.8,0.4813,9.627,1237,-0.0919,2
41.8600,20.00,1.2573,-170606,2.4,0.4308,8.616,1249,-0.1983,2
41.8800,20.00,1.2135,-161842,2.0,0.4259,8.517,1272,-0.2087,2
41.9000,20.00,0.8796,-95081,1.5,0.5686,11.373,1274,0.0919,2
41.9200,20.00,1.5594,-231012,1.0,0.1515,3.029,1208,-0.7864,2
41.9400,20.00,1.0519,-129534,4.5,0.4754,9.507,1402,-0.1045,2
41.9600,20.00,1.1863,-156410,4.0,0.4469,8.938,1251,-0.1644,2
41.9800,20.00,1.2678,-172710,3.5,0.3873,7.745,1265,-0.2900,2
42.0000,20.00,0.9085,-100860,3.1,0.5570,11.139,1292,0.0673,2
42.0200,20.00,1.2881,-176771,2.6,0.4332,8.664,1214,-0.1932,2
42.0400,20.00,1.0328,-125716,2.1,0.5123,10.246,1271,-0.0268,2
42.0600,20.00,1.2998,-179102,1.6,0.4177,8.355,1234,-0.2258,2
42.0800,20.00,1.1602,-151200,1.2,0.4446,8.893,1278,-0.1692,2
42.1000,20.00,1.2140,-161960,0.8,0.4200,8.401,1266,-0.2210,2
42.1200,20.00,1.3224,-183618,0.3,0.3530,7.061,1277,-0.3620,2
42.1400,20.00,1.2150,-162155,12.0,0.3631,7.261,1308,-0.3409,2
42.1600,20.00,0.8561,-90395,3.3,0.5824,11.647,1304,0.1208,2
42.1800,20.00,1.3615,-191439,2.8,0.3787,7.573,1202,-0.3081,2
42.2000,20.00,1.0635,-131861,2.4,0.4868,9.735,1296,-0.0805,2
42.2200,20.00,1.2328,-165706,1.9,0.4235,8.470,1246,-0.2137,2
42.2400,20.00,1.1122,-141602,1.4,0.4709,9.418,1275,-0.1139,2
42.2600,20.00,1.1786,-154872,0.9,0.4478,8.957,1253,-0.1625,2
42.2800,20.00,1.2679,-172731,0.5,0.3876,7.753,1264,-0.2892,2
42.3000,20.00,1.1321,-145576,0.0,0.4430,8.860,1292,-0.1727,2
42.3200,20.00,1.1654,-152233,11.8,0.4372,8.743,1266,-0.1849,2
42.3400,20.00,1.1443,-148009,11.2,0.4483,8.967,1269,-0.1614,2
42.3600,20.00,1.0899,-137136,10.8,0.4858,9.716,1264,-0.0825,2
42.3800,20.00,1.1192,-142997,2.1,0.4843,9.685,1246,-0.0858,2
42.4000,20.00,1.2016,-159465,1.7,0.4438,8.875,1247,-0.1710,2
42.4200,20.00,1.1594,-151035,1.2,0.4518,9.036,1266,-0.1541,2
42.4400,20.00,1.0224,-123632,0.7,0.5176,10.352,1262,-0.0156,2
42.4600,20.00,1.0174,-122640,4.4,0.5399,10.797,1232,0.0313,2
42.4800,20.00,1.0174,-122640,24.4,0.5674,11.348,1232,0.0893,2
42.5000,20.00,1.0174,-122640,44.4,0.5913,11.826,1232,0.1396,2
42.5200,20.00,0.4040,-1,7.0,0.6789,13.578,1198,0.3240,2
42.5400,20.00,0.4040,-1,6.5,0.7531,15.063,1157,0.4803,2
42.5600,20.00,1.1629,-151733,10.1,0.6424,12.849,1123,0.2472,2
42.5800,20.00,1.0724,-133630,9.7,0.6697,13.395,1174,0.3047,2
42.6000,20.00,1.2413,-167420,0.9,0.5895,11.790,1161,0.1358,2
42.6200,20.00,1.3216,-183469,0.5,0.5103,10.206,1198,-0.0310,2
42.6400,20.00,1.3424,-187634,0.0,0.4836,9.671,1235,-0.0873,2
42.6600,20.00,1.3576,-190658,7.8,0.4391,8.782,1248,-0.1808,2
42.6800,20.00,1.3700,-193134,7.2,0.3897,7.794,1268,-0.2848,2
42.7000,20.00,1.2974,-178636,6.9,0.3660,7.320,1291,-0.3348,2
42.7200,20.00,1.1288,-144910,10.4,0.4420,8.840,1302,-0.1748,2
42.7400,20.00,1.0261,-124391,9.9,0.5136,10.271,1267,-0.0241,2
42.7600,20.00,1.0120,-121569,9.4,0.5354,10.708,1234,0.0219,2
42.7800,20.00,0.9645,-112073,9.0,0.5743,11.486,1224,0.1037,2
42.8000,20.01,1.0119,-121548,8.5,0.5939,11.879,1205,0.1451,2
42.8200,20.00,0.9437,-107909,8.0,0.6318,12.636,1196,0.2249,2
42.8401,20.07,0.9158,-102334,7.7,0.6593,13.186,1179,0.2827,2
42.8600,19.93,1.0457,-128308,7.0,0.6594,13.188,1166,0.2830,2
42.8800,20.00,1.0822,-135590,6.7,0.6519,13.037,1166,0.2671,2
42.9000,20.00,1.1024,-139640,6.2,0.6417,12.835,1169,0.2458,2
42.9200,20.00,1.1394,-147037,5.8,0.6228,12.457,1174,0.2060,2
42.9400,20.00,1.1969,-158531,9.2,0.5828,11.656,1183,0.1217,2
42.9600,20.00,1.2128,-161710,8.8,0.5494,10.988,1201,0.0513,2
42.9800,20.00,1.2034,-159829,8.2,0.5316,10.633,1217,0.0140,2
43.0000,20.00,1.2272,-164599,7.8,0.5092,10.183,1225,-0.0334,2
43.0200,20.00,1.2019,-159538,7.3,0.5016,10.032,1236,-0.0493,2
43.0400,20.00,1.1487,-148902,6.8,0.5094,10.188,1239,-0.0328,2
43.0600,20.00,1.1251,-144175,6.4,0.5159,10.318,1236,-0.0192,2
43.0800,20.00,1.0117,-121508,5.9,0.5598,11.196,1233,0.0732,2
43.1000,20.00,1.0027,-119712,5.4,0.5897,11.794,1212,0.1362,2
43.1200,20.00,0.9923,-117619,5.1,0.6196,12.392,1198,0.1992,2
43.1400,20.00,0.9667,-112513,4.5,0.6527,13.055,1185,0.2689,2
43.1600,20.00,0.9892,-116997,8.1,0.6726,13.452,1169,0.3107,2
43.1800,20.00,1.0947,-138094,7.6,0.6621,13.243,1160,0.2887,2
43.2000,20.00,1.0711,-133377,7.0,0.6610,13.221,1165,0.2864,2
43.2200,20.00,1.0220,-123570,6.6,0.6717,13.434,1165,0.3089,2
43.2400,20.00,1.0569,-130537,6.1,0.6732,13.465,1160,0.3121,2
43.2600,19.99,1.1115,-141462,5.7,0.6630,13.260,1160,0.2905,2
43.2800,20.00,1.1245,-144055,5.2,0.6518,13.036,1164,0.2670,2
43.3000,20.00,1.1866,-156467,4.8,0.6222,12.445,1169,0.2047,2
43.3200,20.00,1.1695,-153050,4.3,0.6075,12.150,1183,0.1737,2
43.3400,20.00,1.1511,-149384,3.9,0.5998,11.996,1190,0.1575,2
43.3600,20.00,1.1373,-146623,3.4,0.5964,11.927,1194,0.1503,2
43.3800,20.00,1.1401,-147166,6.8,0.5938,11.876,1195,0.1448,2
43.4000,20.00,1.1143,-142012,6.4,0.5960,11.920,1196,0.1495,2
43.4200,20.00,1.0777,-134696,5.9,0.6049,12.099,1195,0.1683,2
43.4400,20.00,1.1161,-142371,5.4,0.6072,12.143,1191,0.1729,2
43.4600,20.00,1.1239,-143935,4.9,0.6078,12.157,1190,0.1744,2
43.4800,20.00,1.1431,-147772,4.5,0.6052,12.104,1190,0.1688,2
43.5000,20.00,1.1341,-145969,4.0,0.6038,12.076,1191,0.1659,2
43.5200,20.00,1.1050,-140165,3.6,0.6070,12.140,1192,0.1726,2
43.5400,20.00,1.0653,-132224,3.1,0.6180,12.361,1190,0.1959,2
43.5600,20.00,1.0354,-126243,2.6,0.6349,12.699,1185,0.2314,2
43.5800,20.00,1.0398,-127115,2.1,0.6527,13.055,1177,0.2689,2
43.6000,20.00,1.0250,-124160,5.8,0.6721,13.443,1169,0.3098,2
43.6200,20.00,0.9505,-109274,5.2,0.6971,13.942,1160,0.3623,2
43.6400,20.00,0.9629,-111752,4.8,0.7182,14.364,1149,0.4068,2
43.6600,20.00,1.0220,-123567,4.2,0.7276,14.552,1139,0.4265,2
43.6800,20.00,1.0118,-121527,3.7,0.7349,14.698,1134,0.4419,2
43.7000,20.00,1.0048,-120122,3.4,0.7451,14.902,1131,0.4634,2
43.7200,20.00,1.0268,-124520,2.9,0.7494,14.989,1126,0.4725,2
43.7400,20.00,1.1106,-141283,2.5,0.7294,14.589,1124,0.4304,2
43.7600,20.01,1.1598,-151123,2.0,0.7065,14.129,1134,0.3820,2
43.7800,20.00,1.1650,-152148,1.5,0.6921,13.842,1144,0.3518,2
43.8000,20.00,1.0940,-137955,1.1,0.6961,13.923,1151,0.3603,2
43.8200,20.00,1.1056,-140275,4.6,0.6967,13.934,1149,0.3615,2
43.8400,20.00,1.1385,-146854,4.1,0.6909,13.817,1149,0.3492,2
43.8600,20.00,1.1298,-145124,3.6,0.6887,13.773,1151,0.3446,2
43.8800,20.00,1.0549,-130130,3.1,0.6951,13.902,1153,0.3582,2
43.9000,20.00,1.0405,-127262,2.7,0.7037,14.075,1150,0.3763,2
43.9200,20.00,1.0284,-124834,2.2,0.7146,14.291,1146,0.3991,2
43.9400,20.00,1.0512,-129407,1.7,0.7233,14.467,1140,0.4175,2
43.9600,20.00,1.0288,-124931,1.2,0.7316,14.632,1136,0.4349,2
43.9800,20.00,1.0598,-131129,0.9,0.7378,14.756,1133,0.4480,2
44.0000,20.00,1.0728,-133721,0.4,0.7390,14.780,1130,0.4505,2
44.0200,20.00,1.0667,-132509,12.1,0.7400,14.800,1129,0.4526,2
44.0400,20.00,1.0107,-121301,3.4,0.7474,14.947,1129,0.4681,2
44.0600,20.00,1.0011,-119392,2.9,0.7681,15.363,1125,0.5119,2
44.0800,20.00,1.0622,-131602,2.4,0.7700,15.401,1116,0.5159,2
44.1000,20.00,1.0745,-134063,2.0,0.7657,15.314,1115,0.5067,2
44.1200,20.00,1.0504,-129234,1.5,0.7680,15.359,1117,0.5115,2
44.1400,20.00,1.0183,-122830,1.0,0.7830,15.661,1116,0.5432,2
44.1600,20.00,1.0252,-124196,0.5,0.7951,15.901,1109,0.5686,2
44.1800,20.00,1.0543,-130025,0.1,0.7981,15.961,1103,0.5749,2
44.2000,20.00,1.0619,-131535,11.9,0.7972,15.944,1102,0.5730,2
44.2200,20.00,1.0938,-137912,11.4,0.7832,15.664,1102,0.5435,2
44.2400,20.00,1.0730,-133749,10.9,0.7802,15.605,1109,0.5373,2
44.2600,20.00,1.1119,-141530,2.2,0.7690,15.381,1110,0.5138,2
44.2800,20.00,1.1399,-147144,1.8,0.7568,15.136,1115,0.4880,2
44.3000,20.00,1.1331,-145784,1.2,0.7497,14.995,1121,0.4732,2
44.3200,20.00,1.0877,-136691,0.8,0.7517,15.033,1124,0.4772,2
44.3400,20.00,1.0611,-131379,0.3,0.7570,15.139,1123,0.4883,2
44.3600,20.00,1.0475,-128653,8.2,0.7676,15.352,1121,0.5107,2
44.3800,20.00,1.0166,-122481,11.7,0.7894,15.787,1116,0.5565,2
44.4000,20.00,1.0334,-125845,11.2,0.8047,16.095,1106,0.5889,2
44.4200,20.00,1.0243,-124020,10.7,0.8195,16.390,1099,0.6200,2
44.4400,20.00,1.0138,-121914,10.2,0.8340,16.680,1092,0.6505,2
44.4600,20.00,1.0276,-124690,9.7,0.8424,16.848,1085,0.6683,2
44.4800,20.00,1.0791,-134985,1.1,0.8384,16.769,1081,0.6599,2
44.5000,20.00,1.0860,-136359,0.6,0.8328,16.655,1083,0.6479,2
44.5200,20.00,1.1535,-149859,0.1,0.8031,16.061,1085,0.5854,2
44.5400,20.00,1.1709,-153339,7.9,0.7853,15.705,1099,0.5479,2
44.5600,20.00,1.1739,-153936,7.4,0.7730,15.459,1108,0.5220,2
44.5800,20.00,1.1740,-153947,7.0,0.7631,15.262,1113,0.5013,2
44.6000,20.00,1.1096,-141077,10.5,0.7674,15.348,1118,0.5103,2
44.6200,20.00,1.0769,-134535,9.9,0.7734,15.468,1116,0.5229,2
44.6400,20.00,1.0377,-126703,9.4,0.7844,15.689,1113,0.5462,2
44.6600,20.00,1.0325,-125651,9.0,0.8004,16.007,1108,0.5797,2
44.6800,20.00,1.0303,-125225,8.6,0.8138,16.275,1101,0.6079,2
44.7000,20.00,0.9711,-113383,8.1,0.8379,16.757,1094,0.6586,2
44.7200,20.00,0.9855,-116267,7.6,0.8528,17.057,1083,0.6902,2
44.7400,20.00,1.0089,-120945,7.2,0.8595,17.189,1076,0.7041,2
44.7600,20.00,1.0161,-122384,6.7,0.8628,17.257,1073,0.7112,2
44.7800,20.00,1.1008,-139319,6.2,0.8494,16.988,1072,0.6829,2
44.8000,20.00,1.1724,-153624,5.9,0.8106,16.212,1078,0.6013,2
44.8200,20.00,1.2540,-169941,9.3,0.7734,15.468,1096,0.5229,2
44.8400,20.00,1.2878,-176702,8.8,0.7388,14.777,1113,0.4502,2
44.8600,20.00,1.3058,-180301,8.3,0.7182,14.365,1129,0.4068,2
44.8800,20.00,1.2719,-173525,7.9,0.7109,14.217,1139,0.3913,2
44.9000,20.00,1.2483,-168813,7.4,0.7079,14.159,1142,0.3851,2
44.9200,20.00,1.1894,-157023,6.9,0.7108,14.215,1143,0.3911,2
44.9400,20.00,1.1146,-142070,6.5,0.7251,14.502,1142,0.4212,2
44.9600,20.00,1.1071,-140570,6.0,0.7338,14.675,1136,0.4395,2
44.9800,20.00,1.1222,-143603,5.6,0.7374,14.747,1131,0.4471,2
45.0000,20.00,1.0979,-138739,5.1,0.7442,14.884,1130,0.4614,2
45.0200,20.00,1.1457,-148302,4.7,0.7418,14.835,1127,0.4564,2
45.0400,20.00,1.1168,-142518,8.1,0.7469,14.938,1128,0.4672,2
45.0600,20.00,1.1550,-150151,7.7,0.7428,14.856,1125,0.4585,2
45.0800,20.00,1.1717,-153499,7.2,0.7387,14.773,1127,0.4498,2
45.1000,20.00,1.1879,-156723,6.7,0.7341,14.682,1129,0.4403,2
45.1200,20.00,1.1921,-157569,6.2,0.7300,14.599,1131,0.4315,2
45.1400,20.00,1.2092,-160983,5.8,0.7243,14.487,1133,0.4197,2
45.1600,20.00,1.2385,-166842,5.3,0.7153,14.306,1136,0.4006,2
45.1800,20.00,1.2443,-168001,4.9,0.7070,14.141,1140,0.3832,2
45.2000,20.00,1.2361,-166371,4.4,0.7013,14.026,1144,0.3711,2
45.2200,20.00,1.2531,-169761,3.9,0.6912,13.823,1147,0.3498,2
45.2400,20.00,1.2279,-164721,3.5,0.6893,13.786,1151,0.3459,2
45.2600,20.00,1.2373,-166602,6.9,0.6825,13.651,1152,0.3316,2
45.2800,20.00,1.2295,-165047,6.5,0.6780,13.561,1155,0.3222,2
45.3000,20.00,1.2669,-172526,5.9,0.6583,13.166,1157,0.2807,2
45.3200,20.00,1.2910,-177345,5.5,0.6304,12.609,1166,0.2220,2
45.3400,20.00,1.4190,-202943,4.9,0.5383,10.767,1179,0.0281,2
45.3600,20.00,1.3630,-191745,4.6,0.5198,10.395,1222,-0.0110,2
45.3800,20.00,1.3306,-185271,4.2,0.5072,10.143,1231,-0.0376,2
45.4000,20.00,1.1754,-154230,3.7,0.5311,10.622,1237,0.0128,2
45.4200,20.00,0.9665,-112469,3.2,0.6242,12.484,1226,0.2088,2
45.4400,20.00,0.9933,-117826,2.7,0.6721,13.442,1182,0.3097,2
45.4600,20.00,1.0196,-123091,2.2,0.6987,13.975,1160,0.3658,2
45.4800,20.00,1.0469,-128549,5.8,0.7175,14.349,1148,0.4052,2
45.5000,20.00,1.1127,-141703,5.4,0.7242,14.484,1139,0.4194,2
45.5200,20.00,1.1435,-147855,4.8,0.7220,14.441,1136,0.4148,2
45.5400,20.00,1.1960,-158350,4.4,0.7125,14.250,1137,0.3948,2
45.5600,20.00,1.2855,-176241,3.9,0.6812,13.624,1141,0.3289,2
45.5800,20.00,1.3430,-187744,3.5,0.6186,12.372,1156,0.1970,2
45.6000,20.00,1.3875,-196641,3.0,0.5589,11.179,1185,0.0715,2
45.6200,20.00,1.3397,-187090,2.6,0.5363,10.726,1213,0.0238,2
45.6400,20.00,1.3545,-190045,2.1,0.5122,10.244,1223,-0.0270,2
45.6600,20.00,1.2876,-176673,1.6,0.5061,10.123,1234,-0.0397,2
45.6800,20.00,1.1888,-156905,1.2,0.5219,10.438,1237,-0.0065,2
45.7000,20.00,1.1370,-146558,4.7,0.5552,11.105,1230,0.0637,2
45.7200,20.00,1.1072,-140595,4.2,0.5962,11.924,1214,0.1499,2
45.7400,20.00,1.1018,-139515,3.7,0.6260,12.521,1195,0.2127,2
45.7600,20.00,1.1011,-139382,3.2,0.6476,12.953,1182,0.2582,2
45.7800,20.00,1.1332,-145803,2.8,0.6635,13.271,1172,0.2916,2
45.8000,20.00,1.1526,-149666,2.2,0.6688,13.377,1164,0.3028,2
45.8200,20.00,1.2019,-159534,1.8,0.6571,13.143,1162,0.2782,2
45.8400,20.00,1.2611,-171366,1.4,0.6316,12.632,1167,0.2244,2
45.8600,20.00,1.3134,-181832,0.9,0.5825,11.649,1179,0.1210,2
45.8800,20.00,1.2841,-175959,0.5,0.5588,11.175,1202,0.0711,2
45.9000,20.00,1.3134,-181833,0.0,0.5232,10.463,1213,-0.0039,2
45.9200,20.00,1.3023,-179609,3.5,0.5023,10.045,1229,-0.0478,2
45.9400,20.00,1.3052,-180189,3.0,0.4897,9.795,1239,-0.0742,2
45.9600,20.00,1.2527,-169684,2.5,0.4926,9.852,1245,-0.0682,2
45.9800,20.00,1.1951,-158163,2.1,0.5101,10.202,1243,-0.0313,2
46.0000,20.00,1.1688,-152922,1.6,0.5285,10.570,1235,0.0074,2
46.0200,20.00,1.1544,-150044,1.1,0.5517,11.035,1227,0.0563,2
46.0400,20.00,1.1316,-145470,0.6,0.5748,11.496,1216,0.1048,2
46.0600,20.00,1.1182,-142803,0.2,0.5941,11.882,1205,0.1454,2
46.0800,20.00,1.1509,-149344,11.9,0.6045,12.089,1196,0.1673,2
46.1000,20.00,1.1534,-149835,11.4,0.6110,12.220,1192,0.1811,2
46.1200,20.00,1.1567,-150495,11.0,0.6148,12.296,1188,0.1891,2
46.1400,20.00,1.1876,-156681,2.3,0.6072,12.144,1187,0.1730,2
46.1600,20.00,1.2265,-164456,1.8,0.5879,11.759,1190,0.1325,2
46.1800,20.00,1.2768,-174510,1.4,0.5517,11.034,1199,0.0563,2
46.2000,20.00,1.2858,-176308,0.9,0.5190,10.380,1216,-0.0126,2
46.2200,20.00,1.2705,-173255,0.4,0.5024,10.049,1231,-0.0475,2
46.2400,20.00,1.2567,-170488,8.2,0.4961,9.921,1239,-0.0609,2
46.2600,20.00,1.2589,-170930,11.8,0.4883,9.765,1242,-0.0773,2
46.2800,20.00,1.2427,-167695,11.2,0.4865,9.729,1245,-0.0811,2
46.3000,20.00,1.2050,-160151,10.8,0.4971,9.942,1246,-0.0587,2
46.3200,20.00,1.1794,-155028,10.2,0.5115,10.229,1241,-0.0285,2
46.3400,20.00,1.1397,-147102,9.8,0.5329,10.658,1235,0.0166,2
46.3600,20.00,1.1488,-148908,1.2,0.5463,10.925,1225,0.0448,2
46.3800,20.00,1.1467,-148485,0.7,0.5567,11.133,1218,0.0667,2
46.4000,20.00,1.1402,-147205,0.2,0.5644,11.288,1214,0.0829,2
46.4200,20.00,1.1433,-147810,8.0,0.5692,11.384,1210,0.0930,2
46.4400,20.00,1.1648,-152112,7.6,0.5696,11.391,1208,0.0938,2
46.4600,20.00,1.1880,-156759,7.1,0.5649,11.298,1208,0.0840,2
46.4800,20.00,1.2096,-161076,10.5,0.5527,11.055,1210,0.0584,2
46.5000,20.00,1.2080,-160761,10.1,0.5439,10.877,1216,0.0397,2
46.5200,20.00,1.2159,-162328,9.6,0.5323,10.645,1220,0.0153,2
46.5400,20.00,1.2103,-161207,9.1,0.5248,10.497,1225,-0.0004,2
46.5600,20.00,1.2210,-163349,8.7,0.5136,10.272,1228,-0.0240,2
46.5800,20.00,1.2487,-168894,8.2,0.4942,9.884,1234,-0.0649,2
46.6000,20.00,1.2178,-162712,7.7,0.4952,9.903,1243,-0.0628,2
46.6200,20.00,1.1858,-156309,7.3,0.5051,10.102,1242,-0.0419,2
46.6400,20.00,1.1895,-157047,6.8,0.5077,10.155,1238,-0.0363,2
46.6600,20.00,1.1807,-155292,6.4,0.5119,10.238,1237,-0.0276,2
46.6800,20.00,1.1582,-150803,6.0,0.5208,10.416,1234,-0.0089,2
46.7000,20.00,1.1703,-153213,9.4,0.5218,10.436,1230,-0.0068,2
46.7200,20.00,1.1991,-158964,8.9,0.5140,10.281,1230,-0.0231,2
46.7400,20.00,1.1807,-155286,8.4,0.5157,10.313,1234,-0.0197,2
46.7600,20.00,1.1536,-149876,8.0,0.5232,10.464,1233,-0.0038,2
46.7800,20.00,1.1656,-152276,7.5,0.5251,10.502,1229,0.0003,2
46.8000,20.00,1.1898,-157120,7.0,0.5192,10.384,1228,-0.0122,2
46.8200,20.00,1.2034,-159828,6.6,0.5109,10.218,1231,-0.0297,2
46.8400,20.00,1.1928,-157710,6.1,0.5090,10.180,1235,-0.0337,2
46.8600,20.00,1.1883,-156815,5.6,0.5083,10.166,1236,-0.0352,2
46.8800,20.00,1.1804,-155241,5.2,0.5096,10.192,1236,-0.0324,2
46.9000,20.00,1.1845,-156052,4.8,0.5083,10.165,1236,-0.0352,2
46.9200,20.00,1.1864,-156424,4.3,0.5066,10.131,1236,-0.0388,2
46.9400,20.00,1.1842,-155993,7.8,0.5059,10.118,1237,-0.0402,2
46.9600,20.00,1.1587,-150888,7.3,0.5126,10.252,1237,-0.0261,2
46.9800,20.00,1.1449,-148137,6.8,0.5185,10.370,1234,-0.0137,2
47.0000,20.00,1.1679,-152727,6.3,0.5164,10.327,1231,-0.0182,2
47.0200,20.00,1.1977,-158687,5.8,0.5076,10.153,1232,-0.0365,2
47.0400,20.00,1.1645,-152060,5.3,0.5120,10.241,1237,-0.0273,2
47.0600,20.00,1.1404,-147228,5.0,0.5187,10.373,1234,-0.0134,2
47.0800,20.00,1.1383,-146824,4.4,0.5226,10.451,1231,-0.0051,2
47.1000,20.00,1.1582,-150786,4.0,0.5228,10.456,1230,-0.0046,2
47.1200,20.00,1.1831,-155765,3.6,0.5163,10.327,1229,-0.0182,2
47.1400,20.00,1.1589,-150930,3.1,0.5180,10.360,1232,-0.0148,2
47.1600,20.00,1.1606,-151279,6.6,0.5184,10.368,1232,-0.0139,2
47.1800,20.00,1.1600,-151154,6.1,0.5188,10.375,1231,-0.0131,2
47.2000,20.00,1.1637,-151903,5.7,0.5179,10.357,1231,-0.0150,2
47.2200,20.00,1.1752,-154187,5.1,0.5138,10.275,1232,-0.0237,2
47.2400,20.00,1.1703,-153218,4.7,0.5127,10.254,1234,-0.0259,2
47.2600,20.00,1.1645,-152056,4.2,0.5133,10.266,1234,-0.0246,2
47.2800,20.00,1.1617,-151498,3.8,0.5140,10.280,1234,-0.0232,2
47.3000,20.00,1.1760,-154351,3.3,0.5103,10.206,1234,-0.0310,2
47.3200,20.00,1.1483,-148808,2.8,0.5149,10.299,1235,-0.0212,2
47.3400,20.00,1.1459,-148340,2.4,0.5170,10.340,1233,-0.0169,2
47.3600,20.00,1.1331,-145785,2.0,0.5212,10.424,1232,-0.0080,2
47.3800,20.00,1.1202,-143200,5.4,0.5273,10.546,1230,0.0049,2
47.4000,20.00,1.1375,-146655,4.9,0.5291,10.582,1227,0.0086,2
47.4200,20.00,1.1581,-150783,4.5,0.5271,10.542,1227,0.0044,2
47.4400,20.00,1.1531,-149784,4.0,0.5263,10.525,1227,0.0027,2
47.4600,20.00,1.1597,-151098,3.5,0.5245,10.490,1228,-0.0011,2
47.4800,20.00,1.1509,-149329,3.1,0.5244,10.488,1229,-0.0013,2
47.5000,20.00,1.1681,-152773,2.6,0.5215,10.430,1229,-0.0073,2
47.5200,20.00,1.1960,-158348,2.2,0.5111,10.223,1230,-0.0292,2
47.5400,20.00,1.1543,-150010,1.7,0.5147,10.295,1235,-0.0216,2
47.5600,20.00,1.1017,-139507,1.2,0.5259,10.519,1233,0.0020,2
47.5800,20.00,1.1176,-142686,0.8,0.5314,10.627,1228,0.0134,2
47.6000,20.00,1.0764,-134432,4.2,0.5464,10.927,1225,0.0450,2
47.6200,20.00,1.0741,-133982,3.8,0.5616,11.232,1218,0.0770,2
47.6400,20.00,1.0541,-129982,3.3,0.5821,11.641,1211,0.1201,2
47.6600,20.00,1.0253,-124228,2.9,0.6069,12.138,1202,0.1724,2
47.6800,20.00,1.0485,-128864,2.4,0.6195,12.390,1190,0.1990,2
47.7000,20.00,1.0772,-134589,1.9,0.6258,12.517,1185,0.2123,2
47.7200,20.00,1.1041,-139983,1.5,0.6245,12.490,1182,0.2095,2
47.7400,20.04,1.0900,-137148,1.0,0.6246,12.493,1182,0.2098,2
47.7600,19.96,1.0967,-138488,0.5,0.6242,12.483,1182,0.2088,2
47.7800,20.00,1.1334,-145831,0.1,0.6155,12.311,1182,0.1906,2
47.8000,20.00,1.1580,-150748,11.8,0.6020,12.040,1186,0.1621,2
47.8200,20.00,1.1527,-149694,3.1,0.5921,11.841,1193,0.1412,2
47.8400,20.00,1.1123,-141616,2.6,0.5926,11.852,1197,0.1423,2
47.8600,20.00,1.1521,-149570,2.1,0.5864,11.728,1197,0.1292,2
47.8800,20.00,1.1258,-144324,1.7,0.5866,11.731,1200,0.1296,2
47.9000,20.00,1.1021,-139569,1.2,0.5916,11.833,1200,0.1403,2
47.9200,20.00,1.0928,-137708,0.7,0.5977,11.954,1198,0.1531,2
47.9400,20.00,1.1017,-139494,0.2,0.6020,12.041,1195,0.1622,2
47.9600,20.00,1.0796,-135085,12.0,0.6100,12.200,1193,0.1790,2
47.9800,20.00,1.0576,-130674,11.6,0.6221,12.442,1189,0.2044,2
48.0000,20.00,1.0372,-126594,11.1,0.6403,12.806,1183,0.2428,2
48.0200,20.00,1.0497,-129095,10.6,0.6558,13.117,1175,0.2755,2
48.0400,20.00,1.0544,-130034,1.9,0.6660,13.320,1168,0.2969,2
48.0600,20.00,1.0518,-129523,1.5,0.6741,13.482,1163,0.3139,2
48.0800,20.00,1.0402,-127208,1.0,0.6829,13.658,1159,0.3324,2
48.1000,20.00,1.0208,-123331,0.5,0.6946,13.893,1155,0.3571,2
48.1200,20.00,1.0392,-127000,0.0,0.7019,14.037,1150,0.3723,2
48.1400,20.00,1.0405,-127262,7.9,0.7077,14.154,1146,0.3846,2
48.1600,20.00,1.0688,-132915,11.4,0.7077,14.153,1144,0.3845,2
48.1800,20.00,1.0821,-135572,10.9,0.7042,14.085,1144,0.3773,2
48.2000,20.00,1.0458,-128325,10.4,0.7091,14.183,1145,0.3877,2
48.2200,20.00,1.0628,-131713,9.9,0.7111,14.222,1143,0.3917,2
48.2400,20.00,1.1084,-140827,9.5,0.7028,14.056,1142,0.3743,2
48.2600,20.00,1.1280,-144765,0.8,0.6941,13.881,1146,0.3559,2
48.2800,20.00,1.1003,-139221,0.2,0.6933,13.866,1150,0.3544,2
48.3000,20.00,1.0948,-138124,8.1,0.6930,13.859,1150,0.3536,2
48.3200,20.00,1.0785,-134861,7.6,0.6951,13.902,1150,0.3581,2
48.3400,20.00,1.0897,-137103,7.2,0.6967,13.934,1150,0.3615,2
48.3600,20.00,1.0857,-136306,10.6,0.6986,13.973,1149,0.3655,2
48.3800,20.00,1.0814,-135434,10.2,0.7012,14.024,1148,0.3710,2
48.4000,20.00,1.0434,-127833,9.7,0.7083,14.165,1147,0.3858,2
48.4200,20.00,1.0316,-125477,9.2,0.7182,14.364,1143,0.4067,2
48.4400,20.01,1.0508,-129316,8.7,0.7259,14.518,1139,0.4229,2
48.4600,20.00,1.0715,-133465,0.1,0.7287,14.574,1135,0.4288,2
48.4800,20.00,1.0841,-135988,7.8,0.7277,14.553,1134,0.4267,2
48.5000,20.00,1.0660,-132358,7.3,0.7311,14.622,1134,0.4338,2
48.5200,20.01,1.0503,-129215,6.9,0.7352,14.704,1133,0.4426,2
48.5400,20.00,1.0558,-130320,6.5,0.7393,14.785,1131,0.4511,2
48.5600,20.00,1.0588,-130912,6.0,0.7419,14.838,1129,0.4566,2
48.5800,20.00,1.0394,-127044,9.5,0.7463,14.926,1128,0.4659,2
48.6000,20.00,1.0148,-122120,9.0,0.7587,15.174,1126,0.4920,2
48.6200,20.00,1.0314,-125433,8.5,0.7698,15.397,1120,0.5155,2
48.6400,20.00,1.0198,-123126,8.1,0.7848,15.697,1115,0.5470,2
48.6600,20.00,1.0234,-123845,7.5,0.7967,15.933,1108,0.5719,2
48.6800,20.00,0.9913,-117415,7.1,0.8168,16.336,1102,0.6143,2
48.7000,20.00,1.0419,-127546,6.6,0.8189,16.379,1093,0.6188,2
48.7200,20.00,1.0314,-125438,6.2,0.8231,16.463,1092,0.6276,2
48.7400,20.01,1.0613,-131414,5.8,0.8198,16.396,1090,0.6206,2
48.7600,19.99,1.0535,-129850,5.2,0.8188,16.376,1092,0.6185,2
48.7800,20.00,1.1025,-139656,4.9,0.8024,16.048,1092,0.5840,2
48.8000,20.00,1.1610,-151349,8.3,0.7718,15.435,1100,0.5195,2
48.8200,20.00,1.1626,-151667,7.8,0.7539,15.077,1114,0.4818,2
48.8400,20.00,1.1480,-148746,7.4,0.7460,14.919,1122,0.4652,2
48.8600,20.00,1.1260,-144360,6.9,0.7462,14.925,1126,0.4658,2
48.8800,20.00,1.1354,-146228,6.4,0.7437,14.875,1126,0.4605,2
48.9000,20.01,1.0957,-138305,5.9,0.7480,14.960,1127,0.4695,2
48.9200,20.00,1.0559,-130335,5.5,0.7544,15.088,1125,0.4830,2
48.9400,20.00,1.0081,-120780,5.1,0.7724,15.448,1122,0.5208,2
48.9600,20.00,0.9764,-114436,4.6,0.8081,16.161,1114,0.5959,2
48.9800,20.00,1.0064,-120439,4.1,0.8280,16.560,1097,0.6379,2
49.0000,20.00,0.9747,-114103,3.7,0.8518,17.036,1088,0.6880,2
49.0200,20.00,0.9377,-106711,7.1,0.8755,17.511,1077,0.7380,2
49.0400,20.00,0.9890,-116971,6.6,0.8831,17.662,1066,0.7539,2
49.0600,20.00,1.0372,-126603,6.2,0.8769,17.538,1062,0.7408,2
49.0800,20.00,1.1157,-142300,5.7,0.8580,17.159,1065,0.7010,2
49.1000,20.00,1.1551,-150175,5.2,0.8268,16.536,1074,0.6353,2
49.1200,20.00,1.2008,-159320,4.8,0.7944,15.889,1088,0.5673,2
49.1400,20.00,1.2343,-166005,4.3,0.7687,15.374,1103,0.5131,2
49.1600,20.00,1.2580,-170744,3.9,0.7447,14.894,1115,0.4625,2
49.1800,20.00,1.1350,-146149,3.4,0.7503,15.006,1127,0.4743,2
49.2000,20.00,1.1119,-141546,2.9,0.7566,15.133,1124,0.4877,2
49.2200,20.00,1.1438,-147908,2.5,0.7540,15.081,1121,0.4822,2
49.2400,20.00,1.1288,-144921,6.0,0.7563,15.126,1122,0.4869,2
49.2600,20.00,1.0598,-131124,5.5,0.7657,15.314,1121,0.5067,2
49.2800,20.00,0.9945,-118065,5.0,0.7873,15.745,1117,0.5522,2
49.3000,20.00,0.9881,-116787,4.6,0.8129,16.258,1107,0.6062,2
49.3200,20.00,0.9820,-115560,4.1,0.8344,16.689,1095,0.6515,2
49.3400,20.00,1.0270,-124567,3.6,0.8399,16.798,1085,0.6629,2
49.3600,20.00,1.0583,-130829,3.1,0.8393,16.786,1082,0.6617,2
49.3800,20.00,1.1016,-139486,2.7,0.8307,16.615,1082,0.6437,2
49.4000,20.00,1.1625,-151657,2.2,0.8001,16.001,1087,0.5791,2
49.4200,20.00,1.2165,-162448,1.8,0.7770,15.541,1101,0.5306,2
49.4400,20.00,1.2193,-163012,1.3,0.7583,15.167,1111,0.4912,2
49.4600,20.00,1.2341,-165974,4.9,0.7439,14.877,1120,0.4608,2
49.4800,20.00,1.1776,-154671,4.4,0.7420,14.840,1127,0.4568,2
49.5000,20.00,1.0996,-139076,3.9,0.7531,15.062,1128,0.4802,2
49.5200,20.00,1.0626,-131675,3.4,0.7619,15.237,1123,0.4986,2
49.5400,20.01,1.0265,-124467,2.9,0.7739,15.477,1118,0.5239,2
49.5600,19.99,1.0395,-127061,2.4,0.7868,15.735,1113,0.5511,2
49.5800,20.00,1.0236,-123879,2.0,0.8045,16.089,1107,0.5883,2
49.6000,20.00,0.9945,-118068,1.5,0.8259,16.517,1099,0.6334,2
49.6200,20.00,0.9580,-110767,1.1,0.8502,17.005,1089,0.6847,2
49.6400,20.00,1.0569,-130535,0.7,0.8471,16.941,1078,0.6780,2
49.6600,20.00,1.1014,-139446,0.2,0.8365,16.730,1079,0.6557,2
49.6800,20.00,1.1383,-146806,3.7,0.8124,16.248,1084,0.6050,2
49.7000,20.00,1.1633,-151806,3.2,0.7921,15.842,1095,0.5623,2
49.7200,20.00,1.2040,-159948,2.7,0.7738,15.476,1105,0.5238,2
49.7400,20.00,1.2658,-172315,2.2,0.7463,14.925,1113,0.4658,2
49.7600,20.00,1.2217,-163492,1.7,0.7400,14.799,1126,0.4526,2
49.7800,20.00,1.1894,-157029,1.2,0.7373,14.747,1129,0.4470,2
49.8000,19.99,1.1104,-141244,0.8,0.7476,14.952,1130,0.4686,2
49.8200,20.00,1.0425,-127655,0.4,0.7589,15.178,1125,0.4924,2
49.8400,20.00,1.0569,-130531,12.1,0.7676,15.351,1120,0.5107,2
49.8600,20.00,1.0445,-128066,11.7,0.7793,15.585,1116,0.5353,2
49.8800,20.00,1.0564,-130431,11.2,0.7888,15.775,1110,0.5553,2
49.9000,20.00,1.0532,-129798,2.5,0.7992,15.983,1106,0.5772,2
49.9200,20.00,1.0712,-133390,2.0,0.8040,16.079,1101,0.5873,2
49.9400,20.00,1.0908,-137320,1.5,0.8029,16.057,1099,0.5850,2
49.9600,20.00,1.0886,-136872,1.1,0.8018,16.036,1099,0.5827,2
49.9800,20.02,1.1069,-140541,0.6,0.7974,15.947,1100,0.5734,2
50.0000,19.99,1.1155,-142257,0.1,0.7919,15.838,1102,0.5619,2
50.0200,20.00,1.1239,-143941,11.9,0.7867,15.735,1105,0.5510,2
50.0400,20.00,1.1578,-150722,11.4,0.7769,15.538,1107,0.5303,2
50.0600,20.00,1.1663,-152414,10.9,0.7685,15.370,1111,0.5126,2
50.0800,20.00,1.1844,-156029,10.5,0.7586,15.172,1115,0.4918,2
50.1000,20.00,1.1000,-139157,10.0,0.7658,15.316,1120,0.5069,2
50.1200,20.00,1.1297,-145086,1.3,0.7657,15.314,1117,0.5067,2
50.1400,20.00,1.1215,-143455,0.8,0.7670,15.340,1117,0.5095,2
50.1600,20.00,1.1080,-140754,0.4,0.7703,15.406,1116,0.5164,2
50.1800,20.00,1.1240,-143965,8.2,0.7698,15.396,1114,0.5154,2
50.2000,20.00,1.1213,-143414,7.7,0.7702,15.403,1115,0.5161,2
50.2200,20.00,1.1560,-150349,7.2,0.7638,15.276,1115,0.5027,2
50.2400,20.00,1.1461,-148379,10.8,0.7615,15.231,1118,0.4979,2
50.2600,20.00,1.1339,-145936,10.2,0.7619,15.237,1119,0.4987,2
50.2800,20.00,1.1452,-148187,9.8,0.7598,15.196,1118,0.4943,2
50.3000,20.00,1.1510,-149350,9.3,0.7578,15.155,1119,0.4900,2
50.3200,20.00,1.1542,-150000,8.8,0.7559,15.118,1120,0.4861,2
50.3400,20.00,1.2023,-159613,0.2,0.7486,14.973,1121,0.4708,2
50.3600,20.00,1.2238,-163911,7.9,0.7407,14.814,1125,0.4541,2
50.3800,20.00,1.1826,-155670,7.5,0.7390,14.780,1128,0.4505,2
50.4000,20.00,1.2056,-160270,7.0,0.7348,14.696,1129,0.4417,2
50.4200,20.00,1.2252,-164182,6.6,0.7285,14.570,1131,0.4284,2
50.4400,20.00,1.1894,-157030,6.1,0.7275,14.550,1134,0.4263,2
50.4600,20.01,1.2117,-161492,9.6,0.7239,14.479,1134,0.4188,2
50.4800,19.99,1.2320,-165543,9.1,0.7175,14.351,1136,0.4053,2
50.5000,20.00,1.2417,-167483,8.6,0.7107,14.215,1139,0.3910,2
50.5200,20.00,1.2355,-166258,8.1,0.7060,14.120,1142,0.3810,2
50.5400,20.00,1.1930,-157747,7.7,0.7075,14.150,1144,0.3842,2
50.5600,20.00,1.2043,-160010,7.2,0.7065,14.131,1144,0.3822,2
50.5800,20.00,1.2200,-163155,6.7,0.7029,14.058,1144,0.3745,2
50.6000,20.00,1.2415,-167445,6.2,0.6953,13.905,1146,0.3584,2
50.6200,20.00,1.2471,-168572,5.7,0.6869,13.739,1149,0.3409,2
50.6400,20.00,1.2120,-161542,5.3,0.6895,13.791,1153,0.3464,2
50.6600,20.00,1.2597,-171097,5.0,0.6738,13.476,1152,0.3132,2
50.6800,20.00,1.2625,-171644,8.4,0.6587,13.174,1159,0.2815,2
50.7000,20.00,1.2560,-170359,7.9,0.6481,12.963,1166,0.2593,2
50.7200,20.00,1.2515,-169457,7.5,0.6397,12.795,1171,0.2415,2
50.7400,20.00,1.2682,-172788,6.9,0.6220,12.439,1175,0.2041,2
50.7600,20.00,1.2350,-166148,6.4,0.6235,12.471,1183,0.2075,2
50.7800,20.00,1.1995,-159051,6.0,0.6345,12.690,1183,0.2306,2
50.8000,20.00,1.1736,-153866,5.6,0.6533,13.065,1178,0.2700,2
50.8200,20.00,1.1749,-154141,5.1,0.6638,13.277,1169,0.2923,2
50.8400,20.00,1.1671,-152569,4.7,0.6717,13.435,1164,0.3089,2
50.8600,20.00,1.1675,-152644,4.2,0.6768,13.535,1160,0.3195,2
50.8800,20.00,1.2038,-159915,3.8,0.6696,13.392,1158,0.3045,2
50.9000,20.00,1.2556,-170270,7.2,0.6490,12.981,1161,0.2611,2
50.9200,20.00,1.2512,-169387,6.8,0.6339,12.677,1171,0.2292,2
50.9400,20.00,1.2858,-176313,6.2,0.6036,12.072,1178,0.1655,2
50.9600,20.00,1.3299,-185126,5.7,0.5615,11.231,1192,0.0769,2
50.9800,20.00,1.3167,-182491,5.3,0.5317,10.633,1211,0.0140,2
51.0000,20.00,1.2970,-178549,4.8,0.5149,10.298,1225,-0.0213,2
51.0200,20.00,1.2422,-167584,4.4,0.5192,10.383,1233,-0.0123,2
51.0400,20.00,1.2244,-164023,4.0,0.5273,10.546,1231,0.0049,2
51.0600,20.00,1.1771,-154565,3.5,0.5487,10.974,1227,0.0499,2
51.0800,20.00,1.1481,-148777,3.1,0.5759,11.519,1217,0.1072,2
51.1000,20.00,1.1383,-146822,2.6,0.6038,12.076,1205,0.1659,2
51.1200,20.00,1.1094,-141027,6.1,0.6264,12.528,1192,0.2134,2
51.1400,20.00,1.1244,-144031,5.6,0.6436,12.872,1181,0.2497,2
51.1600,20.00,1.1377,-146704,5.1,0.6553,13.107,1173,0.2744,2
51.1800,20.00,1.1255,-144259,4.7,0.6644,13.288,1168,0.2934,2
51.2000,20.01,1.1771,-154567,4.2,0.6574,13.148,1164,0.2787,2
51.2200,19.99,1.2121,-161565,3.7,0.6437,12.874,1167,0.2499,2
51.2400,20.00,1.2181,-162766,3.2,0.6318,12.636,1173,0.2248,2
51.2600,20.00,1.2747,-174093,2.8,0.5983,11.965,1179,0.1542,2
51.2800,20.00,1.2806,-175276,2.4,0.5685,11.370,1194,0.0916,2
51.3000,20.00,1.3000,-179140,1.9,0.5341,10.682,1208,0.0192,2
51.3200,20.00,1.3069,-180519,1.4,0.5045,10.090,1224,-0.0432,2
51.3400,20.00,1.2929,-177721,4.9,0.4933,9.867,1238,-0.0667,2
51.3600,20.00,1.2469,-168523,4.4,0.4962,9.925,1243,-0.0606,2
51.3800,20.00,1.2049,-160134,4.0,0.5106,10.212,1242,-0.0303,2
51.4000,20.00,1.1841,-155981,3.5,0.5252,10.504,1235,0.0004,2
51.4200,20.00,1.1348,-146121,2.9,0.5518,11.036,1228,0.0564,2
51.4400,20.00,1.1463,-148423,2.4,0.5723,11.446,1216,0.0996,2
51.4600,20.00,1.1239,-143942,2.0,0.5883,11.766,1206,0.1332,2
51.4800,20.00,1.1120,-141550,1.6,0.6029,12.057,1199,0.1639,2
51.5000,20.00,1.1348,-146117,1.0,0.6135,12.270,1192,0.1864,2
51.5200,20.00,1.1653,-152210,0.7,0.6147,12.293,1187,0.1888,2
51.5400,20.00,1.2069,-160535,0.2,0.5991,11.981,1187,0.1559,2
51.5600,20.00,1.2302,-165182,3.8,0.5802,11.605,1194,0.1163,2
51.5800,20.00,1.2491,-168962,3.2,0.5575,11.151,1203,0.0685,2
51.6000,20.00,1.2717,-173494,2.8,0.5279,10.559,1213,0.0062,2
51.6200,20.00,1.2871,-176558,2.3,0.4994,9.988,1227,-0.0539,2
51.6400,20.00,1.2742,-173997,1.9,0.4869,9.739,1240,-0.0801,2
51.6600,20.00,1.2713,-173413,1.4,0.4778,9.555,1246,-0.0994,2
51.6800,20.00,1.2138,-161920,0.9,0.4890,9.780,1250,-0.0758,2
51.7000,20.00,1.2017,-159490,0.5,0.4981,9.962,1245,-0.0566,2
51.7200,20.00,1.1557,-150291,0.0,0.5194,10.387,1241,-0.0119,2
51.7400,20.00,1.1235,-143866,11.7,0.5411,10.821,1231,0.0338,2
51.7600,20.00,1.0868,-136509,11.2,0.5580,11.160,1221,0.0695,2
51.7800,20.00,1.1245,-144064,2.6,0.5697,11.393,1213,0.0940,2
51.8000,20.00,1.1462,-148394,2.1,0.5753,11.506,1208,0.1059,2
51.8200,20.00,1.1717,-153491,1.6,0.5736,11.471,1205,0.1023,2
51.8400,20.00,1.1638,-151910,1.1,0.5732,11.464,1206,0.1014,2
51.8600,20.00,1.1752,-154191,0.6,0.5703,11.407,1206,0.0954,2
51.8800,20.00,1.1894,-157039,0.2,0.5649,11.299,1207,0.0841,2
51.9000,20.00,1.2022,-159602,12.0,0.5559,11.118,1210,0.0651,2
51.9200,20.00,1.1704,-153235,11.5,0.5575,11.151,1214,0.0685,2
51.9400,20.00,1.1820,-155561,10.9,0.5552,11.103,1213,0.0635,2
51.9600,20.00,1.1484,-148838,10.4,0.5599,11.198,1214,0.0734,2
51.9800,20.00,1.1388,-146906,10.0,0.5650,11.299,1212,0.0841,2
52.0000,20.00,1.1497,-149085,1.4,0.5673,11.346,1210,0.0891,2
52.0200,20.00,1.1507,-149301,0.9,0.5689,11.377,1209,0.0923,2
52.0400,20.00,1.1384,-146829,0.4,0.5727,11.454,1208,0.1004,2
52.0600,20.00,1.1171,-142567,0.0,0.5806,11.612,1206,0.1171,2
52.0800,20.00,1.1517,-149489,7.8,0.5813,11.626,1203,0.1185,2
52.1000,20.00,1.1344,-146029,7.3,0.5849,11.697,1202,0.1260,2
52.1200,20.00,1.1439,-147938,10.8,0.5862,11.725,1201,0.1289,2
52.1400,20.00,1.1168,-142516,10.3,0.5914,11.828,1200,0.1398,2
52.1600,19.99,1.1057,-140303,9.9,0.5973,11.947,1198,0.1523,2
52.1800,20.00,1.1149,-142129,9.4,0.6025,12.050,1195,0.1631,2
52.2000,20.00,1.1128,-141725,8.9,0.6070,12.140,1192,0.1726,2
52.2200,20.00,1.1342,-145995,0.2,0.6084,12.168,1190,0.1755,2
52.2400,20.00,1.1274,-144633,8.0,0.6095,12.190,1190,0.1779,2
52.2600,20.00,1.1504,-149232,7.5,0.6069,12.138,1189,0.1725,2
52.2800,20.00,1.1575,-150658,7.1,0.6028,12.055,1190,0.1637,2
52.3000,20.00,1.1347,-146092,6.6,0.6031,12.063,1192,0.1645,2
52.3200,20.00,1.0995,-139051,6.2,0.6085,12.170,1192,0.1758,2
52.3400,20.00,1.0982,-138793,9.6,0.6152,12.304,1190,0.1899,2
52.3600,20.00,1.1054,-140246,9.2,0.6203,12.406,1187,0.2006,2
52.3800,20.00,1.1520,-149558,8.7,0.6197,12.394,1184,0.1994,2
52.4000,20.00,1.1207,-143290,8.2,0.6200,12.401,1185,0.2001,2
52.4200,20.00,1.1292,-144990,7.7,0.6210,12.419,1184,0.2020,2
52.4400,20.00,1.1251,-144172,7.2,0.6220,12.439,1184,0.2041,2
52.4600,20.00,1.0915,-137459,6.8,0.6273,12.547,1183,0.2154,2
52.4800,20.00,1.1045,-140063,6.4,0.6316,12.632,1181,0.2244,2
52.5000,20.00,1.1060,-140354,5.9,0.6354,12.708,1179,0.2325,2
52.5200,20.00,1.0919,-137533,5.4,0.6415,12.829,1177,0.2452,2
52.5400,20.00,1.0782,-134796,5.0,0.6494,12.988,1174,0.2619,2
52.5600,20.00,1.1109,-141331,8.5,0.6520,13.040,1171,0.2674,2
52.5800,20.00,1.1129,-141735,8.0,0.6534,13.068,1169,0.2704,2
52.6000,20.00,1.1125,-141658,7.5,0.6544,13.089,1169,0.2725,2
52.6200,20.00,1.1462,-148391,7.1,0.6525,13.051,1168,0.2685,2
52.6400,20.00,1.1590,-150948,6.6,0.6449,12.899,1169,0.2525,2
52.6600,20.00,1.1475,-148663,6.1,0.6425,12.849,1173,0.2473,2
52.6800,20.00,1.1367,-146486,5.6,0.6413,12.826,1174,0.2449,2
52.7000,20.00,1.1100,-141162,5.2,0.6423,12.846,1174,0.2470,2
52.7200,20.00,1.1070,-140555,4.8,0.6458,12.915,1174,0.2542,2
52.7400,20.00,1.1259,-144338,4.3,0.6490,12.981,1172,0.2611,2
52.7600,20.00,1.0781,-134776,3.9,0.6548,13.096,1171,0.2733,2
52.7800,20.00,1.0773,-134618,7.3,0.6628,13.255,1168,0.2900,2
52.8000,20.00,1.0939,-137937,6.9,0.6685,13.370,1164,0.3021,2
52.8200,20.00,1.1365,-146461,6.4,0.6699,13.399,1162,0.3051,2
52.8400,20.00,1.1473,-148618,5.9,0.6654,13.307,1161,0.2955,2
52.8600,20.00,1.1678,-152721,5.4,0.6550,13.101,1163,0.2738,2
52.8800,20.00,1.1729,-153725,4.9,0.6464,12.929,1168,0.2556,2
52.9000,20.00,1.1677,-152686,4.5,0.6415,12.829,1172,0.2452,2
52.9200,20.00,1.1833,-155823,4.1,0.6320,12.640,1174,0.2253,2
52.9400,20.00,1.2081,-160779,3.6,0.6156,12.312,1179,0.1908,2
52.9600,20.00,1.1808,-155316,3.2,0.6142,12.284,1186,0.1878,2
52.9800,20.00,1.1580,-150748,2.7,0.6180,12.360,1187,0.1958,2
53.0000,20.00,1.1818,-155510,6.2,0.6120,12.239,1185,0.1831,2
53.0200,20.00,1.1683,-152822,5.7,0.6124,12.249,1188,0.1841,2
53.0400,20.00,1.1728,-153718,5.2,0.6104,12.207,1188,0.1797,2
53.0600,20.00,1.1881,-156763,4.8,0.6028,12.055,1189,0.1637,2
53.0800,20.00,1.1787,-154884,4.2,0.6011,12.021,1192,0.1602,2
53.1000,20.00,1.1632,-151800,3.8,0.6028,12.056,1193,0.1638,2
53.1200,20.00,1.1803,-155221,3.3,0.5993,11.987,1192,0.1565,2
53.1400,20.00,1.1768,-154516,2.9,0.5973,11.946,1194,0.1522,2
53.1600,20.00,1.1806,-155282,2.4,0.5944,11.887,1195,0.1460,2
53.1800,20.00,1.2006,-159267,2.0,0.5853,11.706,1196,0.1270,2
53.2000,20.00,1.1972,-158598,1.6,0.5811,11.622,1200,0.1181,2
53.2200,20.00,1.1719,-153543,5.0,0.5824,11.649,1202,0.1209,2
53.2400,20.00,1.1652,-152184,4.5,0.5841,11.682,1202,0.1244,2
53.2600,20.00,1.1507,-149290,4.1,0.5893,11.786,1201,0.1354,2
53.2800,20.00,1.1579,-150729,3.6,0.5919,11.838,1198,0.1409,2
53.3000,20.00,1.1590,-150957,3.1,0.5936,11.871,1197,0.1443,2
53.3200,20.00,1.1511,-149378,2.6,0.5966,11.932,1197,0.1508,2
53.3400,20.00,1.1274,-144635,2.1,0.6041,12.083,1195,0.1666,2
53.3600,20.00,1.1066,-140483,1.7,0.6113,12.226,1192,0.1817,2
53.3800,20.00,1.1536,-149868,1.3,0.6143,12.286,1188,0.1880,2
53.4000,20.00,1.1787,-154885,0.8,0.6075,12.149,1187,0.1736,2
53.4200,20.00,1.2280,-164750,0.4,0.5838,11.677,1190,0.1239,2
53.4400,20.00,1.2148,-162119,3.8,0.5738,11.476,1201,0.1027,2
53.4600,20.00,1.2282,-164789,3.4,0.5576,11.152,1206,0.0686,2
53.4800,20.00,1.2217,-163495,2.9,0.5479,10.958,1213,0.0482,2
53.5000,20.00,1.2391,-166978,2.4,0.5296,10.592,1218,0.0096,2
53.5200,20.00,1.2320,-165545,1.9,0.5183,10.366,1226,-0.0141,2
53.5400,20.00,1.2190,-162961,1.4,0.5145,10.289,1231,-0.0222,2
53.5600,20.00,1.2305,-165254,1.0,0.5068,10.135,1233,-0.0384,2
53.5800,20.00,1.1743,-154021,0.6,0.5207,10.414,1237,-0.0090,2
53.6000,20.00,1.1655,-152254,0.1,0.5311,10.621,1230,0.0127,2
53.6200,19.99,1.1499,-149142,11.8,0.5436,10.873,1226,0.0393,2
53.6400,20.00,1.1729,-153738,11.3,0.5461,10.922,1220,0.0444,2
53.6600,20.00,1.1400,-147152,2.7,0.5556,11.111,1219,0.0643,2
53.6800,20.00,1.1418,-147519,2.2,0.5615,11.230,1214,0.0769,2
53.7000,20.00,1.1987,-158900,1.7,0.5536,11.071,1211,0.0601,2
53.7200,20.00,1.1929,-157727,1.2,0.5483,10.965,1215,0.0490,2
53.7400,20.00,1.1477,-148702,0.7,0.5546,11.091,1217,0.0622,2
53.7600,20.00,1.1552,-150192,0.2,0.5573,11.147,1215,0.0681,2
53.7800,20.00,1.1778,-154710,12.1,0.5548,11.096,1213,0.0627,2
53.8000,20.00,1.2780,-174754,11.6,0.5090,10.180,1214,-0.0337,2
53.8200,20.00,1.2384,-166839,11.1,0.5004,10.009,1236,-0.0517,2
53.8400,20.00,1.1914,-157437,10.7,0.5091,10.182,1240,-0.0335,2
53.8600,20.00,1.1030,-139748,10.2,0.5332,10.663,1236,0.0172,2
53.8800,20.00,1.1622,-151603,1.5,0.5379,10.758,1225,0.0272,2
53.9000,20.00,1.2123,-161621,1.0,0.5244,10.488,1222,-0.0012,2
53.9200,20.00,1.2355,-166241,0.5,0.5040,10.079,1229,-0.0443,2
53.9400,20.00,1.2801,-175172,0.0,0.4732,9.464,1238,-0.1090,2
53.9600,20.00,1.2631,-171759,7.9,0.4611,9.223,1253,-0.1344,2
53.9800,20.00,1.2425,-167654,7.4,0.4578,9.157,1258,-0.1414,2
54.0000,20.00,1.2541,-169962,10.9,0.4456,8.911,1259,-0.1672,2
54.0200,20.00,1.2744,-174038,10.4,0.4263,8.527,1265,-0.2077,2
54.0400,19.99,1.2204,-163240,9.9,0.4363,8.726,1274,-0.1867,2
54.0600,20.00,1.1194,-143045,9.5,0.4827,9.654,1269,-0.0891,2
54.0800,20.00,1.1918,-157515,9.0,0.4819,9.638,1248,-0.0908,2
54.1000,20.00,1.1550,-150161,0.3,0.4947,9.895,1248,-0.0637,2
54.1200,20.00,1.1510,-149350,8.1,0.5026,10.053,1243,-0.0471,2
54.1400,20.01,1.1673,-152606,7.6,0.5030,10.059,1239,-0.0464,2
54.1600,20.00,1.1881,-156769,7.2,0.4970,9.941,1239,-0.0589,2
54.1800,20.00,1.1975,-158655,6.7,0.4915,9.829,1241,-0.0706,2
54.2000,20.00,1.2045,-160043,6.2,0.4855,9.711,1244,-0.0831,2
54.2200,20.00,1.2184,-162834,9.7,0.4758,9.516,1247,-0.1036,2
54.2400,20.00,1.2489,-168931,9.2,0.4505,9.011,1251,-0.1568,2
54.2600,20.00,1.2236,-163868,8.8,0.4495,8.990,1263,-0.1589,2
54.2800,20.00,1.2231,-163770,8.3,0.4447,8.894,1263,-0.1691,2
54.3000,20.00,1.2008,-159314,7.8,0.4516,9.033,1266,-0.1544,2
54.3200,20.00,1.1987,-158892,7.4,0.4547,9.095,1263,-0.1479,2
54.3400,20.00,1.1898,-157113,6.9,0.4598,9.197,1261,-0.1372,2
54.3600,20.00,1.1703,-153210,6.5,0.4714,9.428,1259,-0.1128,2
54.3800,20.00,1.1697,-153099,6.0,0.4783,9.565,1253,-0.0984,2
54.4000,20.00,1.1739,-153936,5.6,0.4802,9.604,1250,-0.0944,2
54.4200,20.00,1.1974,-158632,5.1,0.4713,9.427,1249,-0.1130,2
54.4400,20.00,1.1625,-151659,8.6,0.4815,9.630,1253,-0.0916,2
54.4600,20.00,1.1985,-158855,8.1,0.4710,9.419,1249,-0.1138,2
54.4800,20.00,1.1467,-148499,7.6,0.4846,9.691,1253,-0.0851,2
54.5000,20.00,1.2002,-159199,7.1,0.4718,9.436,1247,-0.1120,2
54.5200,20.00,1.1859,-156337,6.7,0.4735,9.470,1253,-0.1084,2
54.5400,20.00,1.1946,-158068,6.2,0.4678,9.355,1252,-0.1205,2
54.5600,20.00,1.1990,-158959,5.7,0.4601,9.202,1255,-0.1367,2
54.5800,20.00,1.1909,-157336,5.3,0.4598,9.197,1259,-0.1372,2
54.6000,20.00,1.1961,-158376,4.9,0.4548,9.095,1259,-0.1479,2
54.6200,20.00,1.1802,-155189,4.4,0.4607,9.215,1261,-0.1353,2
54.6400,20.00,1.1897,-157095,4.0,0.4572,9.143,1258,-0.1428,2
54.6600,20.00,1.2050,-160148,7.4,0.4447,8.893,1260,-0.1691,2
54.6800,20.00,1.2132,-161800,6.9,0.4318,8.636,1266,-0.1962,2
54.7000,20.00,1.2192,-162989,6.4,0.4206,8.412,1272,-0.2198,2
54.7200,20.01,1.1752,-154190,5.8,0.4388,8.777,1277,-0.1814,2
54.7400,20.00,1.1795,-155044,5.5,0.4445,8.890,1268,-0.1695,2
54.7600,20.00,1.1301,-145171,5.1,0.4706,9.412,1266,-0.1145,2
54.7800,20.00,1.1744,-154024,4.5,0.4665,9.331,1254,-0.1231,2
54.8000,20.00,1.1366,-146485,4.1,0.4780,9.560,1256,-0.0990,2
54.8200,20.00,1.1505,-149261,3.7,0.4795,9.590,1250,-0.0958,2
54.8400,20.00,1.1404,-147236,3.2,0.4840,9.680,1250,-0.0863,2
54.8600,20.00,1.2173,-162611,2.7,0.4535,9.069,1247,-0.1506,2
54.8800,20.00,1.1878,-156713,6.2,0.4551,9.101,1262,-0.1472,2
54.9000,20.00,1.2324,-165621,5.8,0.4237,8.475,1261,-0.2132,2
54.9200,20.00,1.2050,-160144,5.2,0.4224,8.448,1275,-0.2160,2
54.9400,20.00,1.1957,-158288,4.8,0.4240,8.480,1276,-0.2126,2
54.9600,20.00,1.1875,-156658,4.4,0.4276,8.552,1275,-0.2051,2
54.9800,20.00,1.1975,-158646,1.0,0.4217,8.433,1274,-0.2176,2
55.0000,20.00,1.1978,-158708,3.4,0.4174,8.348,1276,-0.2266,2
55.0200,20.00,1.2461,-168367,3.0,0.3845,7.689,1278,-0.2959,2
55.0400,20.00,1.2133,-161808,2.5,0.3863,7.726,1294,-0.2920,2
55.0600,20.00,1.1764,-154438,2.1,0.4061,8.122,1293,-0.2503,2
55.0800,20.00,1.0997,-139102,1.6,0.4664,9.327,1284,-0.1235,2
55.1000,20.00,1.1824,-155642,5.1,0.4418,8.837,1256,-0.1751,2
55.1200,20.00,1.1234,-143828,4.6,0.4675,9.351,1267,-0.1210,2
55.1400,20.00,1.1558,-150321,4.1,0.4617,9.234,1255,-0.1333,2
55.1600,20.00,1.2287,-164884,3.7,0.4188,8.376,1258,-0.2236,2
55.1800,20.00,1.2506,-169269,3.2,0.3834,7.668,1278,-0.2981,2
55.2000,20.00,1.2711,-173359,2.7,0.3529,7.058,1294,-0.3623,2
55.2200,20.00,1.2862,-176385,2.2,0.3297,6.594,1308,-0.4111,2
55.2400,20.00,1.2242,-163995,1.8,0.3433,6.867,1319,-0.3824,2
55.2600,20.00,1.1958,-158319,1.3,0.3568,7.136,1313,-0.3541,2
55.2800,20.00,1.1844,-156024,0.9,0.3686,7.372,1306,-0.3293,2
55.3000,20.00,1.1893,-157010,0.5,0.3724,7.447,1301,-0.3214,2
55.3200,20.00,1.1744,-154033,3.9,0.3862,7.725,1299,-0.2921,2
55.3400,20.00,1.1692,-152991,3.4,0.3961,7.923,1293,-0.2713,2
55.3600,20.00,1.1790,-154962,3.0,0.3962,7.923,1288,-0.2712,2
55.3800,20.01,1.1836,-155872,2.5,0.3945,7.891,1288,-0.2747,2
55.4000,19.99,1.2360,-166342,2.0,0.3611,7.222,1289,-0.3450,2
55.4200,20.00,1.2349,-166139,1.5,0.3472,6.944,1304,-0.3743,2
55.4400,20.00,1.2611,-171376,1.1,0.3298,6.596,1311,-0.4109,2
55.4600,20.00,1.2141,-161963,0.6,0.3402,6.805,1319,-0.3890,2
55.4800,20.00,1.2146,-162073,0.2,0.3407,6.814,1314,-0.3880,2
55.5000,20.00,1.2193,-163021,11.9,0.3377,6.754,1314,-0.3943,2
55.5200,20.00,1.2054,-160241,11.4,0.3426,6.852,1315,-0.3840,2
55.5400,20.00,1.2122,-161592,2.7,0.3404,6.807,1313,-0.3887,2
55.5600,20.00,1.1921,-157564,2.2,0.3496,6.992,1314,-0.3693,2
55.5800,20.00,1.1862,-156397,1.8,0.3555,7.111,1310,-0.3567,2
55.6000,20.00,1.1879,-156729,1.3,0.3571,7.143,1307,-0.3534,2
55.6200,20.00,1.1934,-157837,0.8,0.3558,7.116,1306,-0.3562,2
55.6400,20.00,1.2117,-161496,0.3,0.3466,6.933,1307,-0.3755,2
55.6600,20.00,1.2160,-162348,12.1,0.3411,6.822,1311,-0.3872,2
55.6800,20.00,1.1951,-158170,11.7,0.3489,6.978,1314,-0.3708,2
55.7000,20.00,1.1932,-157800,11.2,0.3508,7.016,1310,-0.3668,2
55.7200,20.00,1.1933,-157807,10.7,0.3513,7.027,1309,-0.3656,2
55.7400,20.00,1.1933,-157808,10.2,0.3516,7.032,1309,-0.3650,2
55.7600,20.00,1.1897,-157084,1.6,0.3539,7.079,1309,-0.3601,2
55.7800,20.00,1.1977,-158696,1.1,0.3498,6.996,1308,-0.3688,2
55.8000,20.00,1.2272,-164581,0.6,0.3338,6.677,1310,-0.4024,2
55.8200,20.00,1.2300,-165153,0.1,0.3261,6.521,1317,-0.4188,2
55.8400,20.00,1.2121,-161575,8.0,0.3294,6.588,1321,-0.4118,2
55.8600,20.00,1.1951,-158165,7.6,0.3381,6.763,1319,-0.3934,2
55.8800,20.00,1.1891,-156976,11.0,0.3432,6.863,1315,-0.3828,2
55.9000,20.00,1.2183,-162807,10.5,0.3294,6.588,1313,-0.4118,2
55.9200,20.00,1.2113,-161416,10.1,0.3282,6.563,1319,-0.4144,2
55.9400,20.00,1.2080,-160761,9.6,0.3281,6.563,1320,-0.4145,2
55.9600,20.00,1.1906,-157272,9.1,0.3376,6.752,1320,-0.3945,2
55.9800,20.00,1.2138,-161920,0.4,0.3267,6.534,1315,-0.4175,2
56.0000,20.00,1.1825,-155646,8.2,0.3417,6.833,1321,-0.3860,2
56.0200,20.00,1.1606,-151266,7.7,0.3583,7.165,1314,-0.3510,2
56.0400,20.00,1.1759,-154326,7.3,0.3542,7.084,1306,-0.3596,2
56.0600,20.00,1.1778,-154711,6.8,0.3546,7.091,1308,-0.3588,2
56.0800,20.00,1.1958,-158317,6.3,0.3443,6.886,1308,-0.3804,2
56.1000,20.00,1.1823,-155618,9.8,0.3505,7.010,1312,-0.3674,2
56.1200,20.00,1.1201,-143177,9.4,0.3944,7.889,1309,-0.2749,2
56.1400,20.00,1.1660,-152359,8.9,0.3757,7.515,1289,-0.3142,2
56.1600,20.00,1.2227,-163697,8.4,0.3407,6.814,1298,-0.3880,2
56.1800,20.00,1.2454,-168234,7.9,0.3185,6.370,1314,-0.4347,2
56.2000,20.00,1.1351,-146170,7.5,0.3727,7.454,1324,-0.3206,2
56.2200,20.00,1.1492,-148992,7.0,0.3766,7.531,1299,-0.3125,2
56.2400,20.00,1.1702,-153195,6.6,0.3664,7.328,1297,-0.3339,2
56.2600,20.00,1.2086,-160876,6.1,0.3420,6.839,1302,-0.3853,2
56.2800,20.00,1.1893,-157014,5.6,0.3464,6.928,1313,-0.3760,2
56.3000,20.00,1.1501,-149180,5.2,0.3709,7.417,1311,-0.3245,2
56.3200,20.00,1.1571,-150572,8.6,0.3733,7.465,1300,-0.3194,2
56.3400,20.00,1.1841,-155974,8.2,0.3567,7.134,1299,-0.3544,2
56.3600,20.00,1.1838,-155906,7.7,0.3534,7.068,1307,-0.3613,2
56.3800,19.99,1.1952,-158186,7.2,0.3444,6.889,1308,-0.3802,2
56.4000,20.00,1.1595,-151060,6.7,0.3642,7.285,1312,-0.3385,2
56.4200,20.00,1.1826,-155672,6.2,0.3528,7.056,1303,-0.3625,2
56.4400,20.00,1.1674,-152640,5.8,0.3608,7.215,1308,-0.3458,2
56.4600,20.00,1.1602,-151186,5.4,0.3680,7.359,1304,-0.3306,2
56.4800,20.00,1.0735,-133862,4.9,0.4277,8.554,1301,-0.2048,2
56.5000,20.00,1.0499,-129137,4.5,0.4604,9.207,1274,-0.1361,2
56.5200,20.00,1.1059,-140345,4.0,0.4480,8.960,1258,-0.1622,2
56.5400,20.00,1.1535,-149861,7.5,0.4237,8.474,1264,-0.2133,2
56.5600,20.00,1.1592,-150991,7.1,0.4117,8.234,1275,-0.2386,2
56.5800,20.00,1.2037,-159883,6.5,0.3775,7.550,1281,-0.3105,2
56.6000,20.00,1.1634,-151838,6.1,0.3860,7.720,1297,-0.2926,2
56.6200,20.00,1.2002,-159187,5.6,0.3593,7.185,1293,-0.3489,2
56.6400,20.00,1.1733,-153812,5.1,0.3680,7.360,1305,-0.3306,2
56.6600,20.00,1.1744,-154035,4.7,0.3666,7.333,1301,-0.3334,2
56.6800,20.00,1.1151,-142170,4.3,0.4059,8.117,1302,-0.2508,2
56.7000,20.00,1.1054,-140229,3.8,0.4222,8.444,1284,-0.2164,2
56.7200,20.00,1.1370,-146558,3.3,0.4098,8.196,1276,-0.2425,2
56.7400,20.00,1.1386,-146878,2.9,0.4097,8.194,1282,-0.2428,2
56.7600,20.00,1.1376,-146682,6.3,0.4117,8.234,1282,-0.2386,2
56.7800,20.00,1.1331,-145782,5.9,0.4161,8.321,1281,-0.2293,2
56.8000,20.00,1.2016,-159471,5.4,0.3766,7.532,1279,-0.3124,2
56.8200,20.00,1.1402,-147191,4.9,0.4000,8.000,1297,-0.2632,2
56.8400,20.00,1.1634,-151835,4.4,0.3884,7.768,1286,-0.2875,2
56.8600,20.00,1.1560,-150350,3.9,0.3904,7.808,1292,-0.2833,2
56.8800,20.00,1.1352,-146194,3.5,0.4041,8.082,1291,-0.2546,2
56.9000,20.00,1.1577,-150687,3.1,0.3925,7.850,1285,-0.2790,2
56.9200,20.00,1.1467,-148500,2.6,0.3978,7.956,1290,-0.2678,2
56.9400,20.00,1.1247,-144093,2.2,0.4137,8.273,1287,-0.2344,2
56.9600,20.00,1.1362,-146398,1.7,0.4108,8.217,1280,-0.2403,2
56.9800,20.00,1.1487,-148896,5.2,0.4043,8.086,1281,-0.2541,2
57.0000,20.00,1.1392,-146999,4.7,0.4095,8.190,1284,-0.2432,2
57.0200,20.00,1.1773,-154607,4.2,0.3859,7.717,1282,-0.2929,2
57.0400,20.00,1.1460,-148351,3.7,0.3989,7.978,1293,-0.2655,2
57.0600,20.00,1.1401,-147173,3.2,0.4047,8.094,1287,-0.2533,2
57.0800,20.00,1.1340,-145951,2.8,0.4105,8.210,1284,-0.2411,2
57.1000,20.00,1.1373,-146621,2.3,0.4108,8.217,1282,-0.2403,2
57.1200,20.00,1.1671,-152579,1.9,0.3921,7.842,1281,-0.2798,2
57.1400,20.00,1.1215,-143463,1.5,0.4179,8.357,1290,-0.2256,2
57.1600,20.00,1.1163,-142423,1.0,0.4276,8.552,1278,-0.2051,2
57.1800,20.00,1.1682,-152794,0.5,0.3991,7.982,1274,-0.2651,2
57.2000,20.00,1.1087,-140902,4.0,0.4315,8.629,1287,-0.1969,2
57.2200,20.00,1.1521,-149579,3.5,0.4119,8.238,1272,-0.2381,2
57.2400,20.00,1.1344,-146030,3.1,0.4197,8.393,1281,-0.2218,2
57.2600,20.00,1.1424,-147628,2.6,0.4158,8.316,1277,-0.2298,2
57.2800,20.00,1.2159,-162326,2.1,0.3696,7.391,1279,-0.3273,2
57.3000,20.00,1.1486,-148876,1.6,0.3930,7.861,1301,-0.2778,2
57.3200,20.00,1.1463,-148407,1.2,0.3984,7.968,1290,-0.2665,2
57.3400,20.00,1.1154,-142246,0.7,0.4202,8.403,1287,-0.2207,2
57.3600,20.00,1.1070,-140551,0.2,0.4334,8.669,1277,-0.1927,2
57.3800,20.00,1.1439,-147927,12.0,0.4177,8.355,1271,-0.2258,2
57.4000,20.00,1.1679,-152724,11.5,0.3986,7.973,1278,-0.2660,2
57.4200,20.00,1.1942,-157999,2.9,0.3743,7.487,1287,-0.3172,2
57.4400,20.00,1.1192,-143002,2.4,0.4147,8.295,1298,-0.2322,2
57.4600,20.00,1.1728,-153714,1.9,0.3869,7.738,1280,-0.2907,2
57.4800,20.00,1.1353,-146210,1.4,0.4066,8.131,1292,-0.2494,2
57.5000,20.00,1.0986,-138887,0.9,0.4342,8.684,1283,-0.1911,2
57.5200,20.00,1.1346,-146074,0.4,0.4226,8.452,1271,-0.2156,2
57.5400,20.01,1.1313,-145410,0.0,0.4256,8.512,1276,-0.2093,2
57.5600,20.00,1.1548,-150109,11.8,0.4113,8.226,1275,-0.2393,2
57.5800,20.00,1.1819,-155539,11.3,0.3880,7.759,1281,-0.2885,2
57.6000,20.00,1.1747,-154086,10.8,0.3830,7.659,1292,-0.2990,2
57.6200,20.00,1.2049,-160131,10.3,0.3579,7.158,1294,-0.3518,2
57.6400,20.00,1.1525,-149655,1.7,0.3836,7.673,1306,-0.2976,2
57.6600,20.00,1.1477,-148700,1.2,0.3912,7.825,1294,-0.2816,2
57.6800,20.00,1.1235,-143862,0.7,0.4104,8.207,1291,-0.2413,2
57.7000,20.00,1.1419,-147534,0.2,0.4045,8.090,1282,-0.2537,2
57.7200,20.00,1.1461,-148380,8.1,0.4027,8.053,1284,-0.2575,2
57.7400,20.00,1.1533,-149807,7.6,0.3981,7.962,1285,-0.2671,2
57.7600,20.00,1.1368,-146515,11.1,0.4084,8.168,1287,-0.2455,2
57.7800,20.00,1.1554,-150228,10.6,0.3984,7.969,1282,-0.2665,2
57.8000,20.00,1.1330,-145761,10.1,0.4116,8.232,1287,-0.2387,2
57.8200,20.00,1.1451,-148168,9.6,0.4068,8.136,1281,-0.2488,2
57.8400,20.00,1.1489,-148942,9.2,0.4042,8.083,1283,-0.2544,2
57.8600,20.00,1.1503,-149221,0.5,0.4026,8.051,1285,-0.2577,2
57.8800,20.00,1.1139,-141936,0.0,0.4261,8.522,1285,-0.2083,2
57.9000,20.00,1.1096,-141071,7.8,0.4379,8.757,1274,-0.1835,2
57.9200,20.00,1.0991,-138985,7.4,0.4536,9.071,1269,-0.1504,2
57.9400,20.00,1.1566,-150483,6.9,0.4249,8.498,1262,-0.2107,2
57.9600,20.00,1.1522,-149595,6.5,0.4190,8.379,1275,-0.2232,2
57.9800,20.00,1.1688,-152913,9.9,0.4021,8.042,1278,-0.2588,2
58.0000,20.00,1.1998,-159103,9.5,0.3741,7.481,1285,-0.3178,2
58.0200,20.00,1.1133,-141825,9.0,0.4201,8.402,1298,-0.2209,2
58.0400,20.00,1.2014,-159441,8.5,0.3755,7.510,1277,-0.3148,2
58.0600,20.00,1.0932,-137788,8.0,0.4308,8.616,1298,-0.1983,2
58.0800,20.00,1.1410,-147354,7.5,0.4144,8.289,1272,-0.2328,2
58.1000,20.00,1.1581,-150768,7.1,0.4012,8.025,1280,-0.2605,2
58.1200,20.00,1.1084,-140837,6.6,0.4315,8.629,1286,-0.1969,2
58.1400,20.00,1.1773,-154609,6.2,0.3964,7.929,1272,-0.2706,2
58.1600,20.00,1.1063,-140411,5.7,0.4329,8.658,1288,-0.1939,2
58.1800,20.00,1.1558,-150324,5.3,0.4106,8.213,1271,-0.2408,2
58.2000,20.00,1.1231,-143782,8.8,0.4274,8.548,1282,-0.2055,2
58.2200,20.00,1.1544,-150042,8.2,0.4118,8.237,1274,-0.2383,2
58.2400,20.00,1.2061,-160376,7.8,0.3751,7.503,1281,-0.3155,2
58.2600,20.00,1.1768,-154516,7.3,0.3776,7.553,1298,-0.3102,2
58.2800,20.00,1.1757,-154296,6.8,0.3756,7.512,1297,-0.3146,2
58.3000,20.00,1.1533,-149812,6.3,0.3874,7.749,1298,-0.2896,2
58.3200,20.00,1.1653,-152221,5.9,0.3819,7.639,1292,-0.3012,2
58.3400,20.00,1.1529,-149733,5.5,0.3891,7.782,1295,-0.2861,2
58.3600,20.00,1.1206,-143280,5.0,0.4132,8.264,1292,-0.2354,2
58.3800,20.00,1.1278,-144710,4.6,0.4157,8.315,1280,-0.2300,2
58.4000,20.00,1.1509,-149339,4.1,0.4039,8.078,1279,-0.2549,2
58.4200,20.00,1.0983,-138808,7.6,0.4372,8.745,1285,-0.1848,2
58.4400,20.00,1.0690,-132954,7.1,0.4655,9.311,1269,-0.1252,2
58.4600,20.00,1.0119,-121536,6.7,0.5128,10.256,1256,-0.0257,2
58.4800,20.00,0.9662,-112398,6.1,0.5591,11.182,1234,0.0718,2
58.5000,20.00,0.9493,-109016,5.7,0.5928,11.856,1213,0.1427,2
58.5200,20.00,1.0035,-119861,5.2,0.5874,11.748,1197,0.1314,2
58.5400,20.00,1.0849,-136136,4.8,0.5418,10.835,1199,0.0353,2
58.5600,20.01,1.1107,-141297,4.3,0.5237,10.474,1221,-0.0028,2
58.5800,20.00,1.1653,-152220,3.8,0.4902,9.804,1229,-0.0733,2
58.6000,20.00,1.2035,-159853,3.4,0.4585,9.169,1245,-0.1401,2
58.6200,20.00,1.2587,-170888,2.9,0.4117,8.234,1259,-0.2386,2
58.6400,20.00,1.2568,-170512,6.4,0.3613,7.226,1281,-0.3447,2
58.6600,20.00,1.1866,-156466,5.9,0.3747,7.494,1304,-0.3164,2
58.6800,20.00,1.0838,-135911,5.3,0.4415,8.831,1298,-0.1757,2
58.7000,20.00,1.0001,-119179,4.9,0.5047,10.093,1267,-0.0428,2
58.7200,20.00,0.9761,-114382,4.5,0.5460,10.919,1238,0.0441,2
58.7400,20.00,0.9259,-104341,4.1,0.5988,11.976,1219,0.1554,2
58.7600,20.00,0.9278,-104720,3.6,0.6206,12.411,1194,0.2012,2
58.7800,20.00,0.9285,-104867,3.1,0.6348,12.697,1184,0.2313,2
58.8000,20.00,0.9650,-112165,2.6,0.6367,12.734,1177,0.2352,2
58.8200,20.00,1.0425,-127663,2.1,0.6183,12.366,1177,0.1964,2
58.8400,20.01,1.0681,-132775,1.8,0.6054,12.108,1185,0.1692,2
58.8600,19.99,1.0864,-136432,5.2,0.5922,11.843,1191,0.1414,2
58.8800,20.00,1.1018,-139512,4.7,0.5745,11.490,1197,0.1043,2
58.9000,20.00,1.0963,-138414,4.2,0.5694,11.388,1205,0.0934,2
58.9200,20.00,1.1511,-149372,3.8,0.5361,10.721,1208,0.0233,2
58.9400,20.00,1.1599,-151130,3.4,0.5169,10.339,1223,-0.0170,2
58.9600,20.00,1.1145,-142048,2.9,0.5271,10.542,1232,0.0044,2
58.9800,20.00,1.0591,-130983,2.4,0.5490,10.981,1227,0.0506,2
59.0000,20.00,1.0630,-131753,2.0,0.5598,11.195,1217,0.0732,2
59.0200,20.00,1.0423,-127627,1.5,0.5794,11.587,1212,0.1144,2
59.0400,20.00,1.0366,-126488,1.1,0.5936,11.872,1203,0.1444,2
59.0600,20.00,1.0115,-121462,0.6,0.6097,12.194,1197,0.1784,2
59.0800,20.00,0.9839,-115949,4.1,0.6279,12.557,1189,0.2165,2
59.1000,20.00,0.9776,-114675,3.6,0.6415,12.830,1181,0.2452,2
59.1200,20.00,1.0176,-122691,3.1,0.6406,12.813,1174,0.2435,2
59.1400,19.99,1.0473,-128622,2.7,0.6345,12.689,1175,0.2304,2
59.1600,20.00,1.0390,-126960,2.2,0.6362,12.725,1178,0.2342,2
59.1800,20.00,1.0499,-129130,1.7,0.6341,12.682,1177,0.2296,2
59.2000,20.00,1.0382,-126796,1.2,0.6366,12.732,1178,0.2350,2
59.2200,19.99,1.0133,-121820,0.8,0.6452,12.905,1177,0.2531,2
59.2400,20.00,0.9753,-114214,0.3,0.6609,13.218,1173,0.2861,2
59.2600,20.00,0.9961,-118390,12.1,0.6672,13.344,1165,0.2993,2
59.2800,20.00,1.0448,-128111,11.6,0.6605,13.211,1163,0.2853,2
59.3000,20.00,1.0077,-120696,2.9,0.6685,13.370,1166,0.3021,2
59.3200,20.01,1.0025,-119659,2.4,0.6750,13.501,1162,0.3159,2
59.3400,20.00,1.0321,-125577,1.9,0.6727,13.453,1159,0.3109,2
59.3600,20.00,1.0048,-120127,1.5,0.6806,13.612,1160,0.3276,2
59.3800,20.00,0.9898,-117133,1.0,0.6901,13.803,1156,0.3477,2
59.4000,20.00,1.0134,-121841,0.5,0.6930,13.859,1152,0.3536,2
59.4200,20.02,1.0460,-128352,0.0,0.6873,13.745,1150,0.3416,2
59.4400,19.99,1.0486,-128879,11.9,0.6849,13.697,1153,0.3365,2
59.4600,20.00,1.0407,-127305,11.4,0.6856,13.711,1154,0.3380,2
59.4800,20.00,1.0140,-121957,10.9,0.6943,13.886,1154,0.3564,2
59.5000,20.01,0.9999,-119137,10.4,0.7036,14.071,1150,0.3759,2
59.5200,20.00,1.0231,-123791,1.8,0.7063,14.127,1146,0.3818,2
59.5400,20.00,1.0600,-131154,1.2,0.7014,14.029,1144,0.3714,2
59.5600,20.00,1.0888,-136926,0.8,0.6913,13.825,1147,0.3500,2
59.5800,20.00,1.0871,-136575,0.3,0.6872,13.744,1151,0.3415,2
59.6000,20.00,1.0584,-130840,8.2,0.6895,13.790,1153,0.3463,2
59.6200,20.00,1.0128,-121724,7.7,0.6999,13.997,1152,0.3681,2
59.6400,20.00,1.0038,-119932,11.2,0.7107,14.215,1147,0.3910,2
59.6600,20.00,1.0475,-128669,10.7,0.7133,14.267,1142,0.3965,2
59.6800,20.00,1.0537,-129901,10.2,0.7142,14.283,1141,0.3983,2
59.7000,20.00,1.0793,-135011,9.8,0.7086,14.172,1141,0.3865,2
59.7200,20.00,1.1484,-148830,9.2,0.6862,13.725,1143,0.3394,2
59.7400,20.00,1.1068,-140512,0.6,0.6857,13.714,1154,0.3383,2
59.7600,20.00,1.1098,-141118,0.1,0.6824,13.648,1154,0.3314,2
59.7800,20.00,1.1380,-146764,7.8,0.6736,13.472,1155,0.3129,2
59.8000,20.00,1.1501,-149180,7.5,0.6652,13.303,1159,0.2951,2
59.8200,19.99,1.1100,-141160,7.0,0.6639,13.278,1163,0.2924,2
59.8400,20.00,1.1273,-144624,6.5,0.6635,13.271,1164,0.2916,2
59.8600,20.00,1.1296,-145072,10.0,0.6623,13.246,1164,0.2890,2
59.8800,20.00,1.1412,-147396,9.5,0.6588,13.175,1165,0.2816,2
59.9000,20.00,1.1611,-151380,9.1,0.6504,13.008,1166,0.2641,2
59.9200,20.00,1.1645,-152060,8.6,0.6435,12.871,1170,0.2496,2
59.9400,20.00,1.1685,-152854,8.1,0.6370,12.741,1173,0.2359,2
59.9600,20.00,1.1557,-150298,7.6,0.6358,12.716,1176,0.2333,2
59.9800,20.00,1.1590,-150963,7.2,0.6331,12.663,1177,0.2277,2
60.0000,19.99,1.1409,-147333,6.7,0.6349,12.698,1178,0.2313,2
60.0200,20.00,1.1645,-152059,6.3,0.6307,12.613,1177,0.2224,2
60.0400,20.00,1.1744,-154029,5.8,0.6243,12.485,1179,0.2090,2
60.0600,20.00,1.1773,-154613,5.4,0.6184,12.368,1182,0.1966,2
60.0800,20.00,1.1909,-157342,8.8,0.6087,12.175,1185,0.1763,2
60.1000,20.00,1.1874,-156636,8.4,0.6031,12.061,1190,0.1643,2
60.1200,20.00,1.1710,-153357,7.8,0.6033,12.066,1192,0.1648,2
60.1400,20.00,1.1365,-146449,7.4,0.6109,12.218,1192,0.1809,2
60.1600,20.00,1.1668,-152507,6.9,0.6102,12.204,1188,0.1794,2
60.1800,20.00,1.1876,-156670,6.5,0.6017,12.034,1189,0.1615,2
60.2000,20.00,1.1963,-158418,6.0,0.5930,11.859,1193,0.1431,2
60.2200,20.00,1.1885,-156859,5.5,0.5893,11.786,1197,0.1353,2
60.2400,20.00,1.1785,-154861,5.1,0.5880,11.760,1198,0.1326,2
60.2600,20.00,1.2270,-164544,4.7,0.5690,11.381,1199,0.0927,2
60.2800,20.00,1.2254,-164240,4.2,0.5565,11.131,1208,0.0664,2
60.3000,20.00,1.2250,-164144,7.7,0.5463,10.926,1214,0.0448,2
60.3200,20.00,1.2183,-162806,7.2,0.5404,10.808,1218,0.0324,2
60.3400,20.00,1.2426,-167671,6.7,0.5205,10.411,1221,-0.0094,2
60.3600,20.00,1.2264,-164428,6.2,0.5143,10.286,1230,-0.0225,2
60.3800,20.00,1.2434,-167834,5.8,0.5023,10.046,1233,-0.0478,2
60.4000,20.00,1.2406,-167278,5.3,0.4957,9.913,1239,-0.0618,2
60.4200,20.00,1.2137,-161887,4.8,0.4991,9.983,1242,-0.0544,2
60.4400,20.00,1.1894,-157026,4.4,0.5087,10.174,1240,-0.0344,2
60.4600,20.00,1.2448,-168118,4.0,0.4919,9.838,1236,-0.0697,2
60.4800,20.00,1.2481,-168769,3.5,0.4815,9.629,1244,-0.0916,2
60.5000,20.00,1.1900,-157152,3.0,0.4955,9.911,1249,-0.0620,2
60.5200,20.00,1.1797,-155101,6.5,0.5060,10.120,1242,-0.0400,2
60.5400,20.00,1.1706,-153273,6.0,0.5147,10.294,1237,-0.0216,2
60.5600,20.00,1.1762,-154399,5.5,0.5174,10.348,1233,-0.0160,2
60.5800,20.00,1.1745,-154056,5.1,0.5198,10.397,1232,-0.0109,2
60.6000,20.00,1.2113,-161409,4.6,0.5098,10.197,1231,-0.0319,2
60.6200,20.00,1.3017,-179486,4.1,0.4660,9.319,1235,-0.1243,2
60.6400,20.00,1.3554,-190234,3.7,0.4216,8.432,1256,-0.2177,2
60.6600,20.00,1.1907,-157295,3.2,0.4500,8.999,1276,-0.1580,2
60.6800,20.00,1.0845,-136066,2.8,0.4993,9.987,1263,-0.0540,2
60.7000,20.00,1.0836,-135879,2.4,0.5248,10.496,1240,-0.0005,2
60.7200,20.00,1.1740,-153959,1.9,0.5189,10.379,1228,-0.0128,2
60.7400,20.00,1.2467,-168489,5.3,0.4900,9.799,1231,-0.0738,2
60.7600,20.00,1.2387,-166881,4.9,0.4797,9.594,1245,-0.0953,2
60.7800,20.00,1.2700,-173158,4.4,0.4543,9.086,1250,-0.1488,2
60.8000,20.00,1.2358,-166308,3.9,0.4536,9.073,1261,-0.1502,2
60.8200,20.00,1.1745,-154051,3.5,0.4748,9.497,1262,-0.1056,2
60.8400,20.00,1.2384,-166839,3.0,0.4559,9.117,1252,-0.1456,2
60.8600,20.00,1.2679,-172729,2.5,0.4282,8.564,1260,-0.2038,2
60.8800,20.00,1.2349,-166128,2.0,0.4300,8.601,1273,-0.1999,2
60.9000,20.00,1.1661,-152382,1.5,0.4569,9.138,1272,-0.1434,2
60.9200,20.00,1.1330,-145760,1.2,0.4845,9.689,1260,-0.0853,2
60.9400,20.00,1.1577,-150694,0.7,0.4912,9.824,1247,-0.0712,2
60.9600,19.99,1.2604,-171235,4.2,0.4478,8.956,1244,-0.1625,2
60.9800,20.00,1.3462,-188377,3.6,0.3875,7.749,1264,-0.2896,2
61.0000,20.00,1.2515,-169445,3.2,0.3911,7.823,1292,-0.2818,2
61.0200,20.00,1.1424,-147634,2.6,0.4411,8.822,1291,-0.1766,2
61.0400,20.00,1.1870,-156550,2.2,0.4480,8.961,1267,-0.1620,2
61.0600,20.00,1.1842,-155989,1.8,0.4538,9.077,1264,-0.1498,2
61.0800,20.00,1.1426,-147680,1.4,0.4750,9.501,1261,-0.1052,2
61.1000,20.00,1.1585,-150851,0.9,0.4812,9.624,1252,-0.0923,2
61.1200,20.00,1.1881,-156772,0.4,0.4751,9.502,1249,-0.1051,2
61.1400,20.00,1.1346,-146072,0.0,0.4883,9.767,1252,-0.0772,2
61.1600,19.99,1.1348,-146109,11.7,0.4942,9.885,1245,-0.0648,2
61.1800,20.00,1.1350,-146153,3.0,0.4980,9.960,1243,-0.0568,2
61.2000,20.00,1.1616,-151473,2.5,0.4952,9.905,1241,-0.0626,2
61.2200,20.00,1.2158,-162315,2.1,0.4727,9.454,1242,-0.1101,2
61.2400,20.00,1.2428,-167707,1.6,0.4450,8.899,1253,-0.1685,2
61.2600,20.00,1.2741,-173959,1.1,0.4099,8.199,1266,-0.2422,2
61.2800,20.00,1.2328,-165712,0.7,0.4099,8.198,1282,-0.2423,2
61.3000,20.00,1.1675,-152644,0.2,0.4390,8.780,1282,-0.1810,2
61.3200,20.00,1.1974,-158642,12.0,0.4349,8.697,1268,-0.1898,2
61.3400,20.00,1.1905,-157256,11.5,0.4370,8.740,1270,-0.1853,2
61.3600,20.00,1.1272,-144587,11.0,0.4695,9.391,1269,-0.1168,2
61.3800,20.01,1.1873,-156622,10.5,0.4590,9.181,1254,-0.1389,2
61.4000,20.00,1.2070,-160558,1.8,0.4414,8.827,1259,-0.1761,2
61.4200,20.00,1.1707,-153289,1.4,0.4539,9.077,1267,-0.1498,2
61.4400,20.00,1.1903,-157209,0.9,0.4477,8.954,1261,-0.1627,2
61.4600,20.00,1.2280,-164755,0.4,0.4197,8.394,1264,-0.2217,2
61.4800,20.00,1.2339,-165922,8.3,0.4021,8.042,1277,-0.2587,2
61.5000,20.00,1.2178,-162717,7.8,0.3996,7.993,1285,-0.2639,2
61.5200,20.00,1.2173,-162608,11.2,0.3953,7.905,1287,-0.2731,2
61.5400,20.00,1.1616,-151466,10.8,0.4249,8.498,1288,-0.2107,2
61.5600,20.01,1.1542,-149993,10.3,0.4435,8.870,1275,-0.1716,2
61.5800,19.99,1.1544,-150025,9.8,0.4524,9.049,1266,-0.1528,2
61.6000,20.00,1.1323,-145606,9.4,0.4687,9.373,1262,-0.1186,2
61.6200,20.00,1.1431,-147768,0.7,0.4723,9.445,1255,-0.1111,2
61.6400,20.00,1.1373,-146618,0.2,0.4776,9.551,1253,-0.0999,2
61.6600,20.00,1.1151,-142176,8.0,0.4886,9.771,1250,-0.0767,2
61.6800,20.00,1.0800,-135166,7.6,0.5072,10.144,1245,-0.0375,2
61.7000,20.00,1.0926,-137674,7.0,0.5097,10.195,1237,-0.0321,2
61.7200,20.00,1.0921,-137573,6.6,0.5159,10.318,1236,-0.0191,2
61.7400,20.00,1.1364,-146428,10.1,0.5081,10.162,1233,-0.0356,2
61.7600,20.00,1.3386,-186868,9.6,0.4211,8.422,1236,-0.2187,2
61.7800,20.01,1.2810,-175357,9.1,0.3861,7.722,1277,-0.2924,2
61.8000,19.99,1.0941,-137973,8.7,0.4737,9.474,1293,-0.1080,2
61.8200,20.00,1.0417,-127499,8.2,0.5131,10.262,1252,-0.0251,2
61.8400,20.00,1.0954,-138242,7.7,0.5058,10.115,1234,-0.0405,2
61.8600,20.00,1.0877,-136698,7.2,0.5131,10.262,1237,-0.0251,2
61.8800,20.00,1.0376,-126686,6.9,0.5408,10.817,1234,0.0334,2
61.9000,20.00,1.0070,-120564,6.4,0.5791,11.581,1221,0.1138,2
61.9200,20.00,1.0058,-120325,5.9,0.6043,12.085,1203,0.1669,2
61.9400,20.00,1.0586,-130884,5.5,0.6062,12.123,1192,0.1709,2
61.9600,20.00,1.1424,-147642,4.9,0.5798,11.597,1191,0.1155,2
61.9800,20.00,0.4040,-1,16.7,0.6901,13.802,1191,0.3476,2
62.0000,20.00,0.4040,-1,3.9,0.7752,15.503,1152,0.5266,2
62.0200,20.00,0.4040,-1,23.9,0.8261,16.522,1152,0.6339,2
62.0400,20.00,0.4040,-1,43.9,0.8559,17.118,1152,0.6966,2
62.0600,20.00,0.4040,-1,63.9,0.8728,17.456,1152,0.7323,2
62.0800,20.00,0.4040,-1,83.9,0.8865,17.730,1152,0.7611,2
62.1000,20.00,0.4040,-1,103.9,0.8995,17.991,1152,0.7885,2
62.1200,20.00,0.4040,-1,123.9,0.9109,18.219,1152,0.8125,2
62.1400,20.00,0.4040,-1,143.9,0.9205,18.410,1152,0.8327,2
62.1600,20.00,0.4040,-1,163.9,0.9222,18.444,1152,0.8362,2
62.1800,20.00,0.4040,-1,183.9,0.9217,18.434,1152,0.8351,2
62.2000,20.00,0.4040,-1,3.2,0.9210,18.419,1044,0.8336,2
62.2200,20.01,0.4040,-1,23.2,0.9203,18.407,1044,0.8323,2
62.2400,19.99,0.4040,-1,6.3,0.9198,18.397,1045,0.8312,2
62.2600,20.00,0.4040,-1,5.9,0.9194,18.387,1045,0.8302,2
62.2800,20.00,0.4040,-1,5.4,0.9190,18.379,1045,0.8294,2
62.3000,20.00,0.4040,-1,4.9,0.9187,18.373,1046,0.8287,2
62.3200,20.00,0.4040,-1,4.4,0.9184,18.368,1046,0.8282,2
62.3400,20.00,0.4040,-1,4.0,0.9182,18.364,1046,0.8278,2
62.3600,20.00,0.4040,-1,3.6,0.9180,18.361,1046,0.8274,2
62.3800,20.00,0.4040,-1,23.6,0.9179,18.358,1046,0.8272,2
62.4000,20.00,0.4040,-1,43.6,0.9178,18.356,1046,0.8269,2
62.4200,20.00,0.4040,-1,2.2,0.9177,18.354,1046,0.8267,2
62.4400,20.00,0.4040,-1,5.8,0.9176,18.352,1046,0.8265,2
62.4600,20.00,0.4040,-1,5.1,0.9175,18.351,1046,0.8264,2
62.4800,20.00,0.4040,-1,4.7,0.9175,18.350,1046,0.8263,2
62.5000,20.00,0.4040,-1,12.4,0.9174,18.349,1046,0.8262,2
62.5200,19.99,0.4040,-1,7.8,0.9174,18.348,1046,0.8261,2
62.5400,20.00,0.4040,-1,27.8,0.9174,18.348,1046,0.8261,2
62.5600,20.00,0.4040,-1,2.8,0.9174,18.347,1046,0.8260,2
62.5800,20.00,0.4040,-1,22.8,0.9173,18.347,1046,0.8260,2
62.6000,20.00,0.4040,-1,42.8,0.9173,18.347,1046,0.8260,2
62.6200,20.00,0.4040,-1,62.8,0.9173,18.346,1046,0.8259,2
62.6400,20.00,0.4040,-1,82.8,0.9173,18.346,1046,0.8259,2
62.6600,20.00,0.4040,-1,102.8,0.9173,18.346,1046,0.8259,2
62.6800,20.00,0.4040,-1,4.0,0.9173,18.346,1046,0.8259,2
62.7000,20.00,0.4040,-1,3.4,0.9173,18.346,1046,0.8259,2
62.7200,20.00,0.4040,-1,3.1,0.9173,18.346,1046,0.8259,2
62.7400,20.00,0.4040,-1,2.6,0.9173,18.346,1046,0.8259,2
62.7600,20.00,0.4040,-1,2.2,0.9173,18.346,1046,0.8259,2
62.7800,20.00,0.4040,-1,1.6,0.9173,18.346,1046,0.8259,2
62.8000,20.00,0.4040,-1,21.6,0.9173,18.346,1046,0.8259,2
62.8200,20.00,0.4040,-1,4.8,0.9173,18.346,1046,0.8259,2
62.8400,20.01,0.4040,-1,8.4,0.9173,18.346,1046,0.8259,2
62.8600,20.00,0.4040,-1,4.0,0.9173,18.346,1046,0.8259,2
62.8800,20.00,0.4040,-1,7.4,0.9173,18.346,1046,0.8259,2
62.9000,20.00,0.4040,-1,7.0,0.9173,18.346,1046,0.8259,2
62.9200,20.00,0.4040,-1,27.0,0.9173,18.346,1046,0.8259,2
62.9400,20.00,0.4040,-1,6.0,0.9173,18.346,1046,0.8259,2
62.9600,20.00,0.4040,-1,5.6,0.9173,18.346,1046,0.8259,2
62.9800,20.00,0.4040,-1,9.1,0.9173,18.346,1046,0.8259,2
63.0000,20.00,0.4040,-1,8.7,0.9173,18.346,1046,0.8259,2
63.0200,20.00,0.4040,-1,8.3,0.9173,18.346,1046,0.8259,2
63.0400,19.99,0.4040,-1,28.3,0.9173,18.346,1046,0.8259,2
63.0600,20.00,0.4040,-1,3.2,0.9173,18.346,1046,0.8259,2
63.0800,20.00,0.4040,-1,6.7,0.9173,18.346,1046,0.8259,2
63.1000,20.00,0.4040,-1,6.2,0.9173,18.346,1046,0.8259,2
63.1200,20.00,0.4040,-1,5.8,0.9173,18.346,1046,0.8259,2
63.1400,20.00,0.4040,-1,9.4,0.9173,18.346,1046,0.8259,2
63.1600,20.00,0.4040,-1,4.9,0.9173,18.346,1046,0.8259,2
63.1800,20.00,0.4040,-1,8.4,0.9173,18.346,1046,0.8259,2
63.2000,20.00,0.4040,-1,8.0,0.9173,18.346,1046,0.8259,2
63.2200,20.00,0.4040,-1,7.5,0.9173,18.346,1046,0.8259,2
63.2400,20.00,0.4040,-1,3.0,0.9173,18.346,1046,0.8259,2
63.2600,20.00,0.4040,-1,6.5,0.9173,18.346,1046,0.8259,2
63.2800,20.00,0.4040,-1,6.1,0.9173,18.346,1046,0.8259,2
63.3000,20.00,0.4040,-1,26.1,0.9173,18.346,1046,0.8259,2
63.3200,20.00,0.4040,-1,46.1,0.9173,18.346,1046,0.8259,2
63.3400,20.00,0.4040,-1,4.6,0.9173,18.346,1046,0.8259,2
63.3600,20.00,0.4040,-1,4.1,0.9173,18.346,1046,0.8259,2
63.3800,20.00,0.4040,-1,7.7,0.9173,18.346,1046,0.8259,2
63.4000,20.00,0.4040,-1,27.7,0.9173,18.346,1046,0.8259,2
63.4200,20.00,0.4040,-1,6.8,0.9173,18.346,1046,0.8259,2
63.4400,20.00,0.4040,-1,6.3,0.9173,18.346,1046,0.8259,2
63.4600,20.00,0.4040,-1,26.3,0.9173,18.346,1046,0.8259,2
63.4800,20.00,0.4040,-1,46.3,0.9173,18.346,1046,0.8259,2
63.5000,20.00,0.4040,-1,5.0,0.9173,18.346,1046,0.8259,2
63.5200,20.00,0.4040,-1,8.5,0.9173,18.346,1046,0.8259,2
63.5400,20.00,0.4040,-1,4.1,0.9173,18.346,1046,0.8259,2
63.5600,20.00,0.4040,-1,7.5,0.9173,18.346,1046,0.8259,2
63.5800,20.00,0.4040,-1,7.1,0.9173,18.346,1046,0.8259,2
63.6000,20.00,0.4040,-1,6.6,0.9173,18.346,1046,0.8259,2
63.6200,20.00,0.4040,-1,26.6,0.9173,18.346,1046,0.8259,2
63.6400,20.00,0.4040,-1,5.7,0.9173,18.346,1046,0.8259,2
63.6600,20.00,0.4040,-1,5.2,0.9173,18.346,1046,0.8259,2
63.6800,20.00,0.4040,-1,8.8,0.9173,18.346,1046,0.8259,2
63.7000,20.00,0.4040,-1,8.3,0.9173,18.346,1046,0.8259,2
63.7200,20.00,0.4040,-1,7.8,0.9173,18.346,1046,0.8259,2
63.7400,20.00,0.4040,-1,7.3,0.9173,18.346,1046,0.8259,2
63.7600,20.00,0.4040,-1,6.9,0.9173,18.346,1046,0.8259,2
63.7800,20.00,0.4040,-1,6.4,0.9173,18.346,1046,0.8259,2
63.8000,20.00,0.4040,-1,5.9,0.9173,18.346,1046,0.8259,2
63.8200,20.00,0.4040,-1,5.5,0.9173,18.346,1046,0.8259,2
63.8400,20.00,0.4040,-1,25.5,0.9173,18.346,1046,0.8259,2
63.8600,20.00,0.4040,-1,8.6,0.9173,18.346,1046,0.8259,2
63.8800,20.00,0.4040,-1,28.6,0.9173,18.346,1046,0.8259,2
63.9000,20.00,0.4040,-1,7.6,0.9173,18.346,1046,0.8259,2
63.9200,20.00,0.4040,-1,7.2,0.9173,18.346,1046,0.8259,2
63.9400,20.00,0.4040,-1,6.7,0.9173,18.346,1046,0.8259,2
63.9600,20.00,0.4040,-1,26.7,0.9173,18.346,1046,0.8259,2
63.9800,20.00,0.4040,-1,46.7,0.9173,18.346,1046,0.8259,2
64.0000,20.00,0.4040,-1,5.3,0.9173,18.346,1046,0.8259,2
64.0200,20.00,0.4040,-1,4.8,0.9173,18.346,1046,0.8259,2
64.0400,20.00,0.4040,-1,24.8,0.9173,18.346,1046,0.8259,2
64.0600,20.00,0.4040,-1,3.9,0.9173,18.346,1046,0.8259,2
64.0800,20.00,0.4040,-1,7.4,0.9173,18.346,1046,0.8259,2
64.1000,20.00,0.4040,-1,27.4,0.9173,18.346,1046,0.8259,2
64.1200,20.00,0.4040,-1,47.4,0.9173,18.346,1046,0.8259,2
64.1400,20.00,0.4040,-1,5.9,0.9173,18.346,1046,0.8259,2
64.1600,20.00,0.4040,-1,25.9,0.9173,18.346,1046,0.8259,2
64.1800,20.01,0.4040,-1,9.1,0.9173,18.346,1046,0.8259,2
64.2000,19.99,0.4040,-1,12.7,0.9173,18.346,1046,0.8259,2
64.2200,20.00,0.4040,-1,12.2,0.9173,18.346,1046,0.8259,2
64.2400,20.00,0.4040,-1,7.5,0.9173,18.346,1046,0.8259,2
64.2600,20.00,0.4040,-1,3.2,0.9173,18.346,1046,0.8259,2
64.2800,20.00,0.4040,-1,23.2,0.9173,18.346,1046,0.8259,2
64.3000,20.00,0.4040,-1,10.4,0.9173,18.346,1046,0.8259,2
64.3200,20.00,0.4040,-1,9.9,0.9173,18.346,1046,0.8259,2
64.3400,20.00,0.4040,-1,13.5,0.9173,18.346,1046,0.8259,2
64.3600,20.00,0.4040,-1,13.1,0.9173,18.346,1046,0.8259,2
64.3800,20.00,0.4040,-1,12.6,0.9173,18.346,1046,0.8259,2
64.4000,20.00,0.4040,-1,12.1,0.9173,18.346,1046,0.8259,2
64.4200,20.00,0.4040,-1,11.6,0.9173,18.346,1046,0.8259,2
64.4400,20.00,0.4040,-1,11.2,0.9173,18.346,1046,0.8259,2
64.4600,20.00,0.4040,-1,10.7,0.9173,18.346,1046,0.8259,2
64.4800,20.00,0.4040,-1,14.2,0.9173,18.346,1046,0.8259,2
64.5000,20.00,0.4040,-1,13.8,0.9173,18.346,1046,0.8259,2
64.5200,20.00,0.4040,-1,9.1,0.9173,18.346,1046,0.8259,2
64.5400,20.00,0.4040,-1,8.6,0.9173,18.346,1046,0.8259,2
64.5600,20.00,0.4040,-1,28.6,0.9173,18.346,1046,0.8259,2
64.5800,20.00,0.4040,-1,7.7,0.9173,18.346,1046,0.8259,2
64.6000,20.00,0.4040,-1,27.7,0.9173,18.346,1046,0.8259,2
64.6200,20.00,0.4040,-1,47.7,0.9173,18.346,1046,0.8259,2
64.6400,20.00,0.4040,-1,6.1,0.9173,18.346,1046,0.8259,2
64.6600,20.00,0.4040,-1,26.1,0.9173,18.346,1046,0.8259,2
64.6800,20.00,0.4040,-1,9.3,0.9173,18.346,1046,0.8259,2
64.7000,20.00,0.4040,-1,29.3,0.9173,18.346,1046,0.8259,2
64.7200,20.00,0.4040,-1,8.5,0.9173,18.346,1046,0.8259,2
64.7400,20.00,0.4040,-1,28.5,0.9173,18.346,1046,0.8259,2
64.7600,20.00,0.4040,-1,3.5,0.9173,18.346,1046,0.8259,2
64.7800,20.00,0.4040,-1,7.0,0.9173,18.346,1046,0.8259,2
64.8000,20.00,0.4040,-1,27.0,0.9173,18.346,1046,0.8259,2
64.8200,20.00,0.4040,-1,47.0,0.9173,18.346,1046,0.8259,2
64.8400,20.00,0.4040,-1,9.7,0.9173,18.346,1046,0.8259,2
64.8600,20.00,0.4040,-1,29.7,0.9173,18.346,1046,0.8259,2
64.8800,20.00,0.4040,-1,49.7,0.9173,18.346,1046,0.8259,2
64.9000,20.00,0.4040,-1,69.7,0.9173,18.346,1046,0.8259,2
64.9200,20.00,0.4040,-1,7.8,0.9173,18.346,1046,0.8259,2
64.9400,20.00,0.4040,-1,27.8,0.9173,18.346,1046,0.8259,2
64.9600,20.00,0.4040,-1,47.8,0.9173,18.346,1046,0.8259,2
64.9800,20.00,0.4040,-1,67.8,0.9173,18.346,1046,0.8259,2
65.0000,19.99,0.4040,-1,87.8,0.9173,18.346,1046,0.8259,2
65.0200,20.00,0.4040,-1,107.8,0.9173,18.346,1046,0.8259,2
65.0400,20.00,0.4040,-1,127.8,0.9173,18.346,1046,0.8259,2
65.0600,20.00,0.4040,-1,8.5,0.9173,18.346,1046,0.8259,2
65.0800,20.00,0.4040,-1,28.5,0.9173,18.346,1046,0.8259,2
65.1000,20.00,0.4040,-1,48.5,0.9173,18.346,1046,0.8259,2
65.1200,20.00,0.4040,-1,68.5,0.9173,18.346,1046,0.8259,2
65.1400,19.99,0.4040,-1,88.5,0.9173,18.346,1046,0.8259,2
65.1600,20.00,0.4040,-1,6.2,0.9173,18.346,1046,0.8259,2
65.1800,20.00,0.4040,-1,26.2,0.9173,18.346,1046,0.8259,2
65.2000,20.00,0.4040,-1,46.2,0.9173,18.346,1046,0.8259,2
65.2200,20.00,0.4040,-1,66.2,0.9173,18.346,1046,0.8259,2
65.2400,20.00,0.4040,-1,86.2,0.9173,18.346,1046,0.8259,2
65.2600,20.00,0.4040,-1,106.2,0.9173,18.346,1046,0.8259,2
65.2800,20.00,0.4040,-1,126.2,0.9173,18.346,1046,0.8259,2
65.3000,20.00,0.4040,-1,146.2,0.9173,18.346,1046,0.8259,2
65.3200,20.00,0.4040,-1,166.2,0.9173,18.346,1046,0.8259,2
65.3400,20.00,0.4040,-1,186.2,0.9173,18.346,1046,0.8259,2
65.3600,20.00,0.4040,-1,206.2,0.9173,18.346,1046,0.8259,2
65.3800,20.00,0.4040,-1,226.2,0.9173,18.346,1046,0.8259,2
65.4000,20.00,0.4040,-1,246.2,0.9173,18.346,1046,0.8259,2
65.4200,20.00,0.4040,-1,8.1,0.9173,18.346,1046,0.8259,2
65.4400,20.00,0.4040,-1,28.1,0.9173,18.346,1046,0.8259,2
65.4600,20.00,0.4040,-1,48.1,0.9173,18.346,1046,0.8259,2
65.4800,20.00,0.4040,-1,68.1,0.9173,18.346,1046,0.8259,2
65.5000,20.00,0.4040,-1,88.1,0.9173,18.346,1046,0.8259,2
65.5200,20.00,0.4040,-1,108.1,0.9173,18.346,1046,0.8259,2
65.5400,20.00,0.4040,-1,128.1,0.9173,18.346,1046,0.8259,2
65.5600,20.00,0.4040,-1,148.1,0.9173,18.346,1046,0.8259,2
65.5800,20.00,0.4040,-1,168.1,0.9173,18.346,1046,0.8259,2
65.6000,20.00,0.4040,-1,188.1,0.9173,18.346,1046,0.8259,2
65.6200,19.99,0.4040,-1,208.1,0.9173,18.346,1046,0.8259,2
65.6400,20.00,0.4040,-1,228.1,0.9173,18.346,1046,0.8259,2
65.6600,20.00,0.4040,-1,248.1,0.9173,18.346,1046,0.8259,2
65.6800,20.00,0.4040,-1,6.0,0.9173,18.346,1046,0.8259,2
65.7000,20.00,0.4040,-1,26.0,0.9173,18.346,1046,0.8259,2
65.7200,20.00,0.4040,-1,46.0,0.9173,18.346,1046,0.8259,2
65.7400,20.00,0.4040,-1,66.0,0.9173,18.346,1046,0.8259,2
65.7600,20.00,0.4040,-1,8.2,0.9173,18.346,1046,0.8259,2
65.7800,20.00,0.4040,-1,28.2,0.9173,18.346,1046,0.8259,2
65.8000,20.00,0.4040,-1,48.2,0.9173,18.346,1046,0.8259,2
65.8200,20.00,0.4040,-1,68.2,0.9173,18.346,1046,0.8259,2
65.8400,20.00,0.4040,-1,88.2,0.9173,18.346,1046,0.8259,2
65.8600,20.00,0.4040,-1,108.2,0.9173,18.346,1046,0.8259,2
65.8800,20.00,0.4040,-1,128.2,0.9173,18.346,1046,0.8259,2
65.9000,20.00,0.4040,-1,148.2,0.9173,18.346,1046,0.8259,2
65.9200,20.00,0.4040,-1,4.4,0.9173,18.346,1046,0.8259,2
65.9400,20.00,0.4040,-1,7.8,0.9173,18.346,1046,0.8259,2
65.9600,20.00,0.4040,-1,27.8,0.9173,18.346,1046,0.8259,2
65.9800,20.00,0.4040,-1,6.9,0.9173,18.346,1046,0.8259,2
66.0000,20.00,0.4040,-1,26.9,0.9173,18.346,1046,0.8259,2
66.0200,20.00,0.4040,-1,46.9,0.9173,18.346,1046,0.8259,2
66.0400,20.00,0.4040,-1,5.5,0.9173,18.346,1046,0.8259,2
66.0600,20.00,0.4040,-1,25.5,0.9173,18.346,1046,0.8259,2
66.0800,20.00,0.4040,-1,45.5,0.9173,18.346,1046,0.8259,2
66.1000,20.00,0.4040,-1,65.5,0.9173,18.346,1046,0.8259,2
66.1200,20.00,0.4040,-1,85.5,0.9173,18.346,1046,0.8259,2
66.1400,20.00,0.4040,-1,105.5,0.9173,18.346,1046,0.8259,2
66.1600,20.00,0.4040,-1,125.5,0.9173,18.346,1046,0.8259,2
66.1800,20.00,0.4040,-1,145.5,0.9173,18.346,1046,0.8259,2
66.2000,20.00,0.4040,-1,9.9,0.9173,18.346,1046,0.8259,2
66.2200,20.00,0.4040,-1,29.9,0.9173,18.346,1046,0.8259,2
66.2400,20.00,0.4040,-1,49.9,0.9173,18.346,1046,0.8259,2
66.2600,20.00,0.4040,-1,8.6,0.9173,18.346,1046,0.8259,2
66.2800,20.00,0.4040,-1,4.1,0.9173,18.346,1046,0.8259,2
66.3000,20.00,0.4040,-1,24.1,0.9173,18.346,1046,0.8259,2
66.3200,20.00,0.4040,-1,7.2,0.9173,18.346,1046,0.8259,2
66.3400,20.00,0.4040,-1,6.6,0.9173,18.346,1046,0.8259,2
66.3600,20.00,0.4040,-1,26.6,0.9173,18.346,1046,0.8259,2
66.3800,20.00,0.4040,-1,46.6,0.9173,18.346,1046,0.8259,2
66.4000,20.00,0.4040,-1,9.2,0.9173,18.346,1046,0.8259,2
66.4200,20.00,0.4040,-1,29.2,0.9173,18.346,1046,0.8259,2
66.4400,20.00,0.4040,-1,49.2,0.9173,18.346,1046,0.8259,2
66.4600,20.00,0.4040,-1,69.2,0.9173,18.346,1046,0.8259,2
66.4800,20.00,0.4040,-1,7.4,0.9173,18.346,1046,0.8259,2
66.5000,20.00,0.4040,-1,7.0,0.9173,18.346,1046,0.8259,2
66.5200,20.00,0.4040,-1,10.5,0.9173,18.346,1046,0.8259,2
66.5400,20.00,0.4040,-1,30.5,0.9173,18.346,1046,0.8259,2
66.5600,20.00,0.4040,-1,9.6,0.9173,18.346,1046,0.8259,2
66.5800,20.00,0.4040,-1,13.1,0.9173,18.346,1046,0.8259,2
66.6000,20.00,0.4040,-1,12.7,0.9173,18.346,1046,0.8259,2
66.6200,20.00,0.4040,-1,8.1,0.9173,18.346,1046,0.8259,2
66.6400,20.00,0.4040,-1,11.7,0.9173,18.346,1046,0.8259,2
66.6600,20.00,0.4040,-1,7.2,0.9173,18.346,1046,0.8259,2
66.6800,20.00,0.4040,-1,27.2,0.9173,18.346,1046,0.8259,2
66.7000,20.00,0.4040,-1,47.2,0.9173,18.346,1046,0.8259,2
66.7200,20.00,0.4040,-1,67.2,0.9173,18.346,1046,0.8259,2
66.7400,20.00,0.4040,-1,87.2,0.9173,18.346,1046,0.8259,2
66.7600,20.00,0.4040,-1,8.8,0.9173,18.346,1046,0.8259,2
66.7800,20.00,0.4040,-1,8.4,0.9173,18.346,1046,0.8259,2
66.8000,20.00,0.4040,-1,7.9,0.9173,18.346,1046,0.8259,2
66.8200,20.00,0.4040,-1,27.9,0.9173,18.346,1046,0.8259,2
66.8400,20.00,0.4040,-1,11.0,0.9173,18.346,1046,0.8259,2
66.8600,20.00,0.4040,-1,31.0,0.9173,18.346,1046,0.8259,2
66.8800,20.00,0.4040,-1,51.0,0.9173,18.346,1046,0.8259,2
66.9000,20.00,0.4040,-1,71.0,0.9173,18.346,1046,0.8259,2
66.9200,20.00,0.4040,-1,91.0,0.9173,18.346,1046,0.8259,2
66.9400,20.00,0.4040,-1,111.0,0.9173,18.346,1046,0.8259,2
66.9600,20.00,0.4040,-1,8.1,0.9173,18.346,1046,0.8259,2
66.9800,20.02,0.4040,-1,7.8,0.9173,18.346,1046,0.8259,2
67.0000,19.98,0.4040,-1,27.7,0.9173,18.346,1046,0.8259,2
67.0200,20.00,0.4040,-1,47.7,0.9173,18.346,1046,0.8259,2
67.0400,20.00,0.4040,-1,67.7,0.9173,18.346,1046,0.8259,2
67.0600,20.00,0.4040,-1,87.7,0.9173,18.346,1046,0.8259,2
67.0800,19.99,0.4040,-1,107.7,0.9173,18.346,1046,0.8259,2
67.1000,20.00,0.4040,-1,127.7,0.9173,18.346,1046,0.8259,2
67.1200,20.00,0.4040,-1,8.4,0.9173,18.346,1046,0.8259,2
67.1400,20.00,0.4040,-1,28.4,0.9173,18.346,1046,0.8259,2
67.1600,20.00,0.4040,-1,48.4,0.9173,18.346,1046,0.8259,2
67.1800,20.00,0.4040,-1,68.4,0.9173,18.346,1046,0.8259,2
67.2000,20.00,0.4040,-1,88.4,0.9173,18.346,1046,0.8259,2
67.2200,20.00,0.4040,-1,108.4,0.9173,18.346,1046,0.8259,2
67.2400,20.00,0.4040,-1,128.4,0.9173,18.346,1046,0.8259,2
67.2600,20.00,0.4040,-1,148.4,0.9173,18.346,1046,0.8259,2
67.2800,20.00,0.4040,-1,168.4,0.9173,18.346,1046,0.8259,2
67.3000,20.00,0.4040,-1,8.2,0.9173,18.346,1046,0.8259,2
67.3200,20.00,0.4040,-1,28.2,0.9173,18.346,1046,0.8259,2
67.3400,20.00,0.4040,-1,48.2,0.9173,18.346,1046,0.8259,2
67.3600,20.00,0.4040,-1,68.2,0.9173,18.346,1046,0.8259,2
67.3800,20.00,0.4040,-1,88.2,0.9173,18.346,1046,0.8259,2
67.4000,20.00,0.4040,-1,108.2,0.9173,18.346,1046,0.8259,2
67.4200,20.00,0.4040,-1,128.2,0.9173,18.346,1046,0.8259,2
67.4400,20.00,0.4040,-1,148.2,0.9173,18.346,1046,0.8259,2
67.4600,20.00,0.4040,-1,168.2,0.9173,18.346,1046,0.8259,2
67.4800,20.00,0.4040,-1,188.2,0.9173,18.346,1046,0.8259,2
67.5000,20.01,0.4040,-1,7.5,0.9173,18.346,1046,0.8259,2
67.5200,20.00,0.4040,-1,19.1,0.9173,18.346,1046,0.8259,2
67.5400,20.00,0.4040,-1,39.1,0.9173,18.346,1046,0.8259,2
67.5600,20.00,0.4040,-1,10.1,0.9173,18.346,1046,0.8259,2
67.5800,20.00,0.4040,-1,17.9,0.9173,18.346,1046,0.8259,2
67.6000,20.00,0.4040,-1,37.9,0.9173,18.346,1046,0.8259,2
67.6200,19.99,0.4040,-1,57.9,0.9173,18.346,1046,0.8259,2
67.6400,20.00,0.4040,-1,77.9,0.9173,18.346,1046,0.8259,2
67.6600,20.00,0.4040,-1,97.9,0.9173,18.346,1046,0.8259,2
67.6800,20.00,0.4040,-1,117.9,0.9173,18.346,1046,0.8259,2
67.7000,20.00,0.4040,-1,137.9,0.9173,18.346,1046,0.8259,2
67.7200,20.00,0.4040,-1,157.9,0.9173,18.346,1046,0.8259,2
67.7400,20.00,0.4040,-1,9.8,0.9173,18.346,1046,0.8259,2
67.7600,20.00,0.4040,-1,29.8,0.9173,18.346,1046,0.8259,2
67.7800,20.00,0.4040,-1,49.8,0.9173,18.346,1046,0.8259,2
67.8000,20.00,0.4040,-1,69.8,0.9173,18.346,1046,0.8259,2
67.8200,20.00,0.4040,-1,8.0,0.9173,18.346,1046,0.8259,2
67.8400,20.00,0.4040,-1,28.0,0.9173,18.346,1046,0.8259,2
67.8600,20.00,0.4040,-1,7.0,0.9173,18.346,1046,0.8259,2
67.8800,20.00,0.4040,-1,27.0,0.9173,18.346,1046,0.8259,2
67.9000,20.00,0.4040,-1,47.0,0.9173,18.346,1046,0.8259,2
67.9200,20.00,0.4040,-1,9.7,0.9173,18.346,1046,0.8259,2
67.9400,20.00,0.4040,-1,9.2,0.9173,18.346,1046,0.8259,2
67.9600,20.00,0.4040,-1,4.8,0.9173,18.346,1046,0.8259,2
67.9800,20.00,0.4040,-1,24.8,0.9173,18.346,1046,0.8259,2
68.0000,20.00,0.4040,-1,44.8,0.9173,18.346,1046,0.8259,2
68.0200,19.99,0.4040,-1,11.4,0.9173,18.346,1046,0.8259,2
68.0400,20.00,0.4040,-1,11.0,0.9173,18.346,1046,0.8259,2
68.0600,20.00,0.4040,-1,10.4,0.9173,18.346,1046,0.8259,2
68.0800,20.00,0.4040,-1,10.0,0.9173,18.346,1046,0.8259,2
68.1000,20.00,0.4040,-1,9.5,0.9173,18.346,1046,0.8259,2
68.1200,20.00,0.4040,-1,9.0,0.9173,18.346,1046,0.8259,2
68.1400,20.00,0.4040,-1,8.7,0.9173,18.346,1046,0.8259,2
68.1600,20.00,0.4040,-1,12.2,0.9173,18.346,1046,0.8259,2
68.1800,20.00,0.4040,-1,11.7,0.9173,18.346,1046,0.8259,2
68.2000,20.00,0.4040,-1,11.1,0.9173,18.346,1046,0.8259,2
68.2200,20.00,0.4040,-1,10.8,0.9173,18.346,1046,0.8259,2
68.2400,20.01,0.4040,-1,10.2,0.9173,18.346,1046,0.8259,2
68.2600,20.00,0.4040,-1,9.8,0.9173,18.346,1046,0.8259,2
68.2800,20.00,0.4040,-1,9.3,0.9173,18.346,1046,0.8259,2
68.3000,20.00,0.4040,-1,8.8,0.9173,18.346,1046,0.8259,2
68.3200,20.00,0.4040,-1,8.5,0.9173,18.346,1046,0.8259,2
68.3400,20.00,0.4040,-1,12.0,0.9173,18.346,1046,0.8259,2
68.3600,20.00,0.4040,-1,11.5,0.9173,18.346,1046,0.8259,2
68.3800,20.00,0.4040,-1,11.0,0.9173,18.346,1046,0.8259,2
68.4000,20.00,0.4040,-1,10.6,0.9173,18.346,1046,0.8259,2
68.4200,20.00,0.4040,-1,10.1,0.9173,18.346,1046,0.8259,2
68.4400,20.00,0.4040,-1,9.6,0.9173,18.346,1046,0.8259,2
68.4600,20.00,0.4040,-1,9.1,0.9173,18.346,1046,0.8259,2
68.4800,20.00,0.4040,-1,8.6,0.9173,18.346,1046,0.8259,2
68.5000,20.00,0.4040,-1,8.2,0.9173,18.346,1046,0.8259,2
68.5200,20.00,0.4040,-1,11.8,0.9173,18.346,1046,0.8259,2
68.5400,20.00,0.4040,-1,11.3,0.9173,18.346,1046,0.8259,2
68.5600,20.00,0.4040,-1,10.8,0.9173,18.346,1046,0.8259,2
68.5800,20.00,0.4040,-1,6.4,0.9173,18.346,1046,0.8259,2
68.6000,20.00,0.4040,-1,9.9,0.9173,18.346,1046,0.8259,2
68.6200,20.00,0.4040,-1,29.9,0.9173,18.346,1046,0.8259,2
68.6400,20.01,0.4040,-1,9.0,0.9173,18.346,1046,0.8259,2
68.6600,20.00,0.4040,-1,8.5,0.9173,18.346,1046,0.8259,2
68.6800,20.00,0.4040,-1,12.0,0.9173,18.346,1046,0.8259,2
68.7000,20.00,0.4040,-1,11.6,0.9173,18.346,1046,0.8259,2
68.7200,20.00,0.4040,-1,11.1,0.9173,18.346,1046,0.8259,2
68.7400,20.00,0.4040,-1,10.6,0.9173,18.346,1046,0.8259,2
68.7600,20.00,0.4040,-1,10.1,0.9173,18.346,1046,0.8259,2
68.7800,20.00,0.4040,-1,30.1,0.9173,18.346,1046,0.8259,2
68.8000,20.00,0.4040,-1,9.2,0.9173,18.346,1046,0.8259,2
68.8200,20.00,0.4040,-1,8.8,0.9173,18.346,1046,0.8259,2
68.8400,20.00,0.4040,-1,8.1,0.9173,18.346,1046,0.8259,2
68.8600,20.00,0.4040,-1,28.1,0.9173,18.346,1046,0.8259,2
68.8800,20.00,0.4040,-1,11.2,0.9173,18.346,1046,0.8259,2
68.9000,20.00,0.4040,-1,31.2,0.9173,18.346,1046,0.8259,2
68.9200,20.00,0.4040,-1,10.3,0.9173,18.346,1046,0.8259,2
68.9400,20.00,0.4040,-1,30.3,0.9173,18.346,1046,0.8259,2
68.9600,20.00,0.4040,-1,9.6,0.9173,18.346,1046,0.8259,2
68.9800,20.01,0.4040,-1,29.6,0.9173,18.346,1046,0.8259,2
69.0000,20.00,0.4040,-1,8.7,0.9173,18.346,1046,0.8259,2
69.0200,20.00,0.4040,-1,28.7,0.9173,18.346,1046,0.8259,2
69.0400,20.00,0.4040,-1,48.7,0.9173,18.346,1046,0.8259,2
69.0600,20.00,0.4040,-1,11.1,0.9173,18.346,1046,0.8259,2
69.0800,20.00,0.4040,-1,31.1,0.9173,18.346,1046,0.8259,2
69.1000,20.00,0.4040,-1,51.1,0.9173,18.346,1046,0.8259,2
69.1200,20.00,0.4040,-1,9.7,0.9173,18.346,1046,0.8259,2
69.1400,20.00,0.4040,-1,29.7,0.9173,18.346,1046,0.8259,2
69.1600,20.00,0.4040,-1,49.7,0.9173,18.346,1046,0.8259,2
69.1800,20.00,0.4040,-1,8.4,0.9173,18.346,1046,0.8259,2
69.2000,20.00,0.4040,-1,28.4,0.9173,18.346,1046,0.8259,2
69.2200,20.00,0.4040,-1,48.4,0.9173,18.346,1046,0.8259,2
69.2400,20.00,0.4040,-1,68.4,0.9173,18.346,1046,0.8259,2
69.2600,20.00,0.4040,-1,88.4,0.9173,18.346,1046,0.8259,2
69.2800,20.00,0.4040,-1,10.0,0.9173,18.346,1046,0.8259,2
69.3000,20.00,0.4040,-1,30.0,0.9173,18.346,1046,0.8259,2
69.3200,20.00,0.4040,-1,9.0,0.9173,18.346,1046,0.8259,2
69.3400,19.99,0.4040,-1,8.6,0.9173,18.346,1046,0.8259,2
69.3600,20.00,0.4040,-1,28.6,0.9173,18.346,1046,0.8259,2
69.3800,20.00,0.4040,-1,11.7,0.9173,18.346,1046,0.8259,2
69.4000,20.01,0.4040,-1,31.7,0.9173,18.346,1046,0.8259,2
69.4200,19.99,0.4040,-1,10.6,0.9173,18.346,1046,0.8259,2
69.4400,20.00,0.4040,-1,30.6,0.9173,18.346,1046,0.8259,2
69.4600,20.00,0.4040,-1,9.7,0.9173,18.346,1046,0.8259,2
69.4800,20.00,0.4040,-1,29.7,0.9173,18.346,1046,0.8259,2
69.5000,20.00,0.4040,-1,49.7,0.9173,18.346,1046,0.8259,2
69.5200,20.00,0.4040,-1,69.7,0.9173,18.346,1046,0.8259,2
69.5400,20.00,0.4040,-1,89.7,0.9173,18.346,1046,0.8259,2
69.5600,20.00,0.4040,-1,7.5,0.9173,18.346,1046,0.8259,2
69.5800,20.00,0.4040,-1,27.5,0.9173,18.346,1046,0.8259,2
69.6000,20.00,0.4040,-1,47.5,0.9173,18.346,1046,0.8259,2
69.6200,20.00,0.4040,-1,10.1,0.9173,18.346,1046,0.8259,2
69.6400,20.00,0.4040,-1,9.5,0.9173,18.346,1046,0.8259,2
69.6600,20.00,0.4040,-1,9.1,0.9173,18.346,1046,0.8259,2
69.6800,20.00,0.4040,-1,29.1,0.9173,18.346,1046,0.8259,2
69.7000,20.00,0.4040,-1,12.2,0.9173,18.346,1046,0.8259,2
69.7200,20.00,0.4040,-1,11.8,0.9173,18.346,1046,0.8259,2
69.7400,20.00,0.4040,-1,11.2,0.9173,18.346,1046,0.8259,2
69.7600,20.00,0.4040,-1,10.8,0.9173,18.346,1046,0.8259,2
69.7800,20.00,0.4040,-1,10.4,0.9173,18.346,1046,0.8259,2
69.8000,20.00,0.4040,-1,13.9,0.9173,18.346,1046,0.8259,2
69.8200,20.00,0.4040,-1,13.4,0.9173,18.346,1046,0.8259,2
69.8400,20.00,0.4040,-1,12.9,0.9173,18.346,1046,0.8259,2
69.8600,20.00,0.4040,-1,12.5,0.9173,18.346,1046,0.8259,2
69.8800,20.00,0.4040,-1,12.0,0.9173,18.346,1046,0.8259,2
69.9000,20.00,0.4040,-1,11.6,0.9173,18.346,1046,0.8259,2
69.9200,20.00,0.4040,-1,11.1,0.9173,18.346,1046,0.8259,2
69.9400,20.00,0.4040,-1,10.6,0.9173,18.346,1046,0.8259,2
69.9600,20.00,0.4040,-1,30.6,0.9173,18.346,1046,0.8259,2
69.9800,20.00,0.4040,-1,50.6,0.9173,18.346,1046,0.8259,2
70.0000,20.00,0.4040,-1,70.6,0.9173,18.346,1046,0.8259,2
70.0200,20.00,0.4040,-1,90.6,0.9173,18.346,1046,0.8259,2
70.0400,20.00,0.4040,-1,110.6,0.9173,18.346,1046,0.8259,2
70.0600,20.00,0.4040,-1,130.6,0.9173,18.346,1046,0.8259,2
70.0800,20.00,0.4040,-1,150.6,0.9173,18.346,1046,0.8259,2
70.1000,20.00,0.4040,-1,170.6,0.9173,18.346,1046,0.8259,2
70.1200,20.00,0.4040,-1,190.6,0.9173,18.346,1046,0.8259,2
70.1400,20.00,0.4040,-1,210.6,0.9173,18.346,1046,0.8259,2
70.1600,20.00,0.4040,-1,230.6,0.9173,18.346,1046,0.8259,2
70.1800,20.00,0.4040,-1,250.6,0.9173,18.346,1046,0.8259,2
70.2000,20.00,0.4040,-1,270.6,0.9173,18.346,1046,0.8259,2
70.2200,20.00,0.4040,-1,290.6,0.9173,18.346,1046,0.8259,2
70.2400,20.00,0.4040,-1,310.6,0.9173,18.346,1046,0.8259,2
70.2600,20.00,0.4040,-1,11.1,0.9173,18.346,1046,0.8259,2
70.2800,20.00,0.4040,-1,31.1,0.9173,18.346,1046,0.8259,2
70.3000,20.00,0.4040,-1,10.2,0.9173,18.346,1046,0.8259,2
70.3200,20.00,0.4040,-1,30.2,0.9173,18.346,1046,0.8259,2
70.3400,20.00,0.4040,-1,13.3,0.9173,18.346,1046,0.8259,2
70.3600,20.00,0.4040,-1,12.8,0.9173,18.346,1046,0.8259,2
70.3800,20.00,0.4040,-1,32.8,0.9173,18.346,1046,0.8259,2
70.4000,20.00,0.4040,-1,52.8,0.9173,18.346,1046,0.8259,2
70.4200,20.00,0.4040,-1,72.8,0.9173,18.346,1046,0.8259,2
70.4400,20.00,0.4040,-1,11.0,0.9173,18.346,1046,0.8259,2
70.4600,20.00,0.4040,-1,10.5,0.9173,18.346,1046,0.8259,2
70.4800,20.00,0.4040,-1,10.0,0.9173,18.346,1046,0.8259,2
70.5000,20.00,0.4040,-1,30.0,0.9173,18.346,1046,0.8259,2
70.5200,20.00,0.4040,-1,50.0,0.9173,18.346,1046,0.8259,2
70.5400,20.00,0.4040,-1,12.6,0.9173,18.346,1046,0.8259,2
70.5600,20.00,0.4040,-1,32.6,0.9173,18.346,1046,0.8259,2
70.5800,20.00,0.4040,-1,11.7,0.9173,18.346,1046,0.8259,2
70.6000,20.00,0.4040,-1,31.7,0.9173,18.346,1046,0.8259,2
70.6200,20.00,0.4040,-1,10.8,0.9173,18.346,1046,0.8259,2
70.6400,20.00,0.4040,-1,30.8,0.9173,18.346,1046,0.8259,2
70.6600,20.00,0.4040,-1,9.8,0.9173,18.346,1046,0.8259,2
70.6800,20.00,0.4040,-1,29.8,0.9173,18.346,1046,0.8259,2
70.7000,20.00,0.4040,-1,49.8,0.9173,18.346,1046,0.8259,2
70.7200,20.00,0.4040,-1,12.4,0.9173,18.346,1046,0.8259,2
70.7400,20.00,0.4040,-1,32.4,0.9173,18.346,1046,0.8259,2
70.7600,20.00,0.4040,-1,52.4,0.9173,18.346,1046,0.8259,2
70.7800,20.00,0.4040,-1,11.1,0.9173,18.346,1046,0.8259,2
70.8000,20.00,0.4040,-1,31.1,0.9173,18.346,1046,0.8259,2
70.8200,20.00,0.4040,-1,10.1,0.9173,18.346,1046,0.8259,2
70.8400,20.00,0.4040,-1,30.1,0.9173,18.346,1046,0.8259,2
70.8600,20.00,0.4040,-1,50.1,0.9173,18.346,1046,0.8259,2
70.8800,20.00,0.4040,-1,12.7,0.9173,18.346,1046,0.8259,2
70.9000,20.00,0.4040,-1,12.2,0.9173,18.346,1046,0.8259,2
70.9200,20.00,0.4040,-1,32.2,0.9173,18.346,1046,0.8259,2
70.9400,20.00,0.4040,-1,52.2,0.9173,18.346,1046,0.8259,2
70.9600,20.00,0.4040,-1,72.2,0.9173,18.346,1046,0.8259,2
70.9800,20.00,0.4040,-1,10.4,0.9173,18.346,1046,0.8259,2
71.0000,20.00,0.4040,-1,30.4,0.9173,18.346,1046,0.8259,2
71.0200,20.00,0.4040,-1,9.4,0.9173,18.346,1046,0.8259,2
71.0400,20.00,0.4040,-1,29.4,0.9173,18.346,1046,0.8259,2
71.0600,20.00,0.4040,-1,49.4,0.9173,18.346,1046,0.8259,2
71.0800,20.00,0.4040,-1,69.4,0.9173,18.346,1046,0.8259,2
71.1000,20.00,0.4040,-1,11.5,0.9173,18.346,1046,0.8259,2
71.1200,20.00,0.4040,-1,31.5,0.9173,18.346,1046,0.8259,2
71.1400,20.00,0.4040,-1,10.5,0.9173,18.346,1046,0.8259,2
71.1600,20.00,0.4040,-1,10.1,0.9173,18.346,1046,0.8259,2
